ell_s_over_lc,vT_over_lc,rstar_numeric,rstar_theory,abs_error,radius_step
0.049999999999999996,0.1,0.0,0.0,0.0,0.0016
0.049999999999999996,0.1077479145475366,0.0032,0.0035094343446382455,0.0003094343446382454,0.0016
0.049999999999999996,0.11609613089343249,0.008,0.007263409619229818,0.0007365903807701824,0.0016
0.049999999999999996,0.12509115990805186,0.0112,0.011276941799300715,7.694179930071467e-05,0.0016
0.049999999999999996,0.1347831160842501,0.016,0.01556568285956248,0.000434317140437521,0.0016
0.049999999999999996,0.14522599674296482,0.020800000000000003,0.020145907396839434,0.0006540926031605686,0.0016
0.049999999999999996,0.15647798287141804,0.0256,0.02503449248957051,0.0005655075104294902,0.0016
0.049999999999999996,0.1686017632700044,0.0304,0.030248890103303047,0.00015110989669695277,0.0016
0.049999999999999996,0.18166488381380433,0.0352,0.035807091374640325,0.0006070913746403228,0.0016
0.049999999999999996,0.19574012377457947,0.041600000000000005,0.041727582149900536,0.00012758214990053057,0.0016
0.049999999999999996,0.21090590129987632,0.048,0.04802928922220744,2.9289222207441734e-05,0.0016
0.049999999999999996,0.22724671030830257,0.054400000000000004,0.05473151680446811,0.00033151680446810716,0.0016
0.049999999999999996,0.24485359123507788,0.062400000000000004,0.061853872897842735,0.0005461271021572692,0.0016
0.049999999999999996,0.26382463825054625,0.0688,0.06941618536719796,0.0006161853671979578,0.0016
0.049999999999999996,0.28426554577754615,0.07680000000000001,0.07743840771707691,0.0006384077170769054,0.0016
0.049999999999999996,0.3062901973524789,0.0864,0.08594051477299205,0.0004594852270079497,0.0016
0.049999999999999996,0.3300213001108302,0.0944,0.09494238871101089,0.0005423887110108938,0.0016
0.049999999999999996,0.3555910684320866,0.10400000000000001,0.10446369613958743,0.0004636961395874245,0.0016
0.049999999999999996,0.3831419605528771,0.11520000000000001,0.1145237572155313,0.0006762427844687058,0.0016
0.049999999999999996,0.41282747225227034,0.12480000000000001,0.12514140806317509,0.00034140806317507766,0.0016
0.049999999999999996,0.4448129920311316,0.136,0.13633485805271908,0.00033485805271907254,0.0016
0.049999999999999996,0.47927672255004444,0.14880000000000002,0.1481215437693779,0.0006784562306221265,0.0016
0.049999999999999996,0.516410673459456,0.16,0.16051798175715612,0.0005179817571561163,0.0016
0.049999999999999996,0.5564217311534528,0.1728,0.1735396223370338,0.0007396223370337851,0.0016
0.049999999999999996,0.5995328114071461,0.1872,0.18720070696632923,7.069663292280648e-07,0.0016
0.049999999999999996,0.6459841013194154,0.2016,0.20151413171210295,8.586828789705625e-05,0.0016
0.049999999999999996,0.696034397480316,0.216,0.21649131944646208,0.0004913194464620796,0.0016
0.049999999999999996,0.7499625478185521,0.232,0.2321421033277731,0.00014210332777309098,0.0016
0.049999999999999996,0.8080690051620618,0.248,0.24847462400463577,0.0004746240046357708,0.0016
0.049999999999999996,0.8706775011671474,0.2656,0.2654952427683621,0.00010475723163788642,0.0016
0.049999999999999996,0.9381368499422049,0.2832,0.2832084725882319,8.472588231889233e-06,0.0016
0.049999999999999996,1.0108228914146788,0.3024,0.3016169285998212,0.0007830714001788031,0.0016
0.049999999999999996,1.0891405852684266,0.32,0.3207212991921591,0.000721299192159075,0.0016
0.049999999999999996,1.173526267117564,0.3408,0.3405203383698107,0.00027966163018927626,0.0016
0.049999999999999996,1.264450079486729,0.36160000000000003,0.3610108795693494,0.0005891204306506248,0.0016
0.049999999999999996,1.3624185911416191,0.3824,0.38218787060584214,0.00021212939415787835,0.0016
0.049999999999999996,1.467977619363024,0.4048,0.4040444289341461,0.0007555710658538883,0.0016
0.049999999999999996,1.581715270888233,0.4272,0.4265719159514027,0.0006280840485973216,0.0016
0.049999999999999996,1.7042652184619906,0.4496,0.44976002865861614,0.00016002865861614035,0.0016
0.049999999999999996,1.836310231251813,0.4736,0.4735969066550781,3.093344921933916e-06,0.0016
0.049999999999999996,1.9785859787968756,0.49760000000000004,0.49806925217050835,0.00046925217050830526,0.0016
0.049999999999999996,2.1318851296835977,0.5232,0.5231624606527024,3.7539347297554926e-05,0.0016
0.049999999999999996,2.297061767783123,0.5488000000000001,0.5488607593256092,6.0759325609116566e-05,0.0016
0.049999999999999996,2.475036150655092,0.5744,0.5751473511122663,0.0007473511122663146,0.0016
0.049999999999999996,2.6667998366284884,0.6016,0.6020045613734555,0.00040456137345545873,0.0016
0.049999999999999996,2.8734212091243085,0.6288,0.6294139850377334,0.0006139850377333556,0.0016
0.049999999999999996,3.0960514289980536,0.6576000000000001,0.6573566318808926,0.0002433681191075232,0.0016
0.049999999999999996,3.3359308480646077,0.6864,0.6858130679406306,0.0005869320593694383,0.0016
0.049999999999999996,3.5943959195375657,0.7152000000000001,0.7147635513124838,0.0004364486875162443,0.0016
0.049999999999999996,3.8728866438834793,0.744,0.7441881608531691,0.0001881608531690837,0.0016
0.049999999999999996,4.172954591574528,0.7744000000000001,0.7740669166055525,0.0003330833944475975,0.0016
0.049999999999999996,4.496271547437228,0.8048000000000001,0.8043798910448626,0.00042010895513744373,0.0016
0.049999999999999996,4.844638824757865,0.8352,0.8351073105195201,9.268948047991277e-05,0.0016
0.049999999999999996,5.219997301036887,0.8656,0.8662296465148849,0.0006296465148848407,0.0016
0.049999999999999996,5.62443823130494,0.8976000000000001,0.8977276965989562,0.0001276965989561729,0.0016
0.049999999999999996,6.060214899245428,0.9296000000000001,0.9295826551120868,1.7344887913273155e-05,0.0016
0.049999999999999996,6.529755171036042,0.9616,0.9617761738361287,0.000176173836128668,0.0016
0.049999999999999996,7.035675021851269,0.9936,0.994290413021667,0.0006904130216669468,0.0016
0.049999999999999996,7.58079311038668,1.0272000000000001,1.0271080832657522,9.191673424790991e-05,0.0016
0.049999999999999996,8.168146482604984,1.0608,1.0602124788184741,0.0005875211815258297,0.0016
0.049999999999999996,8.801007492194831,1.0928,1.0935875029570494,0.0007875029570494352,0.0016
0.049999999999999996,9.482902032012383,1.1280000000000001,1.1272176861036174,0.0007823138963827247,0.0016
0.049999999999999996,10.217629178079317,1.1616,1.1610881973805358,0.0005118026194641523,0.0016
0.049999999999999996,11.009282355581066,1.1952,1.195184850297788,1.5149702212058358e-05,0.0016
0.049999999999999996,11.862272144788507,1.2288000000000001,1.229494103254026,0.0006941032540259684,0.0016
0.049999999999999996,12.781350853962953,1.264,1.264003055508705,3.05550870494109e-06,0.0016
0.049999999999999996,13.77163899614884,1.2992000000000001,1.2986994392502391,0.0005005607497610143,0.0016
0.049999999999999996,14.838653817365689,1.3328,1.333571608346499,0.0007716083464990309,0.0016
0.049999999999999996,15.988340035139956,1.368,1.3686085243212571,0.0006085243212570202,0.0016
0.049999999999999996,17.227102958632177,1.4032,1.4037997400551492,0.0005997400551491783,0.0016
0.049999999999999996,18.56184417488314,1.4384000000000001,1.4391353816637362,0.000735381663736101,0.0016
0.049999999999999996,20.000000000000004,1.4752,1.4746061289595491,0.000593871040450944,0.0016
0.05355755600467134,0.1,0.0,0.0,0.0,0.0016
0.05355755600467134,0.1077479145475366,0.0,0.000285707309131426,0.000285707309131426,0.0016
0.05355755600467134,0.11609613089343249,0.0048000000000000004,0.004039682583723048,0.0007603174162769521,0.0016
0.05355755600467134,0.12509115990805186,0.008,0.008053214763793903,5.321476379390247e-05,0.0016
0.05355755600467134,0.1347831160842501,0.0128,0.012341955824055586,0.00045804417594441475,0.0016
0.05355755600467134,0.14522599674296482,0.0176,0.01692218036133257,0.0006778196386674311,0.0016
0.05355755600467134,0.15647798287141804,0.0224,0.0218107654540637,0.0005892345459363006,0.0016
0.05355755600467134,0.1686017632700044,0.027200000000000002,0.027025163067796284,0.00017483693220371813,0.0016
0.05355755600467134,0.18166488381380433,0.032,0.03258336433913339,0.0005833643391333909,0.0016
0.05355755600467134,0.19574012377457947,0.038400000000000004,0.03850385511439372,0.00010385511439371664,0.0016
0.05355755600467134,0.21090590129987632,0.0448,0.04480556218670058,5.56218670057923e-06,0.0016
0.05355755600467134,0.22724671030830257,0.0512,0.05150778976896135,0.00030778976896134874,0.0016
0.05355755600467134,0.24485359123507788,0.0592,0.05863014586233587,0.0005698541376641317,0.0016
0.05355755600467134,0.26382463825054625,0.0656,0.06619245833169113,0.000592458331691123,0.0016
0.05355755600467134,0.28426554577754615,0.0736,0.07421468068157008,0.0006146806815700845,0.0016
0.05355755600467134,0.3062901973524789,0.08320000000000001,0.08271678773748524,0.00048321226251477056,0.0016
0.05355755600467134,0.3300213001108302,0.0912,0.0917186616755041,0.0005186616755041007,0.0016
0.05355755600467134,0.3555910684320866,0.1008,0.10123996910408053,0.00043996910408053425,0.0016
0.05355755600467134,0.3831419605528771,0.112,0.11130003018002439,0.0006999698199756099,0.0016
0.05355755600467134,0.41282747225227034,0.1216,0.12191768102766833,0.0003176810276683262,0.0016
0.05355755600467134,0.4448129920311316,0.1328,0.13311113101721223,0.0003111310172122239,0.0016
0.05355755600467134,0.47927672255004444,0.1456,0.1448978167338711,0.0007021832661289196,0.0016
0.05355755600467134,0.516410673459456,0.1568,0.15729425472164926,0.0004942547216492676,0.0016
0.05355755600467134,0.5564217311534528,0.1696,0.17031589530152702,0.0007158953015270197,0.0016
0.05355755600467134,0.5995328114071461,0.184,0.1839769799308224,2.3020069177592806e-05,0.0016
0.05355755600467134,0.6459841013194154,0.19840000000000002,0.19829040467659612,0.00010959532340390488,0.0016
0.05355755600467134,0.696034397480316,0.21280000000000002,0.21326759241095516,0.0004675924109551477,0.0016
0.05355755600467134,0.7499625478185521,0.2288,0.22891837629226622,0.0001183762922662146,0.0016
0.05355755600467134,0.8080690051620618,0.24480000000000002,0.24525089696912894,0.0004508969691289222,0.0016
0.05355755600467134,0.8706775011671474,0.2624,0.26227151573285534,0.00012848426714467953,0.0016
0.05355755600467134,0.9381368499422049,0.28,0.27998474555272507,1.5254447274959393e-05,0.0016
0.05355755600467134,1.0108228914146788,0.29760000000000003,0.2983932015643144,0.0007932015643143941,0.0016
0.05355755600467134,1.0891405852684266,0.3168,0.3174975721566522,0.0006975721566521709,0.0016
0.05355755600467134,1.173526267117564,0.3376,0.3372966113343039,0.0003033886656961249,0.0016
0.05355755600467134,1.264450079486729,0.3584,0.35778715253384263,0.0006128474661573624,0.0016
0.05355755600467134,1.3624185911416191,0.37920000000000004,0.37896414357033537,0.00023585642966467146,0.0016
0.05355755600467134,1.467977619363024,0.4016,0.4008207018986393,0.000779298101360737,0.0016
0.05355755600467134,1.581715270888233,0.42400000000000004,0.4233481889158959,0.0006518110841041702,0.0016
0.05355755600467134,1.7042652184619906,0.4464,0.4465363016231093,0.00013630162310929173,0.0016
0.05355755600467134,1.836310231251813,0.47040000000000004,0.4703731796195712,2.6820380428838053e-05,0.0016
0.05355755600467134,1.9785859787968756,0.4944,0.4948455251350015,0.00044552513500151214,0.0016
0.05355755600467134,2.1318851296835977,0.52,0.5199387336171957,6.126638280434804e-05,0.0016
0.05355755600467134,2.297061767783123,0.5456,0.5456370322901023,3.703229010232345e-05,0.0016
0.05355755600467134,2.475036150655092,0.5712,0.5719236240767595,0.0007236240767594104,0.0016
0.05355755600467134,2.6667998366284884,0.5984,0.5987808343379486,0.0003808343379485546,0.0016
0.05355755600467134,2.8734212091243085,0.6256,0.6261902580022265,0.0005902580022264514,0.0016
0.05355755600467134,3.0960514289980536,0.6544,0.6541329048453857,0.0002670951546143163,0.0016
0.05355755600467134,3.3359308480646077,0.6832,0.6825893409051238,0.0006106590948762314,0.0016
0.05355755600467134,3.5943959195375657,0.7120000000000001,0.7115398242769769,0.00046017572302314846,0.0016
0.05355755600467134,3.8728866438834793,0.7408,0.7409644338176622,0.00016443381766217957,0.0016
0.05355755600467134,4.172954591574528,0.7712,0.7708431895700456,0.0003568104299543906,0.0016
0.05355755600467134,4.496271547437228,0.8016000000000001,0.8011561640093557,0.00044383599064434787,0.0016
0.05355755600467134,4.844638824757865,0.8320000000000001,0.8318835834840134,0.00011641651598670588,0.0016
0.05355755600467134,5.219997301036887,0.8624,0.863005919479378,0.0006059194793779366,0.0016
0.05355755600467134,5.62443823130494,0.8944000000000001,0.8945039695634494,0.00010396956344926878,0.0016
0.05355755600467134,6.060214899245428,0.9264,0.92635892807658,4.107192341995525e-05,0.0016
0.05355755600467134,6.529755171036042,0.9584,0.9585524468006219,0.00015244680062187488,0.0016
0.05355755600467134,7.035675021851269,0.9904000000000001,0.9910666859861602,0.0006666859861601537,0.0016
0.05355755600467134,7.58079311038668,1.024,1.0238843562302453,0.00011564376975470303,0.0016
0.05355755600467134,8.168146482604984,1.0576,1.0569887517829673,0.0006112482170328448,0.0016
0.05355755600467134,8.801007492194831,1.0896000000000001,1.0903637759215428,0.0007637759215426421,0.0016
0.05355755600467134,9.482902032012383,1.1232,1.1239939590681105,0.000793959068110528,0.0016
0.05355755600467134,10.217629178079317,1.1584,1.157864470345029,0.0005355296549711674,0.0016
0.05355755600467134,11.009282355581066,1.192,1.191961123262281,3.887673771885147e-05,0.0016
0.05355755600467134,11.862272144788507,1.2256,1.2262703762185192,0.0006703762185191753,0.0016
0.05355755600467134,12.781350853962953,1.2608000000000001,1.2607793284731983,2.0671526801852025e-05,0.0016
0.05355755600467134,13.77163899614884,1.296,1.2954757122147322,0.0005242877852678074,0.0016
0.05355755600467134,14.838653817365689,1.3296000000000001,1.3303478813109921,0.0007478813109920157,0.0016
0.05355755600467134,15.988340035139956,1.3648,1.3653847972857502,0.000584797285750227,0.0016
0.05355755600467134,17.227102958632177,1.4000000000000001,1.4005760130196423,0.0005760130196421631,0.0016
0.05355755600467134,18.56184417488314,1.4352,1.4359116546282293,0.0007116546282293079,0.0016
0.05355755600467134,20.000000000000004,1.472,1.4713824019240422,0.0006175980759577371,0.0016
0.057368236103870124,0.1,0.0,0.0,0.0,0.0016
0.057368236103870124,0.1077479145475366,0.0,0.0,0.0,0.0016
0.057368236103870124,0.11609613089343249,0.0,0.0006094849304965795,0.0006094849304965795,0.0016
0.057368236103870124,0.12509115990805186,0.0048000000000000004,0.004623017110567521,0.00017698288943247906,0.0016
0.057368236103870124,0.1347831160842501,0.009600000000000001,0.008911758170829157,0.000688241829170844,0.0016
0.057368236103870124,0.14522599674296482,0.0128,0.01349198270810612,0.0006919827081061196,0.0016
0.057368236103870124,0.15647798287141804,0.0176,0.018380567800837296,0.0007805678008372952,0.0016
0.057368236103870124,0.1686017632700044,0.024,0.023594965414569777,0.0004050345854302237,0.0016
0.057368236103870124,0.18166488381380433,0.028800000000000003,0.029153166685906947,0.00035316668590694433,0.0016
0.057368236103870124,0.19574012377457947,0.0352,0.035073657461167224,0.00012634253883277852,0.0016
0.057368236103870124,0.21090590129987632,0.041600000000000005,0.041375364533474165,0.0002246354665258396,0.0016
0.057368236103870124,0.22724671030830257,0.048,0.04807759211573488,7.759211573488134e-05,0.0016
0.057368236103870124,0.24485359123507788,0.056,0.05519994820910948,0.0008000517908905228,0.0016
0.057368236103870124,0.26382463825054625,0.062400000000000004,0.06276226067846465,0.00036226067846464177,0.0016
0.057368236103870124,0.28426554577754615,0.0704,0.0707844830283436,0.00038448302834359627,0.0016
0.057368236103870124,0.3062901973524789,0.08,0.07928659008425878,0.0007134099157412171,0.0016
0.057368236103870124,0.3300213001108302,0.08800000000000001,0.08828846402227764,0.00028846402227762635,0.0016
0.057368236103870124,0.3555910684320866,0.0976,0.09780977145085416,0.00020977145085415705,0.0016
0.057368236103870124,0.3831419605528771,0.1072,0.10786983252679798,0.0006698325267979754,0.0016
0.057368236103870124,0.41282747225227034,0.1184,0.11848748337444184,8.748337444183796e-05,0.0016
0.057368236103870124,0.4448129920311316,0.1296,0.12968093336398576,8.093336398576345e-05,0.0016
0.057368236103870124,0.47927672255004444,0.1408,0.14146761908064462,0.0006676190806446103,0.0016
0.057368236103870124,0.516410673459456,0.15360000000000001,0.15386405706842282,0.0002640570684228072,0.0016
0.057368236103870124,0.5564217311534528,0.16640000000000002,0.16688569764830052,0.00048569764830050377,0.0016
0.057368236103870124,0.5995328114071461,0.18080000000000002,0.18054678227759596,0.00025321772240405327,0.0016
0.057368236103870124,0.6459841013194154,0.1952,0.19486020702336965,0.00033979297663036534,0.0016
0.057368236103870124,0.696034397480316,0.2096,0.20983739475772875,0.00023739475772874274,0.0016
0.057368236103870124,0.7499625478185521,0.22560000000000002,0.22548817863903983,0.00011182136096019035,0.0016
0.057368236103870124,0.8080690051620618,0.2416,0.24182069931590253,0.00022069931590251723,0.0016
0.057368236103870124,0.8706775011671474,0.2592,0.2588413180796289,0.0003586819203710845,0.0016
0.057368236103870124,0.9381368499422049,0.2768,0.27655454789949857,0.00024545210050141986,0.0016
0.057368236103870124,1.0108228914146788,0.2944,0.294963003911088,0.0005630039110879892,0.0016
0.057368236103870124,1.0891405852684266,0.3136,0.31406737450342576,0.0004673745034257659,0.0016
0.057368236103870124,1.173526267117564,0.33440000000000003,0.33386641368107745,0.0005335863189225853,0.0016
0.057368236103870124,1.264450079486729,0.3536,0.3543569548806162,0.0007569548806161674,0.0016
0.057368236103870124,1.3624185911416191,0.376,0.37553394591710887,0.0004660540828911319,0.0016
0.057368236103870124,1.467977619363024,0.39680000000000004,0.3973905042454128,0.0005905042454127374,0.0016
0.057368236103870124,1.581715270888233,0.4192,0.41991799126266943,0.0007179912626694152,0.0016
0.057368236103870124,1.7042652184619906,0.44320000000000004,0.44310610396988287,9.389603011716874e-05,0.0016
0.057368236103870124,1.836310231251813,0.4672,0.4669429819663448,0.0002570180336551875,0.0016
0.057368236103870124,1.9785859787968756,0.4912,0.4914153274817751,0.00021532748177505168,0.0016
0.057368236103870124,2.1318851296835977,0.5168,0.5165085359639692,0.000291464036030864,0.0016
0.057368236103870124,2.297061767783123,0.5424,0.5422068346368759,0.0001931653631240815,0.0016
0.057368236103870124,2.475036150655092,0.5680000000000001,0.568493426423533,0.0004934264235328945,0.0016
0.057368236103870124,2.6667998366284884,0.5952000000000001,0.5953506366847222,0.00015063668472214964,0.0016
0.057368236103870124,2.8734212091243085,0.6224000000000001,0.6227600603490001,0.00036006034900004646,0.0016
0.057368236103870124,3.0960514289980536,0.6512,0.6507027071921593,0.0004972928078407213,0.0016
0.057368236103870124,3.3359308480646077,0.6784,0.6791591432518974,0.0007591432518974095,0.0016
0.057368236103870124,3.5943959195375657,0.7088,0.7081096266237505,0.0006903733762494424,0.0016
0.057368236103870124,3.8728866438834793,0.7376,0.7375342361644358,6.576383556422538e-05,0.0016
0.057368236103870124,4.172954591574528,0.768,0.7674129919168192,0.0005870080831807956,0.0016
0.057368236103870124,4.496271547437228,0.7984,0.7977259663561294,0.0006740336438706418,0.0016
0.057368236103870124,4.844638824757865,0.8288000000000001,0.8284533858307869,0.00034661416921322186,0.0016
0.057368236103870124,5.219997301036887,0.8592000000000001,0.8595757218261516,0.0003757218261515316,0.0016
0.057368236103870124,5.62443823130494,0.8912,0.8910737719102229,0.00012622808977713618,0.0016
0.057368236103870124,6.060214899245428,0.9232,0.9229287304233535,0.0002712695766464712,0.0016
0.057368236103870124,6.529755171036042,0.9552,0.9551222491473954,7.77508526046411e-05,0.0016
0.057368236103870124,7.035675021851269,0.9872000000000001,0.9876364883329337,0.00043648833293363776,0.0016
0.057368236103870124,7.58079311038668,1.0208000000000002,1.0204541585770188,0.00034584142298133,0.0016
0.057368236103870124,8.168146482604984,1.0528,1.0535585541297408,0.0007585541297407961,0.0016
0.057368236103870124,8.801007492194831,1.0864,1.0869335782683163,0.0005335782683162371,0.0016
0.057368236103870124,9.482902032012383,1.12,1.1205637614148842,0.000563761414884123,0.0016
0.057368236103870124,10.217629178079317,1.1552,1.1544342726918024,0.0007657273081975724,0.0016
0.057368236103870124,11.009282355581066,1.1888,1.1885309256090546,0.00026907439094547847,0.0016
0.057368236103870124,11.862272144788507,1.2224000000000002,1.222840178565293,0.00044017856529277033,0.0016
0.057368236103870124,12.781350853962953,1.2576,1.2573491308199718,0.000250869180028257,0.0016
0.057368236103870124,13.77163899614884,1.2928000000000002,1.2920455145615057,0.0007544854384944344,0.0016
0.057368236103870124,14.838653817365689,1.3264,1.3269176836577656,0.0005176836577656108,0.0016
0.057368236103870124,15.988340035139956,1.3616000000000001,1.361954599632524,0.0003545996325238221,0.0016
0.057368236103870124,17.227102958632177,1.3968,1.3971458153664158,0.00034581536641575816,0.0016
0.057368236103870124,18.56184417488314,1.4320000000000002,1.4324814569750028,0.0004814569750026809,0.0016
0.057368236103870124,20.000000000000004,1.4672,1.467952204270816,0.0007522042708159038,0.0016
0.06145005036044466,0.1,0.0,0.0,0.0,0.0016
0.06145005036044466,0.1077479145475366,0.0,0.0,0.0,0.0016
0.06145005036044466,0.11609613089343249,0.0,0.0,0.0,0.0016
0.06145005036044466,0.12509115990805186,0.0016,0.0009746745547301837,0.0006253254452698164,0.0016
0.06145005036044466,0.1347831160842501,0.0048000000000000004,0.005263415614991959,0.0004634156149919584,0.0016
0.06145005036044466,0.14522599674296482,0.009600000000000001,0.009843640152268813,0.00024364015226881197,0.0016
0.06145005036044466,0.15647798287141804,0.014400000000000001,0.014732225245000008,0.0003322252450000066,0.0016
0.06145005036044466,0.1686017632700044,0.019200000000000002,0.01994662285873259,0.0007466228587325874,0.0016
0.06145005036044466,0.18166488381380433,0.0256,0.025504824130069707,9.51758699302939e-05,0.0016
0.06145005036044466,0.19574012377457947,0.032,0.03142531490533001,0.0005746850946699925,0.0016
0.06145005036044466,0.21090590129987632,0.038400000000000004,0.03772702197763688,0.0006729780223631229,0.0016
0.06145005036044466,0.22724671030830257,0.0448,0.044429249559897625,0.00037075044010237423,0.0016
0.06145005036044466,0.24485359123507788,0.0512,0.051551605653272194,0.0003516056532721912,0.0016
0.06145005036044466,0.26382463825054625,0.0592,0.05911391812262741,8.608187737259299e-05,0.0016
0.06145005036044466,0.28426554577754615,0.06720000000000001,0.06713614047250636,6.385952749364543e-05,0.0016
0.06145005036044466,0.3062901973524789,0.0752,0.07563824752842148,0.00043824752842147596,0.0016
0.06145005036044466,0.3300213001108302,0.0848,0.0846401214664404,0.00015987853355960147,0.0016
0.06145005036044466,0.3555910684320866,0.0944,0.09416142889501686,0.00023857110498314016,0.0016
0.06145005036044466,0.3831419605528771,0.10400000000000001,0.10422148997096074,0.00022148997096073375,0.0016
0.06145005036044466,0.41282747225227034,0.11520000000000001,0.11483914081860463,0.000360859181395376,0.0016
0.06145005036044466,0.4448129920311316,0.1264,0.12603259080814852,0.0003674091918514921,0.0016
0.06145005036044466,0.47927672255004444,0.1376,0.13781927652480738,0.00021927652480738247,0.0016
0.06145005036044466,0.516410673459456,0.1504,0.1502157145125856,0.00018428548741439288,0.0016
0.06145005036044466,0.5564217311534528,0.1632,0.16323735509246332,3.735509246330371e-05,0.0016
0.06145005036044466,0.5995328114071461,0.1776,0.17689843972175873,0.0007015602782412811,0.0016
0.06145005036044466,0.6459841013194154,0.192,0.1912118644675324,0.0007881355324675932,0.0016
0.06145005036044466,0.696034397480316,0.2064,0.20618905220189154,0.00021094779810845732,0.0016
0.06145005036044466,0.7499625478185521,0.22240000000000001,0.2218398360832025,0.0005601639167975014,0.0016
0.06145005036044466,0.8080690051620618,0.2384,0.2381723567600653,0.00022764323993471058,0.0016
0.06145005036044466,0.8706775011671474,0.2544,0.25519297552379167,0.0007929755237916503,0.0016
0.06145005036044466,0.9381368499422049,0.2736,0.27290620534366133,0.0006937946563386754,0.0016
0.06145005036044466,1.0108228914146788,0.2912,0.2913146613552507,0.00011466135525067811,0.0016
0.06145005036044466,1.0891405852684266,0.3104,0.3104190319475885,1.9031947588510345e-05,0.0016
0.06145005036044466,1.173526267117564,0.3296,0.3302180711252402,0.0006180711252402049,0.0016
0.06145005036044466,1.264450079486729,0.3504,0.35070861232477896,0.0003086123247789674,0.0016
0.06145005036044466,1.3624185911416191,0.37120000000000003,0.3718856033612716,0.0006856033612715473,0.0016
0.06145005036044466,1.467977619363024,0.3936,0.3937421616895756,0.00014216168957559283,0.0016
0.06145005036044466,1.581715270888233,0.41600000000000004,0.4162696487068322,0.0002696487068321596,0.0016
0.06145005036044466,1.7042652184619906,0.44,0.4394577614140457,0.0005422385859543133,0.0016
0.06145005036044466,1.836310231251813,0.464,0.4632946394105075,0.0007053605894924986,0.0016
0.06145005036044466,1.9785859787968756,0.48800000000000004,0.4877669849259378,0.0002330150740622594,0.0016
0.06145005036044466,2.1318851296835977,0.5136000000000001,0.5128601934081319,0.0007398065918681196,0.0016
0.06145005036044466,2.297061767783123,0.5392,0.5385584920810387,0.0006415079189613371,0.0016
0.06145005036044466,2.475036150655092,0.5648000000000001,0.5648450838676957,4.508386769563888e-05,0.0016
0.06145005036044466,2.6667998366284884,0.5920000000000001,0.591702294128885,0.00029770587111510594,0.0016
0.06145005036044466,2.8734212091243085,0.6192000000000001,0.6191117177931629,8.828220683720911e-05,0.0016
0.06145005036044466,3.0960514289980536,0.6464000000000001,0.6470543646363219,0.0006543646363218469,0.0016
0.06145005036044466,3.3359308480646077,0.6752,0.6755108006960601,0.0003108006960600429,0.0016
0.06145005036044466,3.5943959195375657,0.7040000000000001,0.7044612840679133,0.00046128406791323684,0.0016
0.06145005036044466,3.8728866438834793,0.7344,0.7338858936085985,0.000514106391401592,0.0016
0.06145005036044466,4.172954591574528,0.7632,0.7637646493609819,0.0005646493609818837,0.0016
0.06145005036044466,4.496271547437228,0.7936000000000001,0.794077623800292,0.0004776238002919264,0.0016
0.06145005036044466,4.844638824757865,0.8256,0.8248050432749496,0.0007949567250503664,0.0016
0.06145005036044466,5.219997301036887,0.8560000000000001,0.8559273792703144,7.262072968572397e-05,0.0016
0.06145005036044466,5.62443823130494,0.888,0.8874254293543857,0.0005745706456142807,0.0016
0.06145005036044466,6.060214899245428,0.92,0.9192803878675163,0.0007196121324837268,0.0016
0.06145005036044466,6.529755171036042,0.9520000000000001,0.9514739065915582,0.0005260934084418967,0.0016
0.06145005036044466,7.035675021851269,0.9840000000000001,0.9839881457770965,1.1854222903617817e-05,0.0016
0.06145005036044466,7.58079311038668,1.0176,1.0168058160211817,0.0007941839788183636,0.0016
0.06145005036044466,8.168146482604984,1.0496,1.0499102115739034,0.00031021157390331844,0.0016
0.06145005036044466,8.801007492194831,1.0832000000000002,1.0832852357124791,8.523571247898154e-05,0.0016
0.06145005036044466,9.482902032012383,1.1168,1.1169154188590469,0.00011541885904686744,0.0016
0.06145005036044466,10.217629178079317,1.1504,1.1507859301359653,0.00038593013596521786,0.0016
0.06145005036044466,11.009282355581066,1.1856,1.1848825830532175,0.000717416946782512,0.0016
0.06145005036044466,11.862272144788507,1.2192,1.2191918360094556,8.163990544485245e-06,0.0016
0.06145005036044466,12.781350853962953,1.2544,1.2537007882641344,0.0006992117358655126,0.0016
0.06145005036044466,13.77163899614884,1.288,1.2883971720056686,0.0003971720056685779,0.0016
0.06145005036044466,14.838653817365689,1.3232000000000002,1.3232693411019285,6.934110192835519e-05,0.0016
0.06145005036044466,15.988340035139956,1.3584,1.3583062570766866,9.374292331343348e-05,0.0016
0.06145005036044466,17.227102958632177,1.3936000000000002,1.3934974728105785,0.00010252718942171946,0.0016
0.06145005036044466,18.56184417488314,1.4288,1.4288331144191657,3.311441916564739e-05,0.0016
0.06145005036044466,20.000000000000004,1.464,1.4643038617149786,0.0003038617149786482,0.0016
0.06582229027338776,0.1,0.0,0.0,0.0,0.0016
0.06582229027338776,0.1077479145475366,0.0,0.0,0.0,0.0016
0.06582229027338776,0.11609613089343249,0.0,0.0,0.0,0.0016
0.06582229027338776,0.12509115990805186,0.0,0.0,0.0,0.0016
0.06582229027338776,0.1347831160842501,0.0016,0.0013847949124302218,0.00021520508756977825,0.0016
0.06582229027338776,0.14522599674296482,0.0064,0.005965019449707226,0.00043498055029277463,0.0016
0.06582229027338776,0.15647798287141804,0.0112,0.0108536045424384,0.00034639545756159906,0.0016
0.06582229027338776,0.1686017632700044,0.016,0.01606800215617091,6.800215617091057e-05,0.0016
0.06582229027338776,0.18166488381380433,0.0224,0.021626203427508064,0.000773796572491936,0.0016
0.06582229027338776,0.19574012377457947,0.027200000000000002,0.027546694202768368,0.00034669420276836616,0.0016
0.06582229027338776,0.21090590129987632,0.033600000000000005,0.033848401275075234,0.00024840127507522874,0.0016
0.06582229027338776,0.22724671030830257,0.04,0.04055062885733589,0.0005506288573358872,0.0016
0.06582229027338776,0.24485359123507788,0.048,0.04767298495071049,0.0003270150492895099,0.0016
0.06582229027338776,0.26382463825054625,0.056,0.05523529742006572,0.0007647025799342802,0.0016
0.06582229027338776,0.28426554577754615,0.064,0.06325751976994475,0.0007424802300552563,0.0016
0.06582229027338776,0.3062901973524789,0.07200000000000001,0.07175962682585985,0.00024037317414016268,0.0016
0.06582229027338776,0.3300213001108302,0.08,0.08076150076387875,0.0007615007638787502,0.0016
0.06582229027338776,0.3555910684320866,0.0896,0.09028280819245517,0.0006828081924551699,0.0016
0.06582229027338776,0.3831419605528771,0.1008,0.10034286926839908,0.00045713073160091877,0.0016
0.06582229027338776,0.41282747225227034,0.11040000000000001,0.1109605201160429,0.0005605201160428924,0.0016
0.06582229027338776,0.4448129920311316,0.1216,0.12215397010558691,0.0005539701055869151,0.0016
0.06582229027338776,0.47927672255004444,0.13440000000000002,0.13394065582224568,0.00045934417775433944,0.0016
0.06582229027338776,0.516410673459456,0.1456,0.14633709381002397,0.0007370938100239588,0.0016
0.06582229027338776,0.5564217311534528,0.16,0.1593587343899016,0.0006412656100983904,0.0016
0.06582229027338776,0.5995328114071461,0.1728,0.17301981901919705,0.00021981901919704283,0.0016
0.06582229027338776,0.6459841013194154,0.1872,0.1873332437649707,0.000133243764970703,0.0016
0.06582229027338776,0.696034397480316,0.2016,0.20231043149932987,0.0007104314993298666,0.0016
0.06582229027338776,0.7499625478185521,0.21760000000000002,0.21796121538064084,0.0003612153806408225,0.0016
0.06582229027338776,0.8080690051620618,0.2336,0.2342937360575036,0.0006937360575035856,0.0016
0.06582229027338776,0.8706775011671474,0.25120000000000003,0.25131435482122993,0.0001143548212299006,0.0016
0.06582229027338776,0.9381368499422049,0.26880000000000004,0.26902758464109966,0.00022758464109962073,0.0016
0.06582229027338776,1.0108228914146788,0.28800000000000003,0.287436040652689,0.000563959347311016,0.0016
0.06582229027338776,1.0891405852684266,0.30720000000000003,0.3065404112450268,0.0006595887549732393,0.0016
0.06582229027338776,1.173526267117564,0.3264,0.32633945042267853,6.0549577321489245e-05,0.0016
0.06582229027338776,1.264450079486729,0.3472,0.3468299916222172,0.0003700083777827823,0.0016
0.06582229027338776,1.3624185911416191,0.368,0.36800698265871,6.982658710019685e-06,0.0016
0.06582229027338776,1.467977619363024,0.3904,0.3898635409870139,0.0005364590129861013,0.0016
0.06582229027338776,1.581715270888233,0.4128,0.41239102800427047,0.0004089719957295346,0.0016
0.06582229027338776,1.7042652184619906,0.43520000000000003,0.43557914071148396,0.00037914071148392736,0.0016
0.06582229027338776,1.836310231251813,0.4592,0.45941601870794585,0.0002160187079458531,0.0016
0.06582229027338776,1.9785859787968756,0.4832,0.4838883642233761,0.0006883642233760923,0.0016
0.06582229027338776,2.1318851296835977,0.5088,0.5089815727055702,0.00018157270557017657,0.0016
0.06582229027338776,2.297061767783123,0.5344,0.534679871378477,0.0002798713784769591,0.0016
0.06582229027338776,2.475036150655092,0.5616,0.5609664631651341,0.0006335368348658887,0.0016
0.06582229027338776,2.6667998366284884,0.5872,0.5878236734263232,0.0006236734263231902,0.0016
0.06582229027338776,2.8734212091243085,0.616,0.6152330970906013,0.0007669029093987367,0.0016
0.06582229027338776,3.0960514289980536,0.6432,0.6431757439337603,2.4256066239680685e-05,0.0016
0.06582229027338776,3.3359308480646077,0.672,0.6716321799934984,0.00036782000650159574,0.0016
0.06582229027338776,3.5943959195375657,0.7008,0.7005826633653516,0.0002173366346484018,0.0016
0.06582229027338776,3.8728866438834793,0.7296,0.7300072729060368,0.0004072729060368152,0.0016
0.06582229027338776,4.172954591574528,0.76,0.7598860286584201,0.00011397134157986599,0.0016
0.06582229027338776,4.496271547437228,0.7904,0.7901990030977304,0.0002009969022696012,0.0016
0.06582229027338776,4.844638824757865,0.8208000000000001,0.820926422572388,0.00012642257238792975,0.0016
0.06582229027338776,5.219997301036887,0.8528,0.8520487585677528,0.0007512414322472516,0.0016
0.06582229027338776,5.62443823130494,0.8832000000000001,0.883546808651824,0.0003468086518239044,0.0016
0.06582229027338776,6.060214899245428,0.9152,0.9154017671649547,0.0002017671649546804,0.0016
0.06582229027338776,6.529755171036042,0.9472,0.9475952858889966,0.0003952858889965105,0.0016
0.06582229027338776,7.035675021851269,0.9808,0.9801095250745349,0.0006904749254651454,0.0016
0.06582229027338776,7.58079311038668,1.0128000000000001,1.01292719531862,0.0001271953186199326,0.0016
0.06582229027338776,8.168146482604984,1.0464,1.0460315908713418,0.0003684091286582092,0.0016
0.06582229027338776,8.801007492194831,1.08,1.0794066150099173,0.0005933849900827681,0.0016
0.06582229027338776,9.482902032012383,1.1136000000000001,1.1130367981564853,0.0005632018435148822,0.0016
0.06582229027338776,10.217629178079317,1.1472,1.1469073094334037,0.00029269056659630976,0.0016
0.06582229027338776,11.009282355581066,1.1808,1.1810039623506556,0.00020396235065556212,0.0016
0.06582229027338776,11.862272144788507,1.216,1.215313215306894,0.0006867846931060129,0.0016
0.06582229027338776,12.781350853962953,1.2496,1.2498221675615728,0.0002221675615727836,0.0016
0.06582229027338776,13.77163899614884,1.2848000000000002,1.284518551303107,0.00028144869689317176,0.0016
0.06582229027338776,14.838653817365689,1.32,1.3193907203993667,0.0006092796006333945,0.0016
0.06582229027338776,15.988340035139956,1.3552,1.354427636374125,0.0007723636258749611,0.0016
0.06582229027338776,17.227102958632177,1.3904,1.3896188521080168,0.0007811478919832471,0.0016
0.06582229027338776,18.56184417488314,1.4256,1.4249544937166039,0.0006455062833961023,0.0016
0.06582229027338776,20.000000000000004,1.4608,1.460425241012417,0.00037475898758310144,0.0016
0.07050561995345399,0.1,0.0,0.0,0.0,0.0016
0.07050561995345399,0.1077479145475366,0.0,0.0,0.0,0.0016
0.07050561995345399,0.11609613089343249,0.0,0.0,0.0,0.0016
0.07050561995345399,0.12509115990805186,0.0,0.0,0.0,0.0016
0.07050561995345399,0.1347831160842501,0.0,0.0,0.0,0.0016
0.07050561995345399,0.14522599674296482,0.0016,0.0018435364201427884,0.00024353642014278832,0.0016
0.07050561995345399,0.15647798287141804,0.0064,0.0067321215128739575,0.00033212151287395717,0.0016
0.07050561995345399,0.1686017632700044,0.0112,0.01194651912660648,0.0007465191266064798,0.0016
0.07050561995345399,0.18166488381380433,0.0176,0.017504720397943666,9.527960205633554e-05,0.0016
0.07050561995345399,0.19574012377457947,0.024,0.023425211173203914,0.0005747888267960861,0.0016
0.07050561995345399,0.21090590129987632,0.0304,0.029726918245510842,0.0006730817544891576,0.0016
0.07050561995345399,0.22724671030830257,0.0368,0.03642914582777148,0.00037085417222851996,0.0016
0.07050561995345399,0.24485359123507788,0.0432,0.043551501921146166,0.0003515019211461634,0.0016
0.07050561995345399,0.26382463825054625,0.0512,0.05111381439050127,8.618560949873177e-05,0.0016
0.07050561995345399,0.28426554577754615,0.0592,0.05913603674038026,6.396325961974259e-05,0.0016
0.07050561995345399,0.3062901973524789,0.06720000000000001,0.06763814379629549,0.00043814379629547595,0.0016
0.07050561995345399,0.3300213001108302,0.07680000000000001,0.07664001773431434,0.00015998226568567087,0.0016
0.07050561995345399,0.3555910684320866,0.0864,0.08616132516289081,0.00023867483710919568,0.0016
0.07050561995345399,0.3831419605528771,0.096,0.09622138623883461,0.00022138623883460884,0.0016
0.07050561995345399,0.41282747225227034,0.1072,0.1068390370864785,0.0003609629135215009,0.0016
0.07050561995345399,0.4448129920311316,0.1184,0.11803248707602251,0.00036751292397749213,0.0016
0.07050561995345399,0.47927672255004444,0.1296,0.1298191727926813,0.0002191727926812992,0.0016
0.07050561995345399,0.516410673459456,0.1424,0.14221561078045955,0.0001843892195404484,0.0016
0.07050561995345399,0.5564217311534528,0.1552,0.1552372513603372,3.7251360337192674e-05,0.0016
0.07050561995345399,0.5995328114071461,0.1696,0.16889833598963258,0.0007016640103674199,0.0016
0.07050561995345399,0.6459841013194154,0.184,0.1832117607354063,0.0007882392645937042,0.0016
0.07050561995345399,0.696034397480316,0.19840000000000002,0.1981889484697654,0.00021105153023462386,0.0016
0.07050561995345399,0.7499625478185521,0.2144,0.21383973235107645,0.000560267648923557,0.0016
0.07050561995345399,0.8080690051620618,0.23040000000000002,0.23017225302793917,0.00022774697206084937,0.0016
0.07050561995345399,0.8706775011671474,0.2464,0.24719287179166552,0.0007928717916655115,0.0016
0.07050561995345399,0.9381368499422049,0.2656,0.2649061016115352,0.0006938983884647865,0.0016
0.07050561995345399,1.0108228914146788,0.2832,0.2833145576231246,0.00011455762312456708,0.0016
0.07050561995345399,1.0891405852684266,0.3024,0.3024189282154624,1.892821546239931e-05,0.0016
0.07050561995345399,1.173526267117564,0.3216,0.32221796739311415,0.0006179673931141494,0.0016
0.07050561995345399,1.264450079486729,0.34240000000000004,0.3427085085926528,0.00030850859265274533,0.0016
0.07050561995345399,1.3624185911416191,0.3632,0.3638854996291455,0.0006854996291454918,0.0016
0.07050561995345399,1.467977619363024,0.3856,0.3857420579574495,0.0001420579574494818,0.0016
0.07050561995345399,1.581715270888233,0.40800000000000003,0.40826954497470613,0.00026954497470610406,0.0016
0.07050561995345399,1.7042652184619906,0.432,0.4314576576819195,0.0005423423180804798,0.0016
0.07050561995345399,1.836310231251813,0.456,0.45529453567838146,0.0007054643216185541,0.0016
0.07050561995345399,1.9785859787968756,0.48000000000000004,0.4797668811938117,0.00023311880618831493,0.0016
0.07050561995345399,2.1318851296835977,0.5056,0.5048600896760058,0.0007399103239942306,0.0016
0.07050561995345399,2.297061767783123,0.5312,0.5305583883489126,0.0006416116510874481,0.0016
0.07050561995345399,2.475036150655092,0.5568000000000001,0.5568449801355697,4.498013556963887e-05,0.0016
0.07050561995345399,2.6667998366284884,0.5840000000000001,0.5837021903967589,0.00029780960324121697,0.0016
0.07050561995345399,2.8734212091243085,0.6112000000000001,0.6111116140610368,8.838593896332014e-05,0.0016
0.07050561995345399,3.0960514289980536,0.6384000000000001,0.6390542609041959,0.0006542609041958469,0.0016
0.07050561995345399,3.3359308480646077,0.6672,0.667510696963934,0.00031069696393393187,0.0016
0.07050561995345399,3.5943959195375657,0.6960000000000001,0.6964611803357872,0.0004611803357871258,0.0016
0.07050561995345399,3.8728866438834793,0.7264,0.7258857898764725,0.000514210123527592,0.0016
0.07050561995345399,4.172954591574528,0.7552,0.7557645456288558,0.0005645456288557726,0.0016
0.07050561995345399,4.496271547437228,0.7856000000000001,0.786077520068166,0.0004775200681659264,0.0016
0.07050561995345399,4.844638824757865,0.8176,0.8168049395428235,0.0007950604571764774,0.0016
0.07050561995345399,5.219997301036887,0.8480000000000001,0.8479272755381883,7.2724461811835e-05,0.0016
0.07050561995345399,5.62443823130494,0.88,0.8794253256222596,0.0005746743777403918,0.0016
0.07050561995345399,6.060214899245428,0.912,0.9112802841353902,0.0007197158646098378,0.0016
0.07050561995345399,6.529755171036042,0.9440000000000001,0.9434738028594322,0.0005261971405678967,0.0016
0.07050561995345399,7.035675021851269,0.9760000000000001,0.9759880420449704,1.195795502972885e-05,0.0016
0.07050561995345399,7.58079311038668,1.0096,1.0088057122890555,0.0007942877109445856,0.0016
0.07050561995345399,8.168146482604984,1.0416,1.0419101078417774,0.0003101078417773184,0.0016
0.07050561995345399,8.801007492194831,1.0752000000000002,1.075285131980353,8.513198035275948e-05,0.0016
0.07050561995345399,9.482902032012383,1.1088,1.1089153151269209,0.00011531512692086743,0.0016
0.07050561995345399,10.217629178079317,1.1424,1.142785826403839,0.0003858264038389958,0.0016
0.07050561995345399,11.009282355581066,1.1776,1.1768824793210912,0.0007175206789087341,0.0016
0.07050561995345399,11.862272144788507,1.2112,1.2111917322773296,8.267722670485256e-06,0.0016
0.07050561995345399,12.781350853962953,1.2464,1.2457006845320084,0.0006993154679915126,0.0016
0.07050561995345399,13.77163899614884,1.28,1.2803970682735424,0.00039706827354235585,0.0016
0.07050561995345399,14.838653817365689,1.3152000000000001,1.3152692373698023,6.923736980213313e-05,0.0016
0.07050561995345399,15.988340035139956,1.3504,1.3503061533445606,9.384665543943349e-05,0.0016
0.07050561995345399,17.227102958632177,1.3856000000000002,1.3854973690784524,0.00010263092154771947,0.0016
0.07050561995345399,18.56184417488314,1.4208,1.4208330106870395,3.3010687039425335e-05,0.0016
0.07050561995345399,20.000000000000004,1.456,1.4563037579828526,0.0003037579828526482,0.0016
0.07552217378602372,0.1,0.0,0.0,0.0,0.0016
0.07552217378602372,0.1077479145475366,0.0,0.0,0.0,0.0016
0.07552217378602372,0.11609613089343249,0.0,0.0,0.0,0.0016
0.07552217378602372,0.12509115990805186,0.0,0.0,0.0,0.0016
0.07552217378602372,0.1347831160842501,0.0,0.0,0.0,0.0016
0.07552217378602372,0.14522599674296482,0.0,0.0,0.0,0.0016
0.07552217378602372,0.15647798287141804,0.0016,0.002354753091920144,0.000754753091920144,0.0016
0.07552217378602372,0.1686017632700044,0.008,0.007569150705652672,0.00043084929434732827,0.0016
0.07552217378602372,0.18166488381380433,0.0128,0.013127351976989833,0.0003273519769898328,0.0016
0.07552217378602372,0.19574012377457947,0.019200000000000002,0.01904784275225014,0.00015215724774986228,0.0016
0.07552217378602372,0.21090590129987632,0.0256,0.02534954982455703,0.00025045017544297193,0.0016
0.07552217378602372,0.22724671030830257,0.032,0.03205177740681771,5.177740681770737e-05,0.0016
0.07552217378602372,0.24485359123507788,0.038400000000000004,0.03917413350019233,0.0007741335001923283,0.0016
0.07552217378602372,0.26382463825054625,0.046400000000000004,0.04673644596954753,0.0003364459695475233,0.0016
0.07552217378602372,0.28426554577754615,0.054400000000000004,0.054758668319426426,0.0003586683194264223,0.0016
0.07552217378602372,0.3062901973524789,0.064,0.06326077537534161,0.0007392246246583911,0.0016
0.07552217378602372,0.3300213001108302,0.07200000000000001,0.0722626493133605,0.000262649313360494,0.0016
0.07552217378602372,0.3555910684320866,0.0816,0.081783956741937,0.00018395674193699696,0.0016
0.07552217378602372,0.3831419605528771,0.0912,0.09184401781788086,0.000644017817880857,0.0016
0.07552217378602372,0.41282747225227034,0.1024,0.10246166866552472,6.16686655247195e-05,0.0016
0.07552217378602372,0.4448129920311316,0.1136,0.11365511865506864,5.511865506863112e-05,0.0016
0.07552217378602372,0.47927672255004444,0.12480000000000001,0.1254418043717275,0.0006418043717274918,0.0016
0.07552217378602372,0.516410673459456,0.1376,0.13783824235950567,0.00023824235950567485,0.0016
0.07552217378602372,0.5564217311534528,0.1504,0.15085988293938343,0.00045988293938342695,0.0016
0.07552217378602372,0.5995328114071461,0.1648,0.16452096756867882,0.0002790324313211856,0.0016
0.07552217378602372,0.6459841013194154,0.1792,0.17883439231445256,0.00036560768554744216,0.0016
0.07552217378602372,0.696034397480316,0.19360000000000002,0.1938115800488116,0.00021158004881158265,0.0016
0.07552217378602372,0.7499625478185521,0.2096,0.20946236393012266,0.00013763606987735044,0.0016
0.07552217378602372,0.8080690051620618,0.22560000000000002,0.22579488460698535,0.0001948846069853294,0.0016
0.07552217378602372,0.8706775011671474,0.2432,0.24281550337071173,0.00038449662928827233,0.0016
0.07552217378602372,0.9381368499422049,0.26080000000000003,0.26052873319058145,0.00027126680941857995,0.0016
0.07552217378602372,1.0108228914146788,0.27840000000000004,0.2789371892021708,0.0005371892021707736,0.0016
0.07552217378602372,1.0891405852684266,0.29760000000000003,0.29804155979450864,0.00044155979450860583,0.0016
0.07552217378602372,1.173526267117564,0.3184,0.31784059897216027,0.0005594010278397454,0.0016
0.07552217378602372,1.264450079486729,0.3376,0.338331140171699,0.0007311401716990074,0.0016
0.07552217378602372,1.3624185911416191,0.36000000000000004,0.3595081312081917,0.0004918687918083475,0.0016
0.07552217378602372,1.467977619363024,0.3808,0.3813646895364957,0.0005646895364956883,0.0016
0.07552217378602372,1.581715270888233,0.4032,0.4038921765537523,0.0006921765537523106,0.0016
0.07552217378602372,1.7042652184619906,0.4272,0.42708028926096575,0.00011971073903427332,0.0016
0.07552217378602372,1.836310231251813,0.45120000000000005,0.4509171672574277,0.0002828327425723476,0.0016
0.07552217378602372,1.9785859787968756,0.4752,0.47538951277285796,0.0001895127728579471,0.0016
0.07552217378602372,2.1318851296835977,0.5008,0.500482721255052,0.0003172787449480241,0.0016
0.07552217378602372,2.297061767783123,0.5264,0.5261810199279587,0.0002189800720412416,0.0016
0.07552217378602372,2.475036150655092,0.552,0.5524676117146159,0.0004676117146158454,0.0016
0.07552217378602372,2.6667998366284884,0.5792,0.579324821975805,0.00012482197580498955,0.0016
0.07552217378602372,2.8734212091243085,0.6064,0.6067342456400829,0.0003342456400828864,0.0016
0.07552217378602372,3.0960514289980536,0.6352,0.6346768924832421,0.0005231075167578814,0.0016
0.07552217378602372,3.3359308480646077,0.6624,0.6631333285429802,0.0007333285429802494,0.0016
0.07552217378602372,3.5943959195375657,0.6928000000000001,0.6920838119148334,0.0007161880851667135,0.0016
0.07552217378602372,3.8728866438834793,0.7216,0.7215084214555186,9.157854448138547e-05,0.0016
0.07552217378602372,4.172954591574528,0.752,0.751387177207902,0.0006128227920979556,0.0016
0.07552217378602372,4.496271547437228,0.7824,0.7817001516472122,0.0006998483527878019,0.0016
0.07552217378602372,4.844638824757865,0.8128000000000001,0.8124275711218697,0.00037242887813038195,0.0016
0.07552217378602372,5.219997301036887,0.8432000000000001,0.8435499071172345,0.00034990711723448253,0.0016
0.07552217378602372,5.62443823130494,0.8752000000000001,0.8750479572013058,0.00015204279869429627,0.0016
0.07552217378602372,6.060214899245428,0.9072,0.9069029157144364,0.0002970842855636313,0.0016
0.07552217378602372,6.529755171036042,0.9392,0.9390964344384783,0.00010356556152169016,0.0016
0.07552217378602372,7.035675021851269,0.9712000000000001,0.9716106736240167,0.0004106736240165887,0.0016
0.07552217378602372,7.58079311038668,1.0048000000000001,1.0044283438681016,0.0003716561318984901,0.0016
0.07552217378602372,8.168146482604984,1.0368,1.0375327394208236,0.000732739420823636,0.0016
0.07552217378602372,8.801007492194831,1.0704,1.070907763559399,0.000507763559399077,0.0016
0.07552217378602372,9.482902032012383,1.104,1.104537946705967,0.0005379467059669629,0.0016
0.07552217378602372,10.217629178079317,1.1392,1.1384084579828855,0.0007915420171145104,0.0016
0.07552217378602372,11.009282355581066,1.1728,1.1725051109001374,0.00029488909986263856,0.0016
0.07552217378602372,11.862272144788507,1.2064000000000001,1.2068143638563757,0.00041436385637561024,0.0016
0.07552217378602372,12.781350853962953,1.2416,1.2413233161110546,0.00027668388894541707,0.0016
0.07552217378602372,13.77163899614884,1.2768000000000002,1.2760196998525886,0.0007803001474115945,0.0016
0.07552217378602372,14.838653817365689,1.3104,1.3108918689488485,0.0004918689488484507,0.0016
0.07552217378602372,15.988340035139956,1.3456000000000001,1.3459287849236068,0.000328784923606662,0.0016
0.07552217378602372,17.227102958632177,1.3808,1.3811200006574986,0.0003200006574985981,0.0016
0.07552217378602372,18.56184417488314,1.4160000000000001,1.4164556422660857,0.00045564226608552083,0.0016
0.07552217378602372,20.000000000000004,1.4512,1.4519263895618988,0.0007263895618987437,0.0016
0.08089566104278971,0.1,0.0,0.0,0.0,0.0016
0.08089566104278971,0.1077479145475366,0.0,0.0,0.0,0.0016
0.08089566104278971,0.11609613089343249,0.0,0.0,0.0,0.0016
0.08089566104278971,0.12509115990805186,0.0,0.0,0.0,0.0016
0.08089566104278971,0.1347831160842501,0.0,0.0,0.0,0.0016
0.08089566104278971,0.14522599674296482,0.0,0.0,0.0,0.0016
0.08089566104278971,0.15647798287141804,0.0,0.0,0.0,0.0016
0.08089566104278971,0.1686017632700044,0.0032,0.002922451416418573,0.00027754858358142696,0.0016
0.08089566104278971,0.18166488381380433,0.008,0.008480652687755767,0.0004806526877557671,0.0016
0.08089566104278971,0.19574012377457947,0.014400000000000001,0.014401143463016028,1.1434630160268855e-06,0.0016
0.08089566104278971,0.21090590129987632,0.020800000000000003,0.020702850535322892,9.714946467711053e-05,0.0016
0.08089566104278971,0.22724671030830257,0.027200000000000002,0.027405078117583626,0.0002050781175836243,0.0016
0.08089566104278971,0.24485359123507788,0.0352,0.034527434210958295,0.0006725657890417069,0.0016
0.08089566104278971,0.26382463825054625,0.041600000000000005,0.042089746680313456,0.0004897466803134506,0.0016
0.08089566104278971,0.28426554577754615,0.049600000000000005,0.05011196903019236,0.0005119690301923566,0.0016
0.08089566104278971,0.3062901973524789,0.0592,0.0586140760861076,0.0005859239138924013,0.0016
0.08089566104278971,0.3300213001108302,0.06720000000000001,0.0676159500241264,0.0004159500241263936,0.0016
0.08089566104278971,0.3555910684320866,0.07680000000000001,0.07713725745270293,0.0003372574527029243,0.0016
0.08089566104278971,0.3831419605528771,0.0864,0.08719731852864675,0.0007973185286467427,0.0016
0.08089566104278971,0.41282747225227034,0.0976,0.09781496937629065,0.00021496937629064683,0.0016
0.08089566104278971,0.4448129920311316,0.10880000000000001,0.10900841936583461,0.00020841936583460008,0.0016
0.08089566104278971,0.47927672255004444,0.12000000000000001,0.12079510508249341,0.0007951050824934053,0.0016
0.08089566104278971,0.516410673459456,0.1328,0.1331915430702716,0.0003915430702715883,0.0016
0.08089566104278971,0.5564217311534528,0.1456,0.14621318365014935,0.0006131836501493404,0.0016
0.08089566104278971,0.5995328114071461,0.16,0.15987426827944473,0.00012573172055527215,0.0016
0.08089566104278971,0.6459841013194154,0.1744,0.17418769302521847,0.0002123069747815287,0.0016
0.08089566104278971,0.696034397480316,0.1888,0.18916488075957755,0.0003648807595775516,0.0016
0.08089566104278971,0.7499625478185521,0.2048,0.20481566464088857,1.566464088856301e-05,0.0016
0.08089566104278971,0.8080690051620618,0.22080000000000002,0.2211481853177513,0.0003481853177512706,0.0016
0.08089566104278971,0.8706775011671474,0.2384,0.23816880408147767,0.00023119591852233112,0.0016
0.08089566104278971,0.9381368499422049,0.256,0.2558820339013474,0.00011796609865261098,0.0016
0.08089566104278971,1.0108228914146788,0.2736,0.2742904899129367,0.000690489912936687,0.0016
0.08089566104278971,1.0891405852684266,0.2928,0.2933948605052746,0.0005948605052745748,0.0016
0.08089566104278971,1.173526267117564,0.3136,0.31319389968292627,0.00040610031707372096,0.0016
0.08089566104278971,1.264450079486729,0.33440000000000003,0.33368444088246496,0.0007155591175350695,0.0016
0.08089566104278971,1.3624185911416191,0.3552,0.3548614319189577,0.00033856808104232305,0.0016
0.08089566104278971,1.467977619363024,0.376,0.37671799024726166,0.0007179902472616573,0.0016
0.08089566104278971,1.581715270888233,0.4,0.39924547726451826,0.0007545227354817663,0.0016
0.08089566104278971,1.7042652184619906,0.4224,0.4224335899717317,3.3589971731695645e-05,0.0016
0.08089566104278971,1.836310231251813,0.4464,0.4462704679681936,0.00012953203180643413,0.0016
0.08089566104278971,1.9785859787968756,0.47040000000000004,0.47074281348362385,0.00034281348362380504,0.0016
0.08089566104278971,2.1318851296835977,0.496,0.49583602196581794,0.00016397803418205514,0.0016
0.08089566104278971,2.297061767783123,0.5216000000000001,0.5215343206387247,6.567936127532814e-05,0.0016
0.08089566104278971,2.475036150655092,0.5472,0.5478209124253818,0.0006209124253817588,0.0016
0.08089566104278971,2.6667998366284884,0.5744,0.5746781226865709,0.000278122686570903,0.0016
0.08089566104278971,2.8734212091243085,0.6016,0.6020875463508489,0.00048754635084891085,0.0016
0.08089566104278971,3.0960514289980536,0.6304000000000001,0.630030193194008,0.00036980680599207894,0.0016
0.08089566104278971,3.3359308480646077,0.6592,0.6584866292537461,0.000713370746253883,0.0016
0.08089566104278971,3.5943959195375657,0.6880000000000001,0.6874371126255994,0.000562887374400689,0.0016
0.08089566104278971,3.8728866438834793,0.7168,0.7168617221662845,6.172216628452798e-05,0.0016
0.08089566104278971,4.172954591574528,0.7472000000000001,0.746740477918668,0.0004595220813320422,0.0016
0.08089566104278971,4.496271547437228,0.7776000000000001,0.7770534523579781,0.0005465476420219995,0.0016
0.08089566104278971,4.844638824757865,0.808,0.8077808718326357,0.00021912816736435747,0.0016
0.08089566104278971,5.219997301036887,0.8384,0.8389032078280004,0.000503207828000396,0.0016
0.08089566104278971,5.62443823130494,0.8704000000000001,0.8704012579120717,1.2579120716171843e-06,0.0016
0.08089566104278971,6.060214899245428,0.9024000000000001,0.9022562164252024,0.00014378357479771786,0.0016
0.08089566104278971,6.529755171036042,0.9344,0.9344497351492442,4.973514924422329e-05,0.0016
0.08089566104278971,7.035675021851269,0.9664,0.9669639743347825,0.0005639743347825021,0.0016
0.08089566104278971,7.58079311038668,1.0,0.9997816445788678,0.0002183554211322436,0.0016
0.08089566104278971,8.168146482604984,1.0336,1.0328860401315896,0.0007139598684104964,0.0016
0.08089566104278971,8.801007492194831,1.0656,1.066261064270165,0.0006610642701649905,0.0016
0.08089566104278971,9.482902032012383,1.0992,1.099891247416733,0.0006912474167330984,0.0016
0.08089566104278971,10.217629178079317,1.1344,1.1337617586936513,0.000638241306348819,0.0016
0.08089566104278971,11.009282355581066,1.1680000000000001,1.1678584116109034,0.0001415883890967251,0.0016
0.08089566104278971,11.862272144788507,1.2016,1.2021676645671417,0.0005676645671417457,0.0016
0.08089566104278971,12.781350853962953,1.2368000000000001,1.2366766168218206,0.00012338317817950362,0.0016
0.08089566104278971,13.77163899614884,1.272,1.2713730005633546,0.000626999436645459,0.0016
0.08089566104278971,14.838653817365689,1.3056,1.3062451696596145,0.0006451696596143641,0.0016
0.08089566104278971,15.988340035139956,1.3408,1.3412820856343726,0.00048208563437257546,0.0016
0.08089566104278971,17.227102958632177,1.3760000000000001,1.3764733013682646,0.0004733013682645115,0.0016
0.08089566104278971,18.56184417488314,1.4112,1.4118089429768517,0.0006089429768516563,0.0016
0.08089566104278971,20.000000000000004,1.4480000000000002,1.4472796902726646,0.0007203097273356107,0.0016
0.0866514779366824,0.1,0.0,0.0,0.0,0.0016
0.0866514779366824,0.1077479145475366,0.0,0.0,0.0,0.0016
0.0866514779366824,0.11609613089343249,0.0,0.0,0.0,0.0016
0.0866514779366824,0.12509115990805186,0.0,0.0,0.0,0.0016
0.0866514779366824,0.1347831160842501,0.0,0.0,0.0,0.0016
0.0866514779366824,0.14522599674296482,0.0,0.0,0.0,0.0016
0.0866514779366824,0.15647798287141804,0.0,0.0,0.0,0.0016
0.0866514779366824,0.1686017632700044,0.0,0.0,0.0,0.0016
0.0866514779366824,0.18166488381380433,0.0032,0.00355077591375664,0.00035077591375664,0.0016
0.0866514779366824,0.19574012377457947,0.009600000000000001,0.009471266689016846,0.00012873331098315483,0.0016
0.0866514779366824,0.21090590129987632,0.016,0.015772973761323743,0.00022702623867625754,0.0016
0.0866514779366824,0.22724671030830257,0.0224,0.0224752013435845,7.520134358450156e-05,0.0016
0.0866514779366824,0.24485359123507788,0.028800000000000003,0.029597557436959125,0.0007975574369591225,0.0016
0.0866514779366824,0.26382463825054625,0.0368,0.03715986990631424,0.0003598699063142377,0.0016
0.0866514779366824,0.28426554577754615,0.0448,0.04518209225619324,0.0003820922561932408,0.0016
0.0866514779366824,0.3062901973524789,0.054400000000000004,0.053684199312108355,0.000715800687891649,0.0016
0.0866514779366824,0.3300213001108302,0.062400000000000004,0.06268607325012725,0.0002860732501272431,0.0016
0.0866514779366824,0.3555910684320866,0.07200000000000001,0.0722073806787037,0.00020738067870369747,0.0016
0.0866514779366824,0.3831419605528771,0.0816,0.08226744175464762,0.000667441754647613,0.0016
0.0866514779366824,0.41282747225227034,0.09280000000000001,0.09288509260229147,8.509260229146165e-05,0.0016
0.0866514779366824,0.4448129920311316,0.10400000000000001,0.10407854259183544,7.854259183542878e-05,0.0016
0.0866514779366824,0.47927672255004444,0.11520000000000001,0.11586522830849423,0.0006652283084942201,0.0016
0.0866514779366824,0.516410673459456,0.128,0.12826166629627248,0.0002616662962724725,0.0016
0.0866514779366824,0.5564217311534528,0.1408,0.14128330687615012,0.0004833068761501136,0.0016
0.0866514779366824,0.5995328114071461,0.1552,0.15494439150544562,0.00025560849455438794,0.0016
0.0866514779366824,0.6459841013194154,0.1696,0.1692578162512193,0.0003421837487807,0.0016
0.0866514779366824,0.696034397480316,0.184,0.1842350039855784,0.00023500398557840807,0.0016
0.0866514779366824,0.7499625478185521,0.2,0.19988578786688943,0.00011421213311058054,0.0016
0.0866514779366824,0.8080690051620618,0.216,0.21621830854375212,0.00021830854375212705,0.0016
0.0866514779366824,0.8706775011671474,0.2336,0.23323892730747847,0.0003610726925215302,0.0016
0.0866514779366824,0.9381368499422049,0.25120000000000003,0.2509521571273482,0.0002478428726518378,0.0016
0.0866514779366824,1.0108228914146788,0.26880000000000004,0.26936061313893755,0.0005606131389375157,0.0016
0.0866514779366824,1.0891405852684266,0.28800000000000003,0.2884649837312754,0.000464983731275348,0.0016
0.0866514779366824,1.173526267117564,0.3088,0.30826402290892707,0.0005359770910729478,0.0016
0.0866514779366824,1.264450079486729,0.328,0.3287545641084658,0.000754564108465805,0.0016
0.0866514779366824,1.3624185911416191,0.3504,0.3499315551449585,0.00046844485504149436,0.0016
0.0866514779366824,1.467977619363024,0.37120000000000003,0.37178811347326246,0.0005881134732624305,0.0016
0.0866514779366824,1.581715270888233,0.3936,0.39431560049051906,0.0007156004905190527,0.0016
0.0866514779366824,1.7042652184619906,0.4176,0.4175037131977325,9.628680226753117e-05,0.0016
0.0866514779366824,1.836310231251813,0.44160000000000005,0.44134059119419444,0.00025940880580560544,0.0016
0.0866514779366824,1.9785859787968756,0.4656,0.4658129367096247,0.00021293670962468925,0.0016
0.0866514779366824,2.1318851296835977,0.4912,0.49090614519181885,0.00029385480818117093,0.0016
0.0866514779366824,2.297061767783123,0.5168,0.5166044438647255,0.00019555613527455495,0.0016
0.0866514779366824,2.475036150655092,0.5424,0.5428910356513826,0.000491035651382643,0.0016
0.0866514779366824,2.6667998366284884,0.5696,0.5697482459125718,0.0001482459125717872,0.0016
0.0866514779366824,2.8734212091243085,0.5968,0.5971576695768497,0.00035766957684968403,0.0016
0.0866514779366824,3.0960514289980536,0.6256,0.6251003164200089,0.0004996835799911947,0.0016
0.0866514779366824,3.3359308480646077,0.6528,0.653556752479747,0.000756752479746936,0.0016
0.0866514779366824,3.5943959195375657,0.6832,0.6825072358516002,0.0006927641483998048,0.0016
0.0866514779366824,3.8728866438834793,0.7120000000000001,0.7119318453922854,6.815460771469883e-05,0.0016
0.0866514779366824,4.172954591574528,0.7424000000000001,0.7418106011446687,0.00058939885533138,0.0016
0.0866514779366824,4.496271547437228,0.7728,0.772123575583979,0.0006764244160210042,0.0016
0.0866514779366824,4.844638824757865,0.8032,0.8028509950586366,0.00034900494136347326,0.0016
0.0866514779366824,5.219997301036887,0.8336,0.8339733310540013,0.0003733310540012802,0.0016
0.0866514779366824,5.62443823130494,0.8656,0.8654713811380725,0.0001286188619274986,0.0016
0.0866514779366824,6.060214899245428,0.8976000000000001,0.8973263396512032,0.00027366034879683365,0.0016
0.0866514779366824,6.529755171036042,0.9296000000000001,0.9295198583752451,8.014162475500353e-05,0.0016
0.0866514779366824,7.035675021851269,0.9616,0.9620340975607834,0.00043409756078338635,0.0016
0.0866514779366824,7.58079311038668,0.9952000000000001,0.9948517678048685,0.00034823219513158143,0.0016
0.0866514779366824,8.168146482604984,1.0272000000000001,1.0279561633575904,0.0007561633575903226,0.0016
0.0866514779366824,8.801007492194831,1.0608,1.061331187496166,0.0005311874961659857,0.0016
0.0866514779366824,9.482902032012383,1.0944,1.0949613706427337,0.0005613706427336496,0.0016
0.0866514779366824,10.217629178079317,1.1296000000000002,1.1288318819196521,0.0007681180803480459,0.0016
0.0866514779366824,11.009282355581066,1.1632,1.1629285348369043,0.0002714651630957299,0.0016
0.0866514779366824,11.862272144788507,1.1968,1.1972377877931426,0.0004377877931425189,0.0016
0.0866514779366824,12.781350853962953,1.232,1.2317467400478215,0.0002532599521785084,0.0016
0.0866514779366824,13.77163899614884,1.2672,1.2664431237893554,0.0007568762106446858,0.0016
0.0866514779366824,14.838653817365689,1.3008,1.3013152928856153,0.0005152928856153594,0.0016
0.0866514779366824,15.988340035139956,1.336,1.3363522088603734,0.00035220886037334864,0.0016
0.0866514779366824,17.227102958632177,1.3712,1.3715434245942655,0.00034342459426550676,0.0016
0.0866514779366824,18.56184417488314,1.4064,1.4068790662028525,0.0004790662028524295,0.0016
0.0866514779366824,20.000000000000004,1.4416,1.4423498134986654,0.0007498134986654303,0.0016
0.09281682764962818,0.1,0.0,0.0,0.0,0.0016
0.09281682764962818,0.1077479145475366,0.0,0.0,0.0,0.0016
0.09281682764962818,0.11609613089343249,0.0,0.0,0.0,0.0016
0.09281682764962818,0.12509115990805186,0.0,0.0,0.0,0.0016
0.09281682764962818,0.1347831160842501,0.0,0.0,0.0,0.0016
0.09281682764962818,0.14522599674296482,0.0,0.0,0.0,0.0016
0.09281682764962818,0.15647798287141804,0.0,0.0,0.0,0.0016
0.09281682764962818,0.1686017632700044,0.0,0.0,0.0,0.0016
0.09281682764962818,0.18166488381380433,0.0,0.0,0.0,0.0016
0.09281682764962818,0.19574012377457947,0.0048000000000000004,0.004243991111970808,0.000556008888029192,0.0016
0.09281682764962818,0.21090590129987632,0.0112,0.01054569818427766,0.0006543018157223399,0.0016
0.09281682764962818,0.22724671030830257,0.0176,0.017247925766538393,0.0003520742334616085,0.0016
0.09281682764962818,0.24485359123507788,0.024,0.02437028185991309,0.00037028185991308873,0.0016
0.09281682764962818,0.26382463825054625,0.032,0.031932594329268205,6.740567073179604e-05,0.0016
0.09281682764962818,0.28426554577754615,0.04,0.03995481667914718,4.518332085282073e-05,0.0016
0.09281682764962818,0.3062901973524789,0.048,0.04845692373506232,0.0004569237350623215,0.0016
0.09281682764962818,0.3300213001108302,0.057600000000000005,0.05745879767308121,0.00014120232691879758,0.0016
0.09281682764962818,0.3555910684320866,0.06720000000000001,0.06698010510165772,0.0002198948983422877,0.0016
0.09281682764962818,0.3831419605528771,0.07680000000000001,0.07704016617760154,0.0002401661776015307,0.0016
0.09281682764962818,0.41282747225227034,0.08800000000000001,0.08765781702524543,0.00034218297475457904,0.0016
0.09281682764962818,0.4448129920311316,0.09920000000000001,0.09885126701478937,0.00034873298521063967,0.0016
0.09281682764962818,0.47927672255004444,0.11040000000000001,0.11063795273144816,0.00023795273144815166,0.0016
0.09281682764962818,0.516410673459456,0.1232,0.12303439071922645,0.0001656092807735543,0.0016
0.09281682764962818,0.5564217311534528,0.136,0.1360560312991041,5.6031299104086774e-05,0.0016
0.09281682764962818,0.5995328114071461,0.1504,0.1497171159283995,0.000682884071600498,0.0016
0.09281682764962818,0.6459841013194154,0.1648,0.16403054067417325,0.0007694593258267546,0.0016
0.09281682764962818,0.696034397480316,0.1792,0.17900772840853235,0.0001922715914676465,0.0016
0.09281682764962818,0.7499625478185521,0.1952,0.19465851228984335,0.0005414877101566629,0.0016
0.09281682764962818,0.8080690051620618,0.2112,0.21099103296670607,0.00020896703329392752,0.0016
0.09281682764962818,0.8706775011671474,0.2288,0.22801165173043242,0.0007883482695675847,0.0016
0.09281682764962818,0.9381368499422049,0.2464,0.2457248815503022,0.0006751184496978091,0.0016
0.09281682764962818,1.0108228914146788,0.264,0.26413333756189156,0.00013333756189154444,0.0016
0.09281682764962818,1.0891405852684266,0.2832,0.28323770815422933,3.770815422932117e-05,0.0016
0.09281682764962818,1.173526267117564,0.3024,0.303036747331881,0.0006367473318810157,0.0016
0.09281682764962818,1.264450079486729,0.32320000000000004,0.32352728853141977,0.0003272885314197227,0.0016
0.09281682764962818,1.3624185911416191,0.34400000000000003,0.3447042795679125,0.0007042795679124692,0.0016
0.09281682764962818,1.467977619363024,0.3664,0.3665608378962164,0.00016083789621640365,0.0016
0.09281682764962818,1.581715270888233,0.38880000000000003,0.389088324913473,0.0002883249134729704,0.0016
0.09281682764962818,1.7042652184619906,0.4128,0.4122764376206865,0.0005235623793135025,0.0016
0.09281682764962818,1.836310231251813,0.4368,0.4361133156171484,0.0006866843828516322,0.0016
0.09281682764962818,1.9785859787968756,0.46080000000000004,0.46058566113257865,0.00021433886742139308,0.0016
0.09281682764962818,2.1318851296835977,0.4864,0.4856788696147727,0.0007211303852273088,0.0016
0.09281682764962818,2.297061767783123,0.512,0.5113771682876794,0.0006228317123205818,0.0016
0.09281682764962818,2.475036150655092,0.5376000000000001,0.5376637600743366,6.376007433650521e-05,0.0016
0.09281682764962818,2.6667998366284884,0.5648000000000001,0.5645209703355257,0.0002790296644743506,0.0016
0.09281682764962818,2.8734212091243085,0.5920000000000001,0.5919303939998037,6.960600019634278e-05,0.0016
0.09281682764962818,3.0960514289980536,0.6192000000000001,0.6198730408429628,0.0006730408429627133,0.0016
0.09281682764962818,3.3359308480646077,0.648,0.6483294769027009,0.00032947690270090924,0.0016
0.09281682764962818,3.5943959195375657,0.6768000000000001,0.6772799602745541,0.00047996027455399215,0.0016
0.09281682764962818,3.8728866438834793,0.7072,0.7067045698152393,0.0004954301847607256,0.0016
0.09281682764962818,4.172954591574528,0.736,0.7365833255676227,0.00058332556762275,0.0016
0.09281682764962818,4.496271547437228,0.7664000000000001,0.7668963000069329,0.0004963000069327927,0.0016
0.09281682764962818,4.844638824757865,0.7984,0.7976237194815904,0.0007762805184096111,0.0016
0.09281682764962818,5.219997301036887,0.8288000000000001,0.8287460554769552,5.394452304485764e-05,0.0016
0.09281682764962818,5.62443823130494,0.8608,0.8602441055610265,0.0005558944389735254,0.0016
0.09281682764962818,6.060214899245428,0.8928,0.8920990640741572,0.0007009359258428605,0.0016
0.09281682764962818,6.529755171036042,0.9248000000000001,0.924292582798199,0.0005074172018010303,0.0016
0.09281682764962818,7.035675021851269,0.9568000000000001,0.9568068219837372,6.821983737137494e-06,0.0016
0.09281682764962818,7.58079311038668,0.9904000000000001,0.9896244922278224,0.0007755077721776082,0.0016
0.09281682764962818,8.168146482604984,1.0224,1.0227288877805443,0.0003288877805442958,0.0016
0.09281682764962818,8.801007492194831,1.056,1.0561039119191198,0.00010391191911973685,0.0016
0.09281682764962818,9.482902032012383,1.0896000000000001,1.0897340950656877,0.00013409506568762275,0.0016
0.09281682764962818,10.217629178079317,1.1232,1.1236046063426062,0.0004046063426061952,0.0016
0.09281682764962818,11.009282355581066,1.1584,1.1577012592598581,0.0006987407401419787,0.0016
0.09281682764962818,11.862272144788507,1.192,1.1920105122160964,1.051221609649211e-05,0.0016
0.09281682764962818,12.781350853962953,1.2272,1.2265194644707753,0.0006805355292247572,0.0016
0.09281682764962818,13.77163899614884,1.2608000000000001,1.2612158482123095,0.0004158482123093332,0.0016
0.09281682764962818,14.838653817365689,1.296,1.2960880173085692,8.80173085691105e-05,0.0016
0.09281682764962818,15.988340035139956,1.3312000000000002,1.3311249332833275,7.506671667267817e-05,0.0016
0.09281682764962818,17.227102958632177,1.3664,1.3663161490172193,8.38509827807421e-05,0.0016
0.09281682764962818,18.56184417488314,1.4016,1.4016517906258064,5.17906258064027e-05,0.0016
0.09281682764962818,20.000000000000004,1.4368,1.4371225379216195,0.00032253792161940353,0.0016
0.09942084890041779,0.1,0.0,0.0,0.0,0.0016
0.09942084890041779,0.1077479145475366,0.0,0.0,0.0,0.0016
0.09942084890041779,0.11609613089343249,0.0,0.0,0.0,0.0016
0.09942084890041779,0.12509115990805186,0.0,0.0,0.0,0.0016
0.09942084890041779,0.1347831160842501,0.0,0.0,0.0,0.0016
0.09942084890041779,0.14522599674296482,0.0,0.0,0.0,0.0016
0.09942084890041779,0.15647798287141804,0.0,0.0,0.0,0.0016
0.09942084890041779,0.1686017632700044,0.0,0.0,0.0,0.0016
0.09942084890041779,0.18166488381380433,0.0,0.0,0.0,0.0016
0.09942084890041779,0.19574012377457947,0.0,0.0,0.0,0.0016
0.09942084890041779,0.21090590129987632,0.0048000000000000004,0.00500645972148407,0.00020645972148406952,0.0016
0.09942084890041779,0.22724671030830257,0.0112,0.011708687303744813,0.000508687303744813,0.0016
0.09942084890041779,0.24485359123507788,0.019200000000000002,0.018831043397119412,0.00036895660288058935,0.0016
0.09942084890041779,0.26382463825054625,0.0256,0.026393355866474597,0.000793355866474596,0.0016
0.09942084890041779,0.28426554577754615,0.0352,0.03441557821635357,0.0007844217836464329,0.0016
0.09942084890041779,0.3062901973524789,0.0432,0.042917685272268725,0.0002823147277312768,0.0016
0.09942084890041779,0.3300213001108302,0.0512,0.05191955921028759,0.0007195592102875875,0.0016
0.09942084890041779,0.3555910684320866,0.0608,0.06144086663886409,0.0006408666388640905,0.0016
0.09942084890041779,0.3831419605528771,0.07200000000000001,0.07150092771480793,0.0004990722851920815,0.0016
0.09942084890041779,0.41282747225227034,0.0816,0.08211857856245176,0.0005185785624517575,0.0016
0.09942084890041779,0.4448129920311316,0.09280000000000001,0.09331202855199576,0.0005120285519957524,0.0016
0.09942084890041779,0.47927672255004444,0.1056,0.1050987142686546,0.000501285731345405,0.0016
0.09942084890041779,0.516410673459456,0.1168,0.11749515225643281,0.00069515225643281,0.0016
0.09942084890041779,0.5564217311534528,0.1312,0.1305167928363105,0.0006832071636894976,0.0016
0.09942084890041779,0.5995328114071461,0.14400000000000002,0.14417787746560587,0.00017787746560585238,0.0016
0.09942084890041779,0.6459841013194154,0.1584,0.1584913022113796,9.130221137959582e-05,0.0016
0.09942084890041779,0.696034397480316,0.1728,0.1734684899457387,0.0006684899457387039,0.0016
0.09942084890041779,0.7499625478185521,0.1888,0.18911927382704974,0.00031927382704974305,0.0016
0.09942084890041779,0.8080690051620618,0.2048,0.20545179450391243,0.0006517945039124229,0.0016
0.09942084890041779,0.8706775011671474,0.22240000000000001,0.22247241326763878,7.241326763876565e-05,0.0016
0.09942084890041779,0.9381368499422049,0.24000000000000002,0.24018564308750853,0.00018564308750851355,0.0016
0.09942084890041779,1.0108228914146788,0.2592,0.2585940990990979,0.0006059009009020677,0.0016
0.09942084890041779,1.0891405852684266,0.27840000000000004,0.2776984696914357,0.0007015303085643465,0.0016
0.09942084890041779,1.173526267117564,0.29760000000000003,0.2974975088690874,0.00010249113091265194,0.0016
0.09942084890041779,1.264450079486729,0.3184,0.31798805006862607,0.000411949931373945,0.0016
0.09942084890041779,1.3624185911416191,0.3392,0.3391650411051188,3.495889488119852e-05,0.0016
0.09942084890041779,1.467977619363024,0.36160000000000003,0.3610215994334227,0.0005784005665773195,0.0016
0.09942084890041779,1.581715270888233,0.384,0.3835490864506794,0.00045091354932058625,0.0016
0.09942084890041779,1.7042652184619906,0.40640000000000004,0.4067371991578928,0.00033719915789276467,0.0016
0.09942084890041779,1.836310231251813,0.4304,0.43057407715435475,0.0001740771543547459,0.0016
0.09942084890041779,1.9785859787968756,0.4544,0.455046422669785,0.0006464226697849851,0.0016
0.09942084890041779,2.1318851296835977,0.48000000000000004,0.48013963115197916,0.0001396311519791249,0.0016
0.09942084890041779,2.297061767783123,0.5056,0.5058379298248858,0.0002379298248857964,0.0016
0.09942084890041779,2.475036150655092,0.5328,0.5321245216115429,0.0006754783884571625,0.0016
0.09942084890041779,2.6667998366284884,0.5584,0.5589817318727321,0.0005817318727321386,0.0016
0.09942084890041779,2.8734212091243085,0.5856,0.58639115553701,0.0007911555370100354,0.0016
0.09942084890041779,3.0960514289980536,0.6144000000000001,0.6143338023801692,6.619761983084338e-05,0.0016
0.09942084890041779,3.3359308480646077,0.6432,0.6427902384399072,0.00040976156009275844,0.0016
0.09942084890041779,3.5943959195375657,0.672,0.6717407218117605,0.0002592781882395645,0.0016
0.09942084890041779,3.8728866438834793,0.7008,0.7011653313524457,0.00036533135244576354,0.0016
0.09942084890041779,4.172954591574528,0.7312000000000001,0.7310440871048292,0.00015591289517091766,0.0016
0.09942084890041779,4.496271547437228,0.7616,0.7613570615441393,0.0002429384558607639,0.0016
0.09942084890041779,4.844638824757865,0.792,0.7920844810187968,8.448101879676706e-05,0.0016
0.09942084890041779,5.219997301036887,0.8240000000000001,0.8232068170141615,0.0007931829858385253,0.0016
0.09942084890041779,5.62443823130494,0.8544,0.8547048670982329,0.00030486709823285274,0.0016
0.09942084890041779,6.060214899245428,0.8864000000000001,0.8865598256113636,0.0001598256113635177,0.0016
0.09942084890041779,6.529755171036042,0.9184,0.9187533443354053,0.0003533443354053478,0.0016
0.09942084890041779,7.035675021851269,0.9520000000000001,0.9512675835209436,0.0007324164790564192,0.0016
0.09942084890041779,7.58079311038668,0.9840000000000001,0.9840852537650289,8.525376502876991e-05,0.0016
0.09942084890041779,8.168146482604984,1.0176,1.0171896493177506,0.0004103506822494829,0.0016
0.09942084890041779,8.801007492194831,1.0512000000000001,1.0505646734563263,0.0006353265436738198,0.0016
0.09942084890041779,9.482902032012383,1.0848,1.084194856602894,0.0006051433971059339,0.0016
0.09942084890041779,10.217629178079317,1.1184,1.1180653678798125,0.0003346321201875835,0.0016
0.09942084890041779,11.009282355581066,1.1520000000000001,1.1521620207970646,0.00016202079706451045,0.0016
0.09942084890041779,11.862272144788507,1.1872,1.1864712737533027,0.0007287262466972866,0.0016
0.09942084890041779,12.781350853962953,1.2208,1.2209802260079816,0.0001802260079815099,0.0016
0.09942084890041779,13.77163899614884,1.256,1.2556766097495158,0.00032339025048422343,0.0016
0.09942084890041779,14.838653817365689,1.2912000000000001,1.2905487788457757,0.0006512211542244462,0.0016
0.09942084890041779,15.988340035139956,1.3248,1.3255856948205338,0.000785694820533811,0.0016
0.09942084890041779,17.227102958632177,1.36,1.3607769105544258,0.0007769105544257471,0.0016
0.09942084890041779,18.56184417488314,1.3968,1.3961125521630127,0.000687447836987376,0.0016
0.09942084890041779,20.000000000000004,1.4320000000000002,1.4315832994588258,0.00041670054117437516,0.0016
0.10649475366032188,0.1,0.0,0.0,0.0,0.0016
0.10649475366032188,0.1077479145475366,0.0,0.0,0.0,0.0016
0.10649475366032188,0.11609613089343249,0.0,0.0,0.0,0.0016
0.10649475366032188,0.12509115990805186,0.0,0.0,0.0,0.0016
0.10649475366032188,0.1347831160842501,0.0,0.0,0.0,0.0016
0.10649475366032188,0.14522599674296482,0.0,0.0,0.0,0.0016
0.10649475366032188,0.15647798287141804,0.0,0.0,0.0,0.0016
0.10649475366032188,0.1686017632700044,0.0,0.0,0.0,0.0016
0.10649475366032188,0.18166488381380433,0.0,0.0,0.0,0.0016
0.10649475366032188,0.19574012377457947,0.0,0.0,0.0,0.0016
0.10649475366032188,0.21090590129987632,0.0,0.0,0.0,0.0016
0.10649475366032188,0.22724671030830257,0.0064,0.005842616838921459,0.000557383161078541,0.0016
0.10649475366032188,0.24485359123507788,0.0128,0.012964972932296088,0.0001649729322960869,0.0016
0.10649475366032188,0.26382463825054625,0.020800000000000003,0.020527285401651312,0.00027271459834869033,0.0016
0.10649475366032188,0.28426554577754615,0.028800000000000003,0.028549507751530277,0.0002504922484697254,0.0016
0.10649475366032188,0.3062901973524789,0.0368,0.037051614807445406,0.0002516148074454064,0.0016
0.10649475366032188,0.3300213001108302,0.046400000000000004,0.04605348874546427,0.0003465112545357335,0.0016
0.10649475366032188,0.3555910684320866,0.056,0.05557479617404074,0.0004252038259592583,0.0016
0.10649475366032188,0.3831419605528771,0.0656,0.06563485724998466,3.4857249984657224e-05,0.0016
0.10649475366032188,0.41282747225227034,0.07680000000000001,0.07625250809762851,0.0005474919023714941,0.0016
0.10649475366032188,0.4448129920311316,0.08800000000000001,0.08744595808717248,0.000554041912827527,0.0016
0.10649475366032188,0.47927672255004444,0.09920000000000001,0.09923264380383129,3.2643803831278184e-05,0.0016
0.10649475366032188,0.516410673459456,0.112,0.1116290817916095,0.00037091820839049716,0.0016
0.10649475366032188,0.5564217311534528,0.12480000000000001,0.12465072237148715,0.0001492776285128561,0.0016
0.10649475366032188,0.5995328114071461,0.1376,0.13831180700078263,0.0007118070007826327,0.0016
0.10649475366032188,0.6459841013194154,0.152,0.15262523174655632,0.0006252317465563206,0.0016
0.10649475366032188,0.696034397480316,0.168,0.16760241948091545,0.0003975805190845616,0.0016
0.10649475366032188,0.7499625478185521,0.184,0.18325320336222645,0.0007467966377735502,0.0016
0.10649475366032188,0.8080690051620618,0.2,0.19958572403908914,0.0004142759609108704,0.0016
0.10649475366032188,0.8706775011671474,0.216,0.21660634280281552,0.0006063428028155182,0.0016
0.10649475366032188,0.9381368499422049,0.2336,0.2343195726226852,0.0007195726226852106,0.0016
0.10649475366032188,1.0108228914146788,0.2528,0.25272802863427457,7.197136572545393e-05,0.0016
0.10649475366032188,1.0891405852684266,0.272,0.2718323992266124,0.0001676007733876217,0.0016
0.10649475366032188,1.173526267117564,0.2912,0.2916314384042641,0.00043143840426407287,0.0016
0.10649475366032188,1.264450079486729,0.312,0.3121219796038028,0.00012197960380277983,0.0016
0.10649475366032188,1.3624185911416191,0.33280000000000004,0.3332989706402955,0.0004989706402954708,0.0016
0.10649475366032188,1.467977619363024,0.3552,0.3551555289685994,4.447103140059472e-05,0.0016
0.10649475366032188,1.581715270888233,0.3776,0.3776830159858561,8.301598585608305e-05,0.0016
0.10649475366032188,1.7042652184619906,0.4016,0.40087112869306957,0.0007288713069304453,0.0016
0.10649475366032188,1.836310231251813,0.42400000000000004,0.42470800668953146,0.0007080066895314152,0.0016
0.10649475366032188,1.9785859787968756,0.4496,0.44918035220496166,0.00041964779503833594,0.0016
0.10649475366032188,2.1318851296835977,0.4736,0.4742735606871558,0.0006735606871557942,0.0016
0.10649475366032188,2.297061767783123,0.49920000000000003,0.4999718593600625,0.0007718593600624657,0.0016
0.10649475366032188,2.475036150655092,0.5264,0.5262584511467197,0.00014154885328032663,0.0016
0.10649475366032188,2.6667998366284884,0.5536,0.5531156614079088,0.00048433859209118246,0.0016
0.10649475366032188,2.8734212091243085,0.5808,0.5805250850721868,0.0002749149278131746,0.0016
0.10649475366032188,3.0960514289980536,0.608,0.6084677319153459,0.00046773191534588143,0.0016
0.10649475366032188,3.3359308480646077,0.6368,0.636924167975084,0.00012416797508396638,0.0016
0.10649475366032188,3.5943959195375657,0.6656000000000001,0.6658746513469372,0.0002746513469371603,0.0016
0.10649475366032188,3.8728866438834793,0.6960000000000001,0.6952992608876224,0.0007007391123776685,0.0016
0.10649475366032188,4.172954591574528,0.7248,0.7251780166400058,0.00037801664000580715,0.0016
0.10649475366032188,4.496271547437228,0.7552,0.7554909910793159,0.0002909910793159609,0.0016
0.10649475366032188,4.844638824757865,0.7856000000000001,0.7862184105539736,0.0006184105539734919,0.0016
0.10649475366032188,5.219997301036887,0.8176,0.8173407465493383,0.0002592534506616895,0.0016
0.10649475366032188,5.62443823130494,0.8496,0.8488387966334096,0.0007612033665904683,0.0016
0.10649475366032188,6.060214899245428,0.88,0.8806937551465402,0.0006937551465402425,0.0016
0.10649475366032188,6.529755171036042,0.9136000000000001,0.9128872738705821,0.0007127261294179732,0.0016
0.10649475366032188,7.035675021851269,0.9456,0.9454015130561203,0.00019848694387969434,0.0016
0.10649475366032188,7.58079311038668,0.9776,0.9782191833002055,0.0006191833002054947,0.0016
0.10649475366032188,8.168146482604984,1.0112,1.0113235788529273,0.0001235788529272419,0.0016
0.10649475366032188,8.801007492194831,1.0448,1.0446986029915029,0.00010139700849709499,0.0016
0.10649475366032188,9.482902032012383,1.0784,1.0783287861380708,7.121386192920909e-05,0.0016
0.10649475366032188,10.217629178079317,1.112,1.1121992974149892,0.00019929741498914133,0.0016
0.10649475366032188,11.009282355581066,1.1456,1.1462959503322412,0.0006959503322412353,0.0016
0.10649475366032188,11.862272144788507,1.1808,1.1806052032884795,0.00019479671152056177,0.0016
0.10649475366032188,12.781350853962953,1.2144000000000001,1.2151141555431584,0.0007141555431582347,0.0016
0.10649475366032188,13.77163899614884,1.2496,1.2498105392846925,0.00021053928469250138,0.0016
0.10649475366032188,14.838653817365689,1.2848000000000002,1.2846827083809524,0.00011729161904772134,0.0016
0.10649475366032188,15.988340035139956,1.32,1.3197196243557106,0.00028037564428951,0.0016
0.10649475366032188,17.227102958632177,1.3552,1.3549108400896024,0.00028915991039757394,0.0016
0.10649475366032188,18.56184417488314,1.3904,1.3902464816981894,0.00015351830181065118,0.0016
0.10649475366032188,20.000000000000004,1.4256,1.4257172289940026,0.0001172289940025717,0.0016
0.1140719746673273,0.1,0.0,0.0,0.0,0.0016
0.1140719746673273,0.1077479145475366,0.0,0.0,0.0,0.0016
0.1140719746673273,0.11609613089343249,0.0,0.0,0.0,0.0016
0.1140719746673273,0.12509115990805186,0.0,0.0,0.0,0.0016
0.1140719746673273,0.1347831160842501,0.0,0.0,0.0,0.0016
0.1140719746673273,0.14522599674296482,0.0,0.0,0.0,0.0016
0.1140719746673273,0.15647798287141804,0.0,0.0,0.0,0.0016
0.1140719746673273,0.1686017632700044,0.0,0.0,0.0,0.0016
0.1140719746673273,0.18166488381380433,0.0,0.0,0.0,0.0016
0.1140719746673273,0.19574012377457947,0.0,0.0,0.0,0.0016
0.1140719746673273,0.21090590129987632,0.0,0.0,0.0,0.0016
0.1140719746673273,0.22724671030830257,0.0,0.0,0.0,0.0016
0.1140719746673273,0.24485359123507788,0.0064,0.0067569400799331915,0.0003569400799331912,0.0016
0.1140719746673273,0.26382463825054625,0.014400000000000001,0.014319252549288434,8.074745071156783e-05,0.0016
0.1140719746673273,0.28426554577754615,0.0224,0.0223414748991674,5.852510083259946e-05,0.0016
0.1140719746673273,0.3062901973524789,0.0304,0.030843581955082477,0.00044358195508247683,0.0016
0.1140719746673273,0.3300213001108302,0.04,0.03984545589310143,0.00015454410689857284,0.0016
0.1140719746673273,0.3555910684320866,0.049600000000000005,0.049366763321677866,0.0002332366783221393,0.0016
0.1140719746673273,0.3831419605528771,0.0592,0.059426824397621716,0.0002268243976217138,0.0016
0.1140719746673273,0.41282747225227034,0.0704,0.07004447524526564,0.0003555247547343682,0.0016
0.1140719746673273,0.4448129920311316,0.0816,0.08123792523480959,0.0003620747651904149,0.0016
0.1140719746673273,0.47927672255004444,0.09280000000000001,0.09302461095146834,0.00022461095146833476,0.0016
0.1140719746673273,0.516410673459456,0.1056,0.10542104893924659,0.00017895106075341283,0.0016
0.1140719746673273,0.5564217311534528,0.1184,0.11844268951912432,4.2689519124311515e-05,0.0016
0.1140719746673273,0.5995328114071461,0.1328,0.1321037741484197,0.000696225851580301,0.0016
0.1140719746673273,0.6459841013194154,0.1472,0.14641719889419338,0.0007828011058066131,0.0016
0.1140719746673273,0.696034397480316,0.16160000000000002,0.16139438662855252,0.00020561337144750502,0.0016
0.1140719746673273,0.7499625478185521,0.1776,0.17704517050986354,0.0005548294901364659,0.0016
0.1140719746673273,0.8080690051620618,0.19360000000000002,0.1933776911867262,0.0002223088132738138,0.0016
0.1140719746673273,0.8706775011671474,0.2096,0.2103983099504526,0.0007983099504526026,0.0016
0.1140719746673273,0.9381368499422049,0.2288,0.22811153977032236,0.0006884602296776399,0.0016
0.1140719746673273,1.0108228914146788,0.2464,0.24651999578191167,0.00011999578191165816,0.0016
0.1140719746673273,1.0891405852684266,0.2656,0.2656243663742495,2.4366374249518152e-05,0.0016
0.1140719746673273,1.173526267117564,0.2848,0.2854234055519012,0.0006234055519012127,0.0016
0.1140719746673273,1.264450079486729,0.30560000000000004,0.3059139467514399,0.00031394675143986417,0.0016
0.1140719746673273,1.3624185911416191,0.3264,0.32709093778793263,0.0006909377879326106,0.0016
0.1140719746673273,1.467977619363024,0.3488,0.34894749611623654,0.00014749611623654513,0.0016
0.1140719746673273,1.581715270888233,0.37120000000000003,0.3714749831334932,0.0002749831334931674,0.0016
0.1140719746673273,1.7042652184619906,0.3952,0.39466309584070663,0.000536904159293361,0.0016
0.1140719746673273,1.836310231251813,0.4192,0.41849997383716847,0.0007000261628315463,0.0016
0.1140719746673273,1.9785859787968756,0.44320000000000004,0.4429723193525988,0.0002276806474012516,0.0016
0.1140719746673273,2.1318851296835977,0.46880000000000005,0.46806552783479294,0.0007344721652071118,0.0016
0.1140719746673273,2.297061767783123,0.4944,0.4937638265076996,0.0006361734923003848,0.0016
0.1140719746673273,2.475036150655092,0.52,0.5200504182943567,5.04182943567022e-05,0.0016
0.1140719746673273,2.6667998366284884,0.5472,0.5469076285555459,0.00029237144445415364,0.0016
0.1140719746673273,2.8734212091243085,0.5744,0.5743170522198239,8.294778017614579e-05,0.0016
0.1140719746673273,3.0960514289980536,0.6016,0.602259699062983,0.0006596990629830213,0.0016
0.1140719746673273,3.3359308480646077,0.6304000000000001,0.6307161351227211,0.0003161351227209952,0.0016
0.1140719746673273,3.5943959195375657,0.6592,0.6596666184945743,0.00046661849457430016,0.0016
0.1140719746673273,3.8728866438834793,0.6896,0.6890912280352596,0.0005087719647404176,0.0016
0.1140719746673273,4.172954591574528,0.7184,0.7189699837876429,0.000569983787642836,0.0016
0.1140719746673273,4.496271547437228,0.7488,0.7492829582269531,0.00048295822695310076,0.0016
0.1140719746673273,4.844638824757865,0.7808,0.7800103777016106,0.0007896222983894141,0.0016
0.1140719746673273,5.219997301036887,0.8112,0.8111327136969754,6.728630302466065e-05,0.0016
0.1140719746673273,5.62443823130494,0.8432000000000001,0.8426307637810466,0.0005692362189534395,0.0016
0.1140719746673273,6.060214899245428,0.8752000000000001,0.8744857222941773,0.0007142777058227745,0.0016
0.1140719746673273,6.529755171036042,0.9072,0.9066792410182192,0.0005207589817808334,0.0016
0.1140719746673273,7.035675021851269,0.9392,0.9391934802037575,6.519796242554499e-06,0.0016
0.1140719746673273,7.58079311038668,0.9728,0.9720111504478427,0.0007888495521573002,0.0016
0.1140719746673273,8.168146482604984,1.0048000000000001,1.0051155460005645,0.00031554600056438176,0.0016
0.1140719746673273,8.801007492194831,1.0384,1.03849057013914,9.057013914004486e-05,0.0016
0.1140719746673273,9.482902032012383,1.072,1.072120753285708,0.00012075328570793076,0.0016
0.1140719746673273,10.217629178079317,1.1056000000000001,1.1059912645626264,0.0003912645626262812,0.0016
0.1140719746673273,11.009282355581066,1.1408,1.1400879174798784,0.0007120825201216707,0.0016
0.1140719746673273,11.862272144788507,1.1744,1.1743971704361165,2.8295638836439707e-06,0.0016
0.1140719746673273,12.781350853962953,1.2096,1.2089061226907956,0.0006938773092044492,0.0016
0.1140719746673273,13.77163899614884,1.2432,1.2436025064323295,0.0004025064323294192,0.0016
0.1140719746673273,14.838653817365689,1.2784,1.2784746755285894,7.46755285894185e-05,0.0016
0.1140719746673273,15.988340035139956,1.3136,1.3135115915033475,8.84084966525922e-05,0.0016
0.1140719746673273,17.227102958632177,1.3488,1.3487028072372396,9.719276276043409e-05,0.0016
0.1140719746673273,18.56184417488314,1.3840000000000001,1.3840384488458266,3.8448845826488665e-05,0.0016
0.1140719746673273,20.000000000000004,1.4192,1.4195091961416395,0.0003091961416394895,0.0016
0.12218832343617667,0.1,0.0,0.0,0.0,0.0016
0.12218832343617667,0.1077479145475366,0.0,0.0,0.0,0.0016
0.12218832343617667,0.11609613089343249,0.0,0.0,0.0,0.0016
0.12218832343617667,0.12509115990805186,0.0,0.0,0.0,0.0016
0.12218832343617667,0.1347831160842501,0.0,0.0,0.0,0.0016
0.12218832343617667,0.14522599674296482,0.0,0.0,0.0,0.0016
0.12218832343617667,0.15647798287141804,0.0,0.0,0.0,0.0016
0.12218832343617667,0.1686017632700044,0.0,0.0,0.0,0.0016
0.12218832343617667,0.18166488381380433,0.0,0.0,0.0,0.0016
0.12218832343617667,0.19574012377457947,0.0,0.0,0.0,0.0016
0.12218832343617667,0.21090590129987632,0.0,0.0,0.0,0.0016
0.12218832343617667,0.22724671030830257,0.0,0.0,0.0,0.0016
0.12218832343617667,0.24485359123507788,0.0,0.0001916031555696808,0.0001916031555696808,0.0016
0.12218832343617667,0.26382463825054625,0.008,0.007753915624924851,0.00024608437507514947,0.0016
0.12218832343617667,0.28426554577754615,0.016,0.01577613797480382,0.00022386202519618023,0.0016
0.12218832343617667,0.3062901973524789,0.024,0.024278245030719056,0.00027824503071905565,0.0016
0.12218832343617667,0.3300213001108302,0.033600000000000005,0.03328011896873784,0.0003198810312621675,0.0016
0.12218832343617667,0.3555910684320866,0.0432,0.04280142639731432,0.00039857360268568537,0.0016
0.12218832343617667,0.3831419605528771,0.0528,0.05286148747325822,6.148747325822324e-05,0.0016
0.12218832343617667,0.41282747225227034,0.064,0.06347913832090211,0.0005208616790978865,0.0016
0.12218832343617667,0.4448129920311316,0.0752,0.074672588310446,0.0005274116895540026,0.0016
0.12218832343617667,0.47927672255004444,0.0864,0.08645927402710485,5.9274027104844196e-05,0.0016
0.12218832343617667,0.516410673459456,0.09920000000000001,0.09885571201488305,0.0003442879851169589,0.0016
0.12218832343617667,0.5564217311534528,0.112,0.11187735259476074,0.00012264740523926232,0.0016
0.12218832343617667,0.5995328114071461,0.12480000000000001,0.12553843722405622,0.0007384372240562126,0.0016
0.12218832343617667,0.6459841013194154,0.13920000000000002,0.13985186196982988,0.0006518619698298589,0.0016
0.12218832343617667,0.696034397480316,0.1552,0.15482904970418895,0.0003709502958110511,0.0016
0.12218832343617667,0.7499625478185521,0.17120000000000002,0.1704798335855,0.000720166414500012,0.0016
0.12218832343617667,0.8080690051620618,0.1872,0.18681235426236273,0.0003876457376372766,0.0016
0.12218832343617667,0.8706775011671474,0.20320000000000002,0.20383297302608913,0.000632973026089112,0.0016
0.12218832343617667,0.9381368499422049,0.22080000000000002,0.22154620284595883,0.0007462028459588044,0.0016
0.12218832343617667,1.0108228914146788,0.24000000000000002,0.23995465885754816,4.534114245186016e-05,0.0016
0.12218832343617667,1.0891405852684266,0.2592,0.25905902944988596,0.00014097055011402793,0.0016
0.12218832343617667,1.173526267117564,0.27840000000000004,0.2788580686275377,0.00045806862753766664,0.0016
0.12218832343617667,1.264450079486729,0.2992,0.2993486098270764,0.0001486098270763736,0.0016
0.12218832343617667,1.3624185911416191,0.32,0.3205256008635691,0.0005256008635691201,0.0016
0.12218832343617667,1.467977619363024,0.34240000000000004,0.3423821591918731,1.784080812694544e-05,0.0016
0.12218832343617667,1.581715270888233,0.3648,0.36490964620912975,0.00010964620912973233,0.0016
0.12218832343617667,1.7042652184619906,0.38880000000000003,0.3880977589163432,0.0007022410836568516,0.0016
0.12218832343617667,1.836310231251813,0.4112,0.411934636912805,0.000734636912805009,0.0016
0.12218832343617667,1.9785859787968756,0.4368,0.43640698242823533,0.00039301757176468666,0.0016
0.12218832343617667,2.1318851296835977,0.46080000000000004,0.4615001909104294,0.0007001909104293325,0.0016
0.12218832343617667,2.297061767783123,0.4864,0.4871984895833361,0.000798489583336115,0.0016
0.12218832343617667,2.475036150655092,0.5136000000000001,0.5134850813699933,0.00011491863000678837,0.0016
0.12218832343617667,2.6667998366284884,0.5408000000000001,0.5403422916311824,0.0004577083688176442,0.0016
0.12218832343617667,2.8734212091243085,0.5680000000000001,0.5677517152954603,0.0002482847045397474,0.0016
0.12218832343617667,3.0960514289980536,0.5952000000000001,0.5956943621386195,0.0004943621386194197,0.0016
0.12218832343617667,3.3359308480646077,0.624,0.6241507981983576,0.00015079819835761565,0.0016
0.12218832343617667,3.5943959195375657,0.6528,0.6531012815702107,0.00030128157021069857,0.0016
0.12218832343617667,3.8728866438834793,0.6832,0.682525891110896,0.0006741088891040192,0.0016
0.12218832343617667,4.172954591574528,0.7120000000000001,0.7124046468632793,0.0004046468632792344,0.0016
0.12218832343617667,4.496271547437228,0.7424000000000001,0.7427176213025896,0.00031762130258949917,0.0016
0.12218832343617667,4.844638824757865,0.7728,0.7734450407772472,0.0006450407772471412,0.0016
0.12218832343617667,5.219997301036887,0.8048000000000001,0.8045673767726118,0.00023262322738826224,0.0016
0.12218832343617667,5.62443823130494,0.8368,0.8360654268566832,0.000734573143316819,0.0016
0.12218832343617667,6.060214899245428,0.8672000000000001,0.8679203853698139,0.0007203853698137808,0.0016
0.12218832343617667,6.529755171036042,0.9008,0.9001139040938556,0.0006860959061444349,0.0016
0.12218832343617667,7.035675021851269,0.9328000000000001,0.9326281432793939,0.0001718567206061561,0.0016
0.12218832343617667,7.58079311038668,0.9648,0.9654458135234791,0.000645813523479144,0.0016
0.12218832343617667,8.168146482604984,0.9984000000000001,0.998550209076201,0.0001502090762008912,0.0016
0.12218832343617667,8.801007492194831,1.032,1.0319252332147766,7.476678522344571e-05,0.0016
0.12218832343617667,9.482902032012383,1.0656,1.0655554163613443,4.4583638655781854e-05,0.0016
0.12218832343617667,10.217629178079317,1.0992,1.0994259276382627,0.0002259276382627906,0.0016
0.12218832343617667,11.009282355581066,1.1328,1.133522580555515,0.0007225805555148845,0.0016
0.12218832343617667,11.862272144788507,1.1680000000000001,1.167831833511753,0.00016816648824713454,0.0016
0.12218832343617667,12.781350853962953,1.2016,1.2023407857664319,0.000740785766431884,0.0016
0.12218832343617667,13.77163899614884,1.2368000000000001,1.237037169507966,0.00023716950796592862,0.0016
0.12218832343617667,14.838653817365689,1.272,1.271909338604226,9.066139577407206e-05,0.0016
0.12218832343617667,15.988340035139956,1.3072000000000001,1.306946254578984,0.00025374542101608277,0.0016
0.12218832343617667,17.227102958632177,1.3424,1.3421374703128761,0.00026252968712392466,0.0016
0.12218832343617667,18.56184417488314,1.3776000000000002,1.3774731119214632,0.0001268880785370019,0.0016
0.12218832343617667,20.000000000000004,1.4128,1.412943859217276,0.00014385921727599893,0.0016
0.13088215951099855,0.1,0.0,0.0,0.0,0.0016
0.13088215951099855,0.1077479145475366,0.0,0.0,0.0,0.0016
0.13088215951099855,0.11609613089343249,0.0,0.0,0.0,0.0016
0.13088215951099855,0.12509115990805186,0.0,0.0,0.0,0.0016
0.13088215951099855,0.1347831160842501,0.0,0.0,0.0,0.0016
0.13088215951099855,0.14522599674296482,0.0,0.0,0.0,0.0016
0.13088215951099855,0.15647798287141804,0.0,0.0,0.0,0.0016
0.13088215951099855,0.1686017632700044,0.0,0.0,0.0,0.0016
0.13088215951099855,0.18166488381380433,0.0,0.0,0.0,0.0016
0.13088215951099855,0.19574012377457947,0.0,0.0,0.0,0.0016
0.13088215951099855,0.21090590129987632,0.0,0.0,0.0,0.0016
0.13088215951099855,0.22724671030830257,0.0,0.0,0.0,0.0016
0.13088215951099855,0.24485359123507788,0.0,0.0,0.0,0.0016
0.13088215951099855,0.26382463825054625,0.0016,0.0008157779117854614,0.0007842220882145386,0.0016
0.13088215951099855,0.28426554577754615,0.009600000000000001,0.00883800026166441,0.0007619997383355916,0.0016
0.13088215951099855,0.3062901973524789,0.0176,0.017340107317579515,0.00025989268242048585,0.0016
0.13088215951099855,0.3300213001108302,0.0256,0.02634198125559842,0.0007419812555984201,0.0016
0.13088215951099855,0.3555910684320866,0.0352,0.03586328868417492,0.0006632886841749161,0.0016
0.13088215951099855,0.3831419605528771,0.046400000000000004,0.04592334976011882,0.00047665023988118643,0.0016
0.13088215951099855,0.41282747225227034,0.056,0.056541000607762654,0.0005410006077626525,0.0016
0.13088215951099855,0.4448129920311316,0.06720000000000001,0.06773445059730662,0.0005344505973066127,0.0016
0.13088215951099855,0.47927672255004444,0.08,0.07952113631396539,0.00047886368603461404,0.0016
0.13088215951099855,0.516410673459456,0.0912,0.09191757430174365,0.0007175743017436426,0.0016
0.13088215951099855,0.5564217311534528,0.1056,0.10493921488162136,0.0006607851183786373,0.0016
0.13088215951099855,0.5995328114071461,0.1184,0.11860029951091673,0.0002002995109167266,0.0016
0.13088215951099855,0.6459841013194154,0.1328,0.13291372425669043,0.0001137242566904284,0.0016
0.13088215951099855,0.696034397480316,0.1472,0.14789091199104956,0.0006909119910495642,0.0016
0.13088215951099855,0.7499625478185521,0.1632,0.1635416958723606,0.00034169587236057564,0.0016
0.13088215951099855,0.8080690051620618,0.1792,0.17987421654922328,0.0006742165492232832,0.0016
0.13088215951099855,0.8706775011671474,0.1968,0.19689483531294968,9.48353129496815e-05,0.0016
0.13088215951099855,0.9381368499422049,0.2144,0.21460806513281938,0.0002080651328193739,0.0016
0.13088215951099855,1.0108228914146788,0.2336,0.23301652114440874,0.0005834788555912629,0.0016
0.13088215951099855,1.0891405852684266,0.2528,0.25212089173674657,0.0006791082632534584,0.0016
0.13088215951099855,1.173526267117564,0.272,0.2719199309143982,8.006908560181936e-05,0.0016
0.13088215951099855,1.264450079486729,0.2928,0.29241047211393695,0.0003895278860630569,0.0016
0.13088215951099855,1.3624185911416191,0.3136,0.3135874631504297,1.2536849570310427e-05,0.0016
0.13088215951099855,1.467977619363024,0.336,0.3354440214787336,0.0005559785212664314,0.0016
0.13088215951099855,1.581715270888233,0.3584,0.35797150849599024,0.00042849150400975367,0.0016
0.13088215951099855,1.7042652184619906,0.3808,0.3811596212032037,0.00035962120320365276,0.0016
0.13088215951099855,1.836310231251813,0.4048,0.40499649919966557,0.0001964991996655785,0.0016
0.13088215951099855,1.9785859787968756,0.4288,0.4294688447150959,0.0006688447150958732,0.0016
0.13088215951099855,2.1318851296835977,0.4544,0.45456205319728993,0.00016205319728990197,0.0016
0.13088215951099855,2.297061767783123,0.48000000000000004,0.48026035187019667,0.000260351870196629,0.0016
0.13088215951099855,2.475036150655092,0.5072,0.5065469436568538,0.0006530563431461633,0.0016
0.13088215951099855,2.6667998366284884,0.5328,0.533404153918043,0.0006041539180429156,0.0016
0.13088215951099855,2.8734212091243085,0.5616,0.5608135775823209,0.0007864224176791224,0.0016
0.13088215951099855,3.0960514289980536,0.5888,0.58875622442548,4.3775574519955285e-05,0.0016
0.13088215951099855,3.3359308480646077,0.6176,0.6172126604852182,0.00038733951478187034,0.0016
0.13088215951099855,3.5943959195375657,0.6464000000000001,0.6461631438570713,0.00023685614292878743,0.0016
0.13088215951099855,3.8728866438834793,0.6752,0.6755877533977566,0.0003877533977565406,0.0016
0.13088215951099855,4.172954591574528,0.7056,0.70546650915014,0.00013349084986002957,0.0016
0.13088215951099855,4.496271547437228,0.736,0.7357794835894501,0.0002205164105498758,0.0016
0.13088215951099855,4.844638824757865,0.7664000000000001,0.7665069030641077,0.00010690306410765515,0.0016
0.13088215951099855,5.219997301036887,0.7984,0.7976292390594724,0.0007707609405276372,0.0016
0.13088215951099855,5.62443823130494,0.8288000000000001,0.8291272891435437,0.0003272891435436298,0.0016
0.13088215951099855,6.060214899245428,0.8608,0.8609822476566743,0.00018224765667429477,0.0016
0.13088215951099855,6.529755171036042,0.8928,0.8931757663807163,0.0003757663807162359,0.0016
0.13088215951099855,7.035675021851269,0.9264,0.9256900055662545,0.0007099944337455311,0.0016
0.13088215951099855,7.58079311038668,0.9584,0.9585076758103397,0.00010767581033965801,0.0016
0.13088215951099855,8.168146482604984,0.992,0.9916120713630615,0.0003879286369384838,0.0016
0.13088215951099855,8.801007492194831,1.0256,1.0249870955016371,0.0006129044983629317,0.0016
0.13088215951099855,9.482902032012383,1.0592000000000001,1.0586172786482049,0.0005827213517952679,0.0016
0.13088215951099855,10.217629178079317,1.0928,1.0924877899251233,0.0003122100748766954,0.0016
0.13088215951099855,11.009282355581066,1.1264,1.1265844428423755,0.00018444284237539854,0.0016
0.13088215951099855,11.862272144788507,1.1616,1.1608936957986136,0.0007063042013863985,0.0016
0.13088215951099855,12.781350853962953,1.1952,1.1954026480532924,0.000202648053292398,0.0016
0.13088215951099855,13.77163899614884,1.2304000000000002,1.2300990317948266,0.0003009682051735574,0.0016
0.13088215951099855,14.838653817365689,1.2656,1.2649712008910865,0.0006287991089135581,0.0016
0.13088215951099855,15.988340035139956,1.3008,1.3000081168658446,0.0007918831341553467,0.0016
0.13088215951099855,17.227102958632177,1.3344,1.3351993325997367,0.0007993325997366352,0.0016
0.13088215951099855,18.56184417488314,1.3712,1.3705349742083237,0.0006650257916762659,0.0016
0.13088215951099855,20.000000000000004,1.4064,1.4060057215041366,0.00039427849586348707,0.0016
0.14019457176045264,0.1,0.0,0.0,0.0,0.0016
0.14019457176045264,0.1077479145475366,0.0,0.0,0.0,0.0016
0.14019457176045264,0.11609613089343249,0.0,0.0,0.0,0.0016
0.14019457176045264,0.12509115990805186,0.0,0.0,0.0,0.0016
0.14019457176045264,0.1347831160842501,0.0,0.0,0.0,0.0016
0.14019457176045264,0.14522599674296482,0.0,0.0,0.0,0.0016
0.14019457176045264,0.15647798287141804,0.0,0.0,0.0,0.0016
0.14019457176045264,0.1686017632700044,0.0,0.0,0.0,0.0016
0.14019457176045264,0.18166488381380433,0.0,0.0,0.0,0.0016
0.14019457176045264,0.19574012377457947,0.0,0.0,0.0,0.0016
0.14019457176045264,0.21090590129987632,0.0,0.0,0.0,0.0016
0.14019457176045264,0.22724671030830257,0.0,0.0,0.0,0.0016
0.14019457176045264,0.24485359123507788,0.0,0.0,0.0,0.0016
0.14019457176045264,0.26382463825054625,0.0,0.0,0.0,0.0016
0.14019457176045264,0.28426554577754615,0.0016,0.0015114725677337864,8.852743226621363e-05,0.0016
0.14019457176045264,0.3062901973524789,0.009600000000000001,0.010013579623648928,0.00041357962364892663,0.0016
0.14019457176045264,0.3300213001108302,0.019200000000000002,0.019015453561667856,0.0001845464383321456,0.0016
0.14019457176045264,0.3555910684320866,0.028800000000000003,0.02853676099024435,0.00026323900975565306,0.0016
0.14019457176045264,0.3831419605528771,0.038400000000000004,0.03859682206618821,0.00019682206618820697,0.0016
0.14019457176045264,0.41282747225227034,0.049600000000000005,0.049214472913832054,0.00038552708616795134,0.0016
0.14019457176045264,0.4448129920311316,0.0608,0.060407922903376016,0.0003920770966239842,0.0016
0.14019457176045264,0.47927672255004444,0.07200000000000001,0.07219460862003482,0.00019460862003481405,0.0016
0.14019457176045264,0.516410673459456,0.0848,0.084591046607813,0.00020895339218700293,0.0016
0.14019457176045264,0.5564217311534528,0.0976,0.09761268718769076,1.2687187690749169e-05,0.0016
0.14019457176045264,0.5995328114071461,0.112,0.11127377181698615,0.0007262281830138495,0.0016
0.14019457176045264,0.6459841013194154,0.12480000000000001,0.12558719656275988,0.0007871965627598704,0.0016
0.14019457176045264,0.696034397480316,0.1408,0.14056438429711895,0.0002356157028810535,0.0016
0.14019457176045264,0.7499625478185521,0.1568,0.15621516817842998,0.0005848318215700143,0.0016
0.14019457176045264,0.8080690051620618,0.1728,0.17254768885529267,0.0002523111447073345,0.0016
0.14019457176045264,0.8706775011671474,0.1888,0.18956830761901905,0.0007683076190190541,0.0016
0.14019457176045264,0.9381368499422049,0.20800000000000002,0.2072815374388888,0.0007184625611112161,0.0016
0.14019457176045264,1.0108228914146788,0.22560000000000002,0.22568999345047816,8.999345047813745e-05,0.0016
0.14019457176045264,1.0891405852684266,0.24480000000000002,0.24479436404281593,5.635957184085827e-06,0.0016
0.14019457176045264,1.173526267117564,0.264,0.2645934032204676,0.000593403220467581,0.0016
0.14019457176045264,1.264450079486729,0.2848,0.28508394442000634,0.00028394442000634346,0.0016
0.14019457176045264,1.3624185911416191,0.30560000000000004,0.3062609354564991,0.0006609354564990344,0.0016
0.14019457176045264,1.467977619363024,0.328,0.328117493784803,0.0001174937848029689,0.0016
0.14019457176045264,1.581715270888233,0.3504,0.35064498080205964,0.0002449808020596467,0.0016
0.14019457176045264,1.7042652184619906,0.3744,0.3738330935092731,0.0005669064907269372,0.0016
0.14019457176045264,1.836310231251813,0.39840000000000003,0.39766997150573496,0.000730028494265067,0.0016
0.14019457176045264,1.9785859787968756,0.4224,0.4221423170211652,0.0002576829788347723,0.0016
0.14019457176045264,2.1318851296835977,0.448,0.4472355255033593,0.000764474496640688,0.0016
0.14019457176045264,2.297061767783123,0.4736,0.47293382417626606,0.000666175823733961,0.0016
0.14019457176045264,2.475036150655092,0.49920000000000003,0.4992204159629232,2.0415962923181485e-05,0.0016
0.14019457176045264,2.6667998366284884,0.5264,0.5260776262241124,0.00032237377588761884,0.0016
0.14019457176045264,2.8734212091243085,0.5536,0.5534870498883903,0.00011295011160972201,0.0016
0.14019457176045264,3.0960514289980536,0.5808,0.5814296967315494,0.0006296967315494451,0.0016
0.14019457176045264,3.3359308480646077,0.6096,0.6098861327912876,0.00028613279128753,0.0016
0.14019457176045264,3.5943959195375657,0.6384000000000001,0.6388366161631408,0.00043661616314072393,0.0016
0.14019457176045264,3.8728866438834793,0.6688000000000001,0.668261225703826,0.0005387742961741049,0.0016
0.14019457176045264,4.172954591574528,0.6976,0.6981399814562094,0.0005399814562093708,0.0016
0.14019457176045264,4.496271547437228,0.728,0.7284529558955195,0.00045295589551952453,0.0016
0.14019457176045264,4.844638824757865,0.7584000000000001,0.7591803753701771,0.0007803753701770555,0.0016
0.14019457176045264,5.219997301036887,0.7904,0.7903027113655419,9.728863445812586e-05,0.0016
0.14019457176045264,5.62443823130494,0.8224,0.8218007614496131,0.0005992385503869047,0.0016
0.14019457176045264,6.060214899245428,0.8544,0.8536557199627437,0.0007442800372563507,0.0016
0.14019457176045264,6.529755171036042,0.8864000000000001,0.8858492386867857,0.0005507613132144096,0.0016
0.14019457176045264,7.035675021851269,0.9184,0.9183634778723239,3.652212767613072e-05,0.0016
0.14019457176045264,7.58079311038668,0.9504,0.9511811481164091,0.0007811481164090583,0.0016
0.14019457176045264,8.168146482604984,0.9840000000000001,0.9842855436691309,0.00028554366913080553,0.0016
0.14019457176045264,8.801007492194831,1.0176,1.0176605678077064,6.056780770635761e-05,0.0016
0.14019457176045264,9.482902032012383,1.0512000000000001,1.0512907509542744,9.075095427424351e-05,0.0016
0.14019457176045264,10.217629178079317,1.0848,1.0851612622311926,0.00036126223119259393,0.0016
0.14019457176045264,11.009282355581066,1.12,1.1192579151484447,0.000742084851555358,0.0016
0.14019457176045264,11.862272144788507,1.1536,1.153567168104683,3.283189531688713e-05,0.0016
0.14019457176045264,12.781350853962953,1.1888,1.188076120359362,0.0007238796406381365,0.0016
0.14019457176045264,13.77163899614884,1.2224000000000002,1.2227725041008959,0.00037250410089573194,0.0016
0.14019457176045264,14.838653817365689,1.2576,1.2576446731971558,4.467319715573126e-05,0.0016
0.14019457176045264,15.988340035139956,1.2928000000000002,1.2926815891719141,0.00011841082808605741,0.0016
0.14019457176045264,17.227102958632177,1.328,1.327872804905806,0.00012719509419412134,0.0016
0.14019457176045264,18.56184417488314,1.3632,1.363208446514393,8.446514393023463e-06,0.0016
0.14019457176045264,20.000000000000004,1.3984,1.398679193810206,0.00027919381020580225,0.0016
0.15016957257222716,0.1,0.0,0.0,0.0,0.0016
0.15016957257222716,0.1077479145475366,0.0,0.0,0.0,0.0016
0.15016957257222716,0.11609613089343249,0.0,0.0,0.0,0.0016
0.15016957257222716,0.12509115990805186,0.0,0.0,0.0,0.0016
0.15016957257222716,0.1347831160842501,0.0,0.0,0.0,0.0016
0.15016957257222716,0.14522599674296482,0.0,0.0,0.0,0.0016
0.15016957257222716,0.15647798287141804,0.0,0.0,0.0,0.0016
0.15016957257222716,0.1686017632700044,0.0,0.0,0.0,0.0016
0.15016957257222716,0.18166488381380433,0.0,0.0,0.0,0.0016
0.15016957257222716,0.19574012377457947,0.0,0.0,0.0,0.0016
0.15016957257222716,0.21090590129987632,0.0,0.0,0.0,0.0016
0.15016957257222716,0.22724671030830257,0.0,0.0,0.0,0.0016
0.15016957257222716,0.24485359123507788,0.0,0.0,0.0,0.0016
0.15016957257222716,0.26382463825054625,0.0,0.0,0.0,0.0016
0.15016957257222716,0.28426554577754615,0.0,0.0,0.0,0.0016
0.15016957257222716,0.3062901973524789,0.0016,0.0022830490129840866,0.0006830490129840865,0.0016
0.15016957257222716,0.3300213001108302,0.0112,0.01128492295100289,8.492295100289045e-05,0.0016
0.15016957257222716,0.3555910684320866,0.020800000000000003,0.02080623037957941,6.230379579409001e-06,0.0016
0.15016957257222716,0.3831419605528771,0.0304,0.03086629145552324,0.0004662914555232413,0.0016
0.15016957257222716,0.41282747225227034,0.041600000000000005,0.041483942303167085,0.0001160576968329205,0.0016
0.15016957257222716,0.4448129920311316,0.0528,0.0526773922927111,0.00012260770728889786,0.0016
0.15016957257222716,0.47927672255004444,0.064,0.06446407800936985,0.0004640780093698449,0.0016
0.15016957257222716,0.516410673459456,0.07680000000000001,0.07686051599714815,6.0515997148138934e-05,0.0016
0.15016957257222716,0.5564217311534528,0.0896,0.0898821565770258,0.00028215657702580776,0.0016
0.15016957257222716,0.5995328114071461,0.10400000000000001,0.1035432412063212,0.0004567587936788048,0.0016
0.15016957257222716,0.6459841013194154,0.1184,0.11785666595209489,0.0005433340479051169,0.0016
0.15016957257222716,0.696034397480316,0.1328,0.13283385368645403,3.385368645403286e-05,0.0016
0.15016957257222716,0.7499625478185521,0.14880000000000002,0.14848463756776506,0.00031536243223495575,0.0016
0.15016957257222716,0.8080690051620618,0.1648,0.16481715824462778,1.7158244627779595e-05,0.0016
0.15016957257222716,0.8706775011671474,0.1824,0.18183777700835413,0.0005622229916458776,0.0016
0.15016957257222716,0.9381368499422049,0.2,0.19955100682822385,0.0004489931717761575,0.0016
0.15016957257222716,1.0108228914146788,0.21760000000000002,0.2179594628398132,0.00035946283981319604,0.0016
0.15016957257222716,1.0891405852684266,0.2368,0.23706383343215107,0.00026383343215105604,0.0016
0.15016957257222716,1.173526267117564,0.2576,0.25686287260980273,0.0007371273901972675,0.0016
0.15016957257222716,1.264450079486729,0.2768,0.2773534138093414,0.0005534138093414298,0.0016
0.15016957257222716,1.3624185911416191,0.2992,0.29853040484583415,0.0006695951541658696,0.0016
0.15016957257222716,1.467977619363024,0.32,0.3203869631741381,0.00038696317413811077,0.0016
0.15016957257222716,1.581715270888233,0.34240000000000004,0.3429144501913947,0.0005144501913946775,0.0016
0.15016957257222716,1.7042652184619906,0.3664,0.36610256289860815,0.00029743710139185087,0.0016
0.15016957257222716,1.836310231251813,0.3904,0.3899394408950701,0.00046055910492992513,0.0016
0.15016957257222716,1.9785859787968756,0.41440000000000005,0.41441178641050036,1.1786410500314037e-05,0.0016
0.15016957257222716,2.1318851296835977,0.44,0.4395049948926945,0.0004950051073054906,0.0016
0.15016957257222716,2.297061767783123,0.4656,0.46520329356560114,0.00039670643439887465,0.0016
0.15016957257222716,2.475036150655092,0.4912,0.49148988535225824,0.0002898853522582123,0.0016
0.15016957257222716,2.6667998366284884,0.5184,0.5183470956134475,5.290438655247698e-05,0.0016
0.15016957257222716,2.8734212091243085,0.5456,0.5457565192777254,0.00015651927772541985,0.0016
0.15016957257222716,3.0960514289980536,0.5744,0.5736991661208845,0.0007008338791155699,0.0016
0.15016957257222716,3.3359308480646077,0.6016,0.6021556021806226,0.0005556021806225608,0.0016
0.15016957257222716,3.5943959195375657,0.6304000000000001,0.6311060855524758,0.0007060855524757548,0.0016
0.15016957257222716,3.8728866438834793,0.6608,0.6605306950931611,0.000269304906838963,0.0016
0.15016957257222716,4.172954591574528,0.6912,0.6904094508455444,0.0007905491544556442,0.0016
0.15016957257222716,4.496271547437228,0.7200000000000001,0.7207224252848546,0.0007224252848545554,0.0016
0.15016957257222716,4.844638824757865,0.752,0.7514498447595122,0.0005501552404878485,0.0016
0.15016957257222716,5.219997301036887,0.7824,0.7825721807548769,0.00017218075487690498,0.0016
0.15016957257222716,5.62443823130494,0.8144,0.8140702308389482,0.0003297691610517628,0.0016
0.15016957257222716,6.060214899245428,0.8464,0.8459251893520788,0.00047481064792120886,0.0016
0.15016957257222716,6.529755171036042,0.8784000000000001,0.8781187080761207,0.00028129192387937874,0.0016
0.15016957257222716,7.035675021851269,0.9104000000000001,0.910632947261659,0.00023294726165890012,0.0016
0.15016957257222716,7.58079311038668,0.9440000000000001,0.9434506175057442,0.0005493824942558456,0.0016
0.15016957257222716,8.168146482604984,0.9760000000000001,0.9765550130584659,0.0005550130584658364,0.0016
0.15016957257222716,8.801007492194831,1.0096,1.0099300371970414,0.00033003719704138845,0.0016
0.15016957257222716,9.482902032012383,1.0432000000000001,1.0435602203436094,0.00036022034360927435,0.0016
0.15016957257222716,10.217629178079317,1.0768,1.0774307316205278,0.0006307316205278468,0.0016
0.15016957257222716,11.009282355581066,1.112,1.1115273845377798,0.00047261546222032713,0.0016
0.15016957257222716,11.862272144788507,1.1456,1.145836637494018,0.0002366374940181437,0.0016
0.15016957257222716,12.781350853962953,1.1808,1.180345589748697,0.00045441025130310564,0.0016
0.15016957257222716,13.77163899614884,1.2144000000000001,1.2150419734902311,0.0006419734902309848,0.0016
0.15016957257222716,14.838653817365689,1.2496,1.249914142586491,0.00031414258649098414,0.0016
0.15016957257222716,15.988340035139956,1.2848000000000002,1.2849510585612491,0.00015105856124897343,0.0016
0.15016957257222716,17.227102958632177,1.32,1.3201422742951412,0.00014227429514113155,0.0016
0.15016957257222716,18.56184417488314,1.3552,1.355477915903728,0.0002779159037280543,0.0016
0.15016957257222716,20.000000000000004,1.3904,1.3909486631995411,0.0005486631995410551,0.0016
0.16085430586469227,0.1,0.0,0.0,0.0,0.0016
0.16085430586469227,0.1077479145475366,0.0,0.0,0.0,0.0016
0.16085430586469227,0.11609613089343249,0.0,0.0,0.0,0.0016
0.16085430586469227,0.12509115990805186,0.0,0.0,0.0,0.0016
0.16085430586469227,0.1347831160842501,0.0,0.0,0.0,0.0016
0.16085430586469227,0.14522599674296482,0.0,0.0,0.0,0.0016
0.16085430586469227,0.15647798287141804,0.0,0.0,0.0,0.0016
0.16085430586469227,0.1686017632700044,0.0,0.0,0.0,0.0016
0.16085430586469227,0.18166488381380433,0.0,0.0,0.0,0.0016
0.16085430586469227,0.19574012377457947,0.0,0.0,0.0,0.0016
0.16085430586469227,0.21090590129987632,0.0,0.0,0.0,0.0016
0.16085430586469227,0.22724671030830257,0.0,0.0,0.0,0.0016
0.16085430586469227,0.24485359123507788,0.0,0.0,0.0,0.0016
0.16085430586469227,0.26382463825054625,0.0,0.0,0.0,0.0016
0.16085430586469227,0.28426554577754615,0.0,0.0,0.0,0.0016
0.16085430586469227,0.3062901973524789,0.0,0.0,0.0,0.0016
0.16085430586469227,0.3300213001108302,0.0032,0.003134827409949607,6.517259005039315e-05,0.0016
0.16085430586469227,0.3555910684320866,0.0128,0.012656134838526144,0.00014386516147385682,0.0016
0.16085430586469227,0.3831419605528771,0.0224,0.02271619591446995,0.00031619591446994944,0.0016
0.16085430586469227,0.41282747225227034,0.033600000000000005,0.033333846762113865,0.0002661532378861395,0.0016
0.16085430586469227,0.4448129920311316,0.0448,0.04452729675165778,0.00027270324834222093,0.0016
0.16085430586469227,0.47927672255004444,0.056,0.05631398246831661,0.00031398246831661203,0.0016
0.16085430586469227,0.516410673459456,0.0688,0.06871042045609485,8.957954390514944e-05,0.0016
0.16085430586469227,0.5564217311534528,0.0816,0.08173206103597258,0.0001320610359725749,0.0016
0.16085430586469227,0.5995328114071461,0.096,0.095393145665268,0.000606854334731996,0.0016
0.16085430586469227,0.6459841013194154,0.11040000000000001,0.10970657041104163,0.0006934295889583775,0.0016
0.16085430586469227,0.696034397480316,0.12480000000000001,0.12468375814540078,0.00011624185459922776,0.0016
0.16085430586469227,0.7499625478185521,0.1408,0.14033454202671183,0.00046545797328817473,0.0016
0.16085430586469227,0.8080690051620618,0.1568,0.15666706270357453,0.00013293729642546714,0.0016
0.16085430586469227,0.8706775011671474,0.1744,0.1736876814673009,0.0007123185326990966,0.0016
0.16085430586469227,0.9381368499422049,0.192,0.19140091128717063,0.0005990887128293765,0.0016
0.16085430586469227,1.0108228914146788,0.2096,0.20980936729875996,0.0002093672987599493,0.0016
0.16085430586469227,1.0891405852684266,0.2288,0.22891373789109778,0.00011373789109778154,0.0016
0.16085430586469227,1.173526267117564,0.248,0.24871277706874945,0.0007127770687494484,0.0016
0.16085430586469227,1.264450079486729,0.26880000000000004,0.2692033182682882,0.0004033182682881553,0.0016
0.16085430586469227,1.3624185911416191,0.2896,0.2903803093047809,0.0007803093047809018,0.0016
0.16085430586469227,1.467977619363024,0.312,0.31223686763308484,0.00023686763308483627,0.0016
0.16085430586469227,1.581715270888233,0.33440000000000003,0.3347643546503415,0.00036435465034145853,0.0016
0.16085430586469227,1.7042652184619906,0.3584,0.3579524673575549,0.00044753264244506985,0.0016
0.16085430586469227,1.836310231251813,0.3824,0.3817893453540169,0.0006106546459831441,0.0016
0.16085430586469227,1.9785859787968756,0.40640000000000004,0.40626169086944713,0.00013830913055290495,0.0016
0.16085430586469227,2.1318851296835977,0.432,0.4313548993516411,0.0006451006483588761,0.0016
0.16085430586469227,2.297061767783123,0.4576,0.45705319802454786,0.0005468019754521491,0.0016
0.16085430586469227,2.475036150655092,0.4832,0.483339789811205,0.00013978981120499334,0.0016
0.16085430586469227,2.6667998366284884,0.5104000000000001,0.5101970000723942,0.0002029999276058625,0.0016
0.16085430586469227,2.8734212091243085,0.5376000000000001,0.5376064237366721,6.42373667203433e-06,0.0016
0.16085430586469227,3.0960514289980536,0.5648000000000001,0.5655490705798312,0.0007490705798310904,0.0016
0.16085430586469227,3.3359308480646077,0.5936,0.5940055066395694,0.00040550663956939736,0.0016
0.16085430586469227,3.5943959195375657,0.6224000000000001,0.6229559900114225,0.0005559900114224803,0.0016
0.16085430586469227,3.8728866438834793,0.6528,0.6523805995521078,0.0004194004478922375,0.0016
0.16085430586469227,4.172954591574528,0.6816,0.6822593553044912,0.0006593553044912381,0.0016
0.16085430586469227,4.496271547437228,0.7120000000000001,0.7125723297438014,0.0005723297438012809,0.0016
0.16085430586469227,4.844638824757865,0.744,0.7432997492184589,0.000700250781541123,0.0016
0.16085430586469227,5.219997301036887,0.7744000000000001,0.7744220852138236,2.2085213823519467e-05,0.0016
0.16085430586469227,5.62443823130494,0.8064,0.8059201352978949,0.0004798647021051483,0.0016
0.16085430586469227,6.060214899245428,0.8384,0.8377750938110256,0.0006249061889744834,0.0016
0.16085430586469227,6.529755171036042,0.8704000000000001,0.8699686125350674,0.00043138746493265323,0.0016
0.16085430586469227,7.035675021851269,0.9024000000000001,0.9024828517206057,8.285172060562562e-05,0.0016
0.16085430586469227,7.58079311038668,0.936,0.9353005219646909,0.0006994780353091201,0.0016
0.16085430586469227,8.168146482604984,0.9680000000000001,0.9684049175174128,0.0004049175174126729,0.0016
0.16085430586469227,8.801007492194831,1.0016,1.0017799416559883,0.00017994165598822498,0.0016
0.16085430586469227,9.482902032012383,1.0352000000000001,1.0354101248025562,0.00021012480255611088,0.0016
0.16085430586469227,10.217629178079317,1.0688,1.0692806360794747,0.00048063607947468334,0.0016
0.16085430586469227,11.009282355581066,1.104,1.1033772889967266,0.0006227110032734906,0.0016
0.16085430586469227,11.862272144788507,1.1376,1.137686541952965,8.654195296498024e-05,0.0016
0.16085430586469227,12.781350853962953,1.1728,1.1721954942076438,0.0006045057923562691,0.0016
0.16085430586469227,13.77163899614884,1.2064000000000001,1.2068918779491777,0.0004918779491775993,0.0016
0.16085430586469227,14.838653817365689,1.2416,1.2417640470454376,0.00016404704543759863,0.0016
0.16085430586469227,15.988340035139956,1.2768000000000002,1.276800963020196,9.630201958099605e-07,0.0016
0.16085430586469227,17.227102958632177,1.312,1.3119921787540878,7.821245912253971e-06,0.0016
0.16085430586469227,18.56184417488314,1.3472000000000002,1.3473278203626748,0.00012782036267466879,0.0016
0.16085430586469227,20.000000000000004,1.3824,1.3827985676584877,0.0003985676584876696,0.0016
0.17229926989881578,0.1,0.0,0.0,0.0,0.0016
0.17229926989881578,0.1077479145475366,0.0,0.0,0.0,0.0016
0.17229926989881578,0.11609613089343249,0.0,0.0,0.0,0.0016
0.17229926989881578,0.12509115990805186,0.0,0.0,0.0,0.0016
0.17229926989881578,0.1347831160842501,0.0,0.0,0.0,0.0016
0.17229926989881578,0.14522599674296482,0.0,0.0,0.0,0.0016
0.17229926989881578,0.15647798287141804,0.0,0.0,0.0,0.0016
0.17229926989881578,0.1686017632700044,0.0,0.0,0.0,0.0016
0.17229926989881578,0.18166488381380433,0.0,0.0,0.0,0.0016
0.17229926989881578,0.19574012377457947,0.0,0.0,0.0,0.0016
0.17229926989881578,0.21090590129987632,0.0,0.0,0.0,0.0016
0.17229926989881578,0.22724671030830257,0.0,0.0,0.0,0.0016
0.17229926989881578,0.24485359123507788,0.0,0.0,0.0,0.0016
0.17229926989881578,0.26382463825054625,0.0,0.0,0.0,0.0016
0.17229926989881578,0.28426554577754615,0.0,0.0,0.0,0.0016
0.17229926989881578,0.3062901973524789,0.0,0.0,0.0,0.0016
0.17229926989881578,0.3300213001108302,0.0,0.0,0.0,0.0016
0.17229926989881578,0.3555910684320866,0.0048000000000000004,0.00407104350328771,0.0007289564967122904,0.0016
0.17229926989881578,0.3831419605528771,0.014400000000000001,0.014131104579231533,0.0002688954207684686,0.0016
0.17229926989881578,0.41282747225227034,0.024,0.024748755426875442,0.0007487554268754415,0.0016
0.17229926989881578,0.4448129920311316,0.0352,0.035942205416419425,0.0007422054164194225,0.0016
0.17229926989881578,0.47927672255004444,0.048,0.04772889113307819,0.0002711088669218112,0.0016
0.17229926989881578,0.516410673459456,0.0608,0.06012532912085641,0.0006746708791435865,0.0016
0.17229926989881578,0.5564217311534528,0.0736,0.07314696970073413,0.00045303029926586913,0.0016
0.17229926989881578,0.5995328114071461,0.0864,0.08680805433002951,0.00040805433002950864,0.0016
0.17229926989881578,0.6459841013194154,0.1008,0.10112147907580328,0.00032147907580327983,0.0016
0.17229926989881578,0.696034397480316,0.1168,0.11609866681016238,0.0007013331898376163,0.0016
0.17229926989881578,0.7499625478185521,0.1312,0.13174945069147334,0.0005494506914733299,0.0016
0.17229926989881578,0.8080690051620618,0.14880000000000002,0.14808197136833612,0.0007180286316638973,0.0016
0.17229926989881578,0.8706775011671474,0.1648,0.1651025901320624,0.00030259013206240803,0.0016
0.17229926989881578,0.9381368499422049,0.1824,0.18281581995193216,0.00041581995193215593,0.0016
0.17229926989881578,1.0108228914146788,0.2016,0.2012242759635215,0.0003757240364785086,0.0016
0.17229926989881578,1.0891405852684266,0.22080000000000002,0.22032864655585935,0.00047135344414067637,0.0016
0.17229926989881578,1.173526267117564,0.24000000000000002,0.240127685733511,0.00012768573351099044,0.0016
0.17229926989881578,1.264450079486729,0.26080000000000003,0.26061822693304976,0.00018177306695027484,0.0016
0.17229926989881578,1.3624185911416191,0.2816,0.2817952179695425,0.00019521796954247161,0.0016
0.17229926989881578,1.467977619363024,0.304,0.3036517762978464,0.0003482237021535939,0.0016
0.17229926989881578,1.581715270888233,0.3264,0.32617926331510305,0.00022073668489697162,0.0016
0.17229926989881578,1.7042652184619906,0.3488,0.34936737602231643,0.0005673760223164348,0.0016
0.17229926989881578,1.836310231251813,0.3728,0.3732042540187784,0.00040425401877836054,0.0016
0.17229926989881578,1.9785859787968756,0.39840000000000003,0.3976765995342087,0.0007234004657913351,0.0016
0.17229926989881578,2.1318851296835977,0.4224,0.42276980801640274,0.0003698080164027395,0.0016
0.17229926989881578,2.297061767783123,0.448,0.44846810668930953,0.00046810668930952204,0.0016
0.17229926989881578,2.475036150655092,0.4752,0.47475469847596663,0.0004453015240333813,0.0016
0.17229926989881578,2.6667998366284884,0.5024000000000001,0.5016119087371558,0.0007880912628442927,0.0016
0.17229926989881578,2.8734212091243085,0.5296000000000001,0.5290213324014337,0.0005786675985663958,0.0016
0.17229926989881578,3.0960514289980536,0.5568000000000001,0.5569639792445927,0.00016397924459266022,0.0016
0.17229926989881578,3.3359308480646077,0.5856,0.585420415304331,0.0001795846956690328,0.0016
0.17229926989881578,3.5943959195375657,0.6144000000000001,0.6143708986761841,2.9101323815949875e-05,0.0016
0.17229926989881578,3.8728866438834793,0.6432,0.6437955082168694,0.0005955082168693782,0.0016
0.17229926989881578,4.172954591574528,0.6736000000000001,0.6736742639692528,7.426396925269696e-05,0.0016
0.17229926989881578,4.496271547437228,0.7040000000000001,0.7039872384085629,1.2761591437149278e-05,0.0016
0.17229926989881578,4.844638824757865,0.7344,0.7347146578832204,0.0003146578832203817,0.0016
0.17229926989881578,5.219997301036887,0.7664000000000001,0.7658369938785852,0.0005630061214149107,0.0016
0.17229926989881578,5.62443823130494,0.7968000000000001,0.7973350439626565,0.0005350439626564674,0.0016
0.17229926989881578,6.060214899245428,0.8288000000000001,0.8291900024757871,0.0003900024757870213,0.0016
0.17229926989881578,6.529755171036042,0.8608,0.861383521199829,0.0005835211998289624,0.0016
0.17229926989881578,7.035675021851269,0.8944000000000001,0.8938977603853673,0.0005022396146328045,0.0016
0.17229926989881578,7.58079311038668,0.9264,0.9267154306294525,0.00031543062945249556,0.0016
0.17229926989881578,8.168146482604984,0.9600000000000001,0.9598198261821743,0.00018017381782575725,0.0016
0.17229926989881578,8.801007492194831,0.9936,0.9931948503207498,0.0004051496792502052,0.0016
0.17229926989881578,9.482902032012383,1.0272000000000001,1.0268250334673177,0.0003749665326824303,0.0016
0.17229926989881578,10.217629178079317,1.0608,1.060695544744236,0.00010445525576385783,0.0016
0.17229926989881578,11.009282355581066,1.0944,1.0947921976614883,0.0003921976614882361,0.0016
0.17229926989881578,11.862272144788507,1.1296000000000002,1.1291014506177264,0.000498549382273783,0.0016
0.17229926989881578,12.781350853962953,1.1632,1.1636104028724052,0.00041040287240523554,0.0016
0.17229926989881578,13.77163899614884,1.1984000000000001,1.1983067866139394,9.321338606071983e-05,0.0016
0.17229926989881578,14.838653817365689,1.2336,1.2331789557101993,0.0004210442898007205,0.0016
0.17229926989881578,15.988340035139956,1.2688000000000001,1.2682158716849574,0.0005841283150427312,0.0016
0.17229926989881578,17.227102958632177,1.304,1.3034070874188495,0.0005929125811505731,0.0016
0.17229926989881578,18.56184417488314,1.3392000000000002,1.3387427290274365,0.00045727097256365035,0.0016
0.17229926989881578,20.000000000000004,1.3744,1.3742134763232494,0.00018652367675064951,0.0016
0.18455855594339615,0.1,0.0,0.0,0.0,0.0016
0.18455855594339615,0.1077479145475366,0.0,0.0,0.0,0.0016
0.18455855594339615,0.11609613089343249,0.0,0.0,0.0,0.0016
0.18455855594339615,0.12509115990805186,0.0,0.0,0.0,0.0016
0.18455855594339615,0.1347831160842501,0.0,0.0,0.0,0.0016
0.18455855594339615,0.14522599674296482,0.0,0.0,0.0,0.0016
0.18455855594339615,0.15647798287141804,0.0,0.0,0.0,0.0016
0.18455855594339615,0.1686017632700044,0.0,0.0,0.0,0.0016
0.18455855594339615,0.18166488381380433,0.0,0.0,0.0,0.0016
0.18455855594339615,0.19574012377457947,0.0,0.0,0.0,0.0016
0.18455855594339615,0.21090590129987632,0.0,0.0,0.0,0.0016
0.18455855594339615,0.22724671030830257,0.0,0.0,0.0,0.0016
0.18455855594339615,0.24485359123507788,0.0,0.0,0.0,0.0016
0.18455855594339615,0.26382463825054625,0.0,0.0,0.0,0.0016
0.18455855594339615,0.28426554577754615,0.0,0.0,0.0,0.0016
0.18455855594339615,0.3062901973524789,0.0,0.0,0.0,0.0016
0.18455855594339615,0.3300213001108302,0.0,0.0,0.0,0.0016
0.18455855594339615,0.3555910684320866,0.0,0.0,0.0,0.0016
0.18455855594339615,0.3831419605528771,0.0048000000000000004,0.0050958030084106,0.00029580300841059934,0.0016
0.18455855594339615,0.41282747225227034,0.016,0.015713453856054417,0.00028654614394558325,0.0016
0.18455855594339615,0.4448129920311316,0.027200000000000002,0.02690690384559839,0.00029309615440161266,0.0016
0.18455855594339615,0.47927672255004444,0.038400000000000004,0.0386935895622572,0.000293589562257196,0.0016
0.18455855594339615,0.516410673459456,0.0512,0.05109002755003538,0.00010997244996462097,0.0016
0.18455855594339615,0.5564217311534528,0.064,0.06411166812991306,0.00011166812991306174,0.0016
0.18455855594339615,0.5995328114071461,0.0784,0.07777275275920856,0.0006272472407914398,0.0016
0.18455855594339615,0.6459841013194154,0.09280000000000001,0.0920861775049822,0.0007138224950178074,0.0016
0.18455855594339615,0.696034397480316,0.1072,0.10706336523934135,0.00013663476065865765,0.0016
0.18455855594339615,0.7499625478185521,0.1232,0.12271414912065232,0.0004858508793476879,0.0016
0.18455855594339615,0.8080690051620618,0.13920000000000002,0.13904666979751507,0.00015333020248495255,0.0016
0.18455855594339615,0.8706775011671474,0.1568,0.15606728856124147,0.0007327114387585265,0.0016
0.18455855594339615,0.9381368499422049,0.1744,0.17378051838111114,0.0006194816188888619,0.0016
0.18455855594339615,1.0108228914146788,0.192,0.1921889743927005,0.00018897439270049166,0.0016
0.18455855594339615,1.0891405852684266,0.2112,0.21129334498503832,9.334498503832389e-05,0.0016
0.18455855594339615,1.173526267117564,0.23040000000000002,0.23109238416269,0.0006923841626899907,0.0016
0.18455855594339615,1.264450079486729,0.25120000000000003,0.2515829253622287,0.0003829253622286699,0.0016
0.18455855594339615,1.3624185911416191,0.272,0.27275991639872144,0.0007599163987214164,0.0016
0.18455855594339615,1.467977619363024,0.2944,0.2946164747270254,0.00021647472702540638,0.0016
0.18455855594339615,1.581715270888233,0.3168,0.317143961744282,0.0003439617442819731,0.0016
0.18455855594339615,1.7042652184619906,0.3408,0.34033207445149544,0.00046792554850455526,0.0016
0.18455855594339615,1.836310231251813,0.3648,0.3641689524479574,0.0006310475520426295,0.0016
0.18455855594339615,1.9785859787968756,0.38880000000000003,0.38864129796338764,0.00015870203661239035,0.0016
0.18455855594339615,2.1318851296835977,0.41440000000000005,0.41373450644558174,0.000665493554418306,0.0016
0.18455855594339615,2.297061767783123,0.44,0.4394328051184885,0.0005671948815115235,0.0016
0.18455855594339615,2.475036150655092,0.4656,0.4657193969051456,0.00011939690514556345,0.0016
0.18455855594339615,2.6667998366284884,0.4928,0.4925766071663348,0.00022339283366523688,0.0016
0.18455855594339615,2.8734212091243085,0.52,0.5199860308306127,1.3969169387340052e-05,0.0016
0.18455855594339615,3.0960514289980536,0.5472,0.5479286776737718,0.000728677673771827,0.0016
0.18455855594339615,3.3359308480646077,0.5760000000000001,0.5763851137335099,0.00038511373350980094,0.0016
0.18455855594339615,3.5943959195375657,0.6048,0.6053355971053631,0.0005355971053631059,0.0016
0.18455855594339615,3.8728866438834793,0.6352,0.6347602066460484,0.0004397933539516119,0.0016
0.18455855594339615,4.172954591574528,0.664,0.6646389623984317,0.0006389623984316417,0.0016
0.18455855594339615,4.496271547437228,0.6944,0.6949519368377418,0.0005519368377417955,0.0016
0.18455855594339615,4.844638824757865,0.7264,0.7256793563123994,0.0007206436876006084,0.0016
0.18455855594339615,5.219997301036887,0.7568,0.7568016923077642,1.6923077641450845e-06,0.0016
0.18455855594339615,5.62443823130494,0.7888000000000001,0.7882997423918355,0.0005002576081645227,0.0016
0.18455855594339615,6.060214899245428,0.8208000000000001,0.8201547009049661,0.0006452990950339688,0.0016
0.18455855594339615,6.529755171036042,0.8528,0.8523482196290081,0.0004517803709919166,0.0016
0.18455855594339615,7.035675021851269,0.8848,0.8848624588145463,6.245881454625124e-05,0.0016
0.18455855594339615,7.58079311038668,0.9184,0.9176801290586315,0.0007198709413684945,0.0016
0.18455855594339615,8.168146482604984,0.9504,0.9507845246113533,0.0003845246113532985,0.0016
0.18455855594339615,8.801007492194831,0.9840000000000001,0.9841595487499288,0.00015954874992873957,0.0016
0.18455855594339615,9.482902032012383,1.0176,1.0177897318964968,0.0001897318964967365,0.0016
0.18455855594339615,10.217629178079317,1.0512000000000001,1.051660243173415,0.00046024317341486487,0.0016
0.18455855594339615,11.009282355581066,1.0864,1.0857568960906672,0.000643103909332865,0.0016
0.18455855594339615,11.862272144788507,1.12,1.1200661490469055,6.614904690538381e-05,0.0016
0.18455855594339615,12.781350853962953,1.1552,1.1545751013015844,0.0006248986984156435,0.0016
0.18455855594339615,13.77163899614884,1.1888,1.1892714850431183,0.0004714850431182249,0.0016
0.18455855594339615,14.838653817365689,1.224,1.2241436541393782,0.00014365413937822424,0.0016
0.18455855594339615,15.988340035139956,1.2592,1.2591805701141363,1.9429885863786467e-05,0.0016
0.18455855594339615,17.227102958632177,1.2944,1.2943717858480284,2.8214151971628354e-05,0.0016
0.18455855594339615,18.56184417488314,1.3296000000000001,1.3297074274566154,0.0001074274566152944,0.0016
0.18455855594339615,20.000000000000004,1.3648,1.3651781747524283,0.00037817475242829524,0.0016
0.19769010392159414,0.1,0.0,0.0,0.0,0.0016
0.19769010392159414,0.1077479145475366,0.0,0.0,0.0,0.0016
0.19769010392159414,0.11609613089343249,0.0,0.0,0.0,0.0016
0.19769010392159414,0.12509115990805186,0.0,0.0,0.0,0.0016
0.19769010392159414,0.1347831160842501,0.0,0.0,0.0,0.0016
0.19769010392159414,0.14522599674296482,0.0,0.0,0.0,0.0016
0.19769010392159414,0.15647798287141804,0.0,0.0,0.0,0.0016
0.19769010392159414,0.1686017632700044,0.0,0.0,0.0,0.0016
0.19769010392159414,0.18166488381380433,0.0,0.0,0.0,0.0016
0.19769010392159414,0.19574012377457947,0.0,0.0,0.0,0.0016
0.19769010392159414,0.21090590129987632,0.0,0.0,0.0,0.0016
0.19769010392159414,0.22724671030830257,0.0,0.0,0.0,0.0016
0.19769010392159414,0.24485359123507788,0.0,0.0,0.0,0.0016
0.19769010392159414,0.26382463825054625,0.0,0.0,0.0,0.0016
0.19769010392159414,0.28426554577754615,0.0,0.0,0.0,0.0016
0.19769010392159414,0.3062901973524789,0.0,0.0,0.0,0.0016
0.19769010392159414,0.3300213001108302,0.0,0.0,0.0,0.0016
0.19769010392159414,0.3555910684320866,0.0,0.0,0.0,0.0016
0.19769010392159414,0.3831419605528771,0.0,0.0,0.0,0.0016
0.19769010392159414,0.41282747225227034,0.0064,0.006213033683620726,0.00018696631637927456,0.0016
0.19769010392159414,0.4448129920311316,0.0176,0.017406483673164722,0.0001935163268352788,0.0016
0.19769010392159414,0.47927672255004444,0.028800000000000003,0.029193169389823515,0.0003931693898235125,0.0016
0.19769010392159414,0.516410673459456,0.041600000000000005,0.04158960737760178,1.0392622398228135e-05,0.0016
0.19769010392159414,0.5564217311534528,0.054400000000000004,0.05461124795747947,0.00021124795747946845,0.0016
0.19769010392159414,0.5995328114071461,0.0688,0.06827233258677486,0.0005276674132251441,0.0016
0.19769010392159414,0.6459841013194154,0.08320000000000001,0.08258575733254854,0.00061424266745147,0.0016
0.19769010392159414,0.696034397480316,0.0976,0.09756294506690766,3.7054933092348086e-05,0.0016
0.19769010392159414,0.7499625478185521,0.1136,0.11321372894821871,0.00038627105178129506,0.0016
0.19769010392159414,0.8080690051620618,0.1296,0.12954624962508143,5.375037491855972e-05,0.0016
0.19769010392159414,0.8706775011671474,0.1472,0.14656686838880775,0.0006331316111922447,0.0016
0.19769010392159414,0.9381368499422049,0.1648,0.1642800982086775,0.0005199017913224968,0.0016
0.19769010392159414,1.0108228914146788,0.1824,0.1826885542202668,0.0002885542202668012,0.0016
0.19769010392159414,1.0891405852684266,0.2016,0.2017929248126047,0.00019292481260468897,0.0016
0.19769010392159414,1.173526267117564,0.22080000000000002,0.22159196399025638,0.0007919639902563558,0.0016
0.19769010392159414,1.264450079486729,0.2416,0.24208250518979507,0.00048250518979506274,0.0016
0.19769010392159414,1.3624185911416191,0.264,0.2632594962262878,0.0007405037737122089,0.0016
0.19769010392159414,1.467977619363024,0.2848,0.2851160545545917,0.00031605455459171594,0.0016
0.19769010392159414,1.581715270888233,0.30720000000000003,0.30764354157184837,0.0004435415718483382,0.0016
0.19769010392159414,1.7042652184619906,0.3312,0.3308316542790618,0.0003683457209381902,0.0016
0.19769010392159414,1.836310231251813,0.3552,0.35466853227552375,0.0005314677244762644,0.0016
0.19769010392159414,1.9785859787968756,0.37920000000000004,0.37914087779095396,5.912220904608079e-05,0.0016
0.19769010392159414,2.1318851296835977,0.4048,0.4042340862731481,0.0005659137268518855,0.0016
0.19769010392159414,2.297061767783123,0.4304,0.4299323849460548,0.00046761505394521397,0.0016
0.19769010392159414,2.475036150655092,0.456,0.45621897673271194,0.00021897673271192852,0.0016
0.19769010392159414,2.6667998366284884,0.4832,0.4830761869939011,0.00012381300609892731,0.0016
0.19769010392159414,2.8734212091243085,0.5104000000000001,0.510485610658179,8.5610658178914e-05,0.0016
0.19769010392159414,3.0960514289980536,0.5392,0.5384282575013382,0.0007717424986618537,0.0016
0.19769010392159414,3.3359308480646077,0.5664,0.5668846935610762,0.000484693561076166,0.0016
0.19769010392159414,3.5943959195375657,0.5952000000000001,0.5958351769329294,0.00063517693292936,0.0016
0.19769010392159414,3.8728866438834793,0.6256,0.6252597864736147,0.00034021352638535785,0.0016
0.19769010392159414,4.172954591574528,0.6544,0.655138542225998,0.0007385422259980068,0.0016
0.19769010392159414,4.496271547437228,0.6848000000000001,0.6854515166653082,0.0006515166653081605,0.0016
0.19769010392159414,4.844638824757865,0.7168,0.7161789361399659,0.0006210638600341323,0.0016
0.19769010392159414,5.219997301036887,0.7472000000000001,0.7473012721353305,0.00010127213533039914,0.0016
0.19769010392159414,5.62443823130494,0.7792,0.7787993222194018,0.0004006777805981576,0.0016
0.19769010392159414,6.060214899245428,0.8112,0.8106542807325324,0.0005457192674676037,0.0016
0.19769010392159414,6.529755171036042,0.8432000000000001,0.8428477994565743,0.00035220054342577356,0.0016
0.19769010392159414,7.035675021851269,0.8752000000000001,0.8753620386421126,0.0001620386421125053,0.0016
0.19769010392159414,7.58079311038668,0.9088,0.9081797088861978,0.0006202911138022404,0.0016
0.19769010392159414,8.168146482604984,0.9408000000000001,0.9412841044389196,0.00048410443891955257,0.0016
0.19769010392159414,8.801007492194831,0.9744,0.9746591285774951,0.00025912857749510465,0.0016
0.19769010392159414,9.482902032012383,1.008,1.008289311724063,0.00028931172406299055,0.0016
0.19769010392159414,10.217629178079317,1.0416,1.0421598230009814,0.000559823000981341,0.0016
0.19769010392159414,11.009282355581066,1.0768,1.0762564759182334,0.0005435240817666109,0.0016
0.19769010392159414,11.862272144788507,1.1104,1.1105657288744717,0.00016572887447163787,0.0016
0.19769010392159414,12.781350853962953,1.1456,1.1450746811291506,0.0005253188708493894,0.0016
0.19769010392159414,13.77163899614884,1.1792,1.1797710648706847,0.000571064870684701,0.0016
0.19769010392159414,14.838653817365689,1.2144000000000001,1.2146432339669446,0.0002432339669444783,0.0016
0.19769010392159414,15.988340035139956,1.2496,1.2496801499417027,8.014994170268963e-05,0.0016
0.19769010392159414,17.227102958632177,1.2848000000000002,1.2848713656755948,7.13656755946257e-05,0.0016
0.19769010392159414,18.56184417488314,1.32,1.3202070072841818,0.0002070072841817705,0.0016
0.19769010392159414,20.000000000000004,1.3552,1.3556777545799947,0.00047775457999477133,0.0016
0.21175597624700154,0.1,0.0,0.0,0.0,0.0016
0.21175597624700154,0.1077479145475366,0.0,0.0,0.0,0.0016
0.21175597624700154,0.11609613089343249,0.0,0.0,0.0,0.0016
0.21175597624700154,0.12509115990805186,0.0,0.0,0.0,0.0016
0.21175597624700154,0.1347831160842501,0.0,0.0,0.0,0.0016
0.21175597624700154,0.14522599674296482,0.0,0.0,0.0,0.0016
0.21175597624700154,0.15647798287141804,0.0,0.0,0.0,0.0016
0.21175597624700154,0.1686017632700044,0.0,0.0,0.0,0.0016
0.21175597624700154,0.18166488381380433,0.0,0.0,0.0,0.0016
0.21175597624700154,0.19574012377457947,0.0,0.0,0.0,0.0016
0.21175597624700154,0.21090590129987632,0.0,0.0,0.0,0.0016
0.21175597624700154,0.22724671030830257,0.0,0.0,0.0,0.0016
0.21175597624700154,0.24485359123507788,0.0,0.0,0.0,0.0016
0.21175597624700154,0.26382463825054625,0.0,0.0,0.0,0.0016
0.21175597624700154,0.28426554577754615,0.0,0.0,0.0,0.0016
0.21175597624700154,0.3062901973524789,0.0,0.0,0.0,0.0016
0.21175597624700154,0.3300213001108302,0.0,0.0,0.0,0.0016
0.21175597624700154,0.3555910684320866,0.0,0.0,0.0,0.0016
0.21175597624700154,0.3831419605528771,0.0,0.0,0.0,0.0016
0.21175597624700154,0.41282747225227034,0.0,0.0,0.0,0.0016
0.21175597624700154,0.4448129920311316,0.008,0.007426435827745659,0.0005735641722543414,0.0016
0.21175597624700154,0.47927672255004444,0.019200000000000002,0.01921312154440451,1.3121544404508939e-05,0.0016
0.21175597624700154,0.516410673459456,0.032,0.03160955953218268,0.00039044046781731845,0.0016
0.21175597624700154,0.5564217311534528,0.0448,0.04463120011206041,0.00016879988793958717,0.0016
0.21175597624700154,0.5995328114071461,0.057600000000000005,0.05829228474135586,0.000692284741355853,0.0016
0.21175597624700154,0.6459841013194154,0.07200000000000001,0.07260570948712958,0.0006057094871295687,0.0016
0.21175597624700154,0.696034397480316,0.08800000000000001,0.08758289722148863,0.0004171027785113829,0.0016
0.21175597624700154,0.7499625478185521,0.10400000000000001,0.10323368110279965,0.0007663188972003576,0.0016
0.21175597624700154,0.8080690051620618,0.12000000000000001,0.11956620177966239,0.0004337982203376223,0.0016
0.21175597624700154,0.8706775011671474,0.136,0.13658682054338875,0.0005868205433887386,0.0016
0.21175597624700154,0.9381368499422049,0.15360000000000001,0.15430005036325847,0.0007000503632584587,0.0016
0.21175597624700154,1.0108228914146788,0.1728,0.17270850637484783,9.149362515217807e-05,0.0016
0.21175597624700154,1.0891405852684266,0.192,0.19181287696718566,0.00018712303281434584,0.0016
0.21175597624700154,1.173526267117564,0.2112,0.21161191614483735,0.00041191614483734873,0.0016
0.21175597624700154,1.264450079486729,0.232,0.23210245734437604,0.00010245734437602794,0.0016
0.21175597624700154,1.3624185911416191,0.2528,0.25327944838086874,0.0004794483808687189,0.0016
0.21175597624700154,1.467977619363024,0.2752,0.2751360067091727,6.39932908272911e-05,0.0016
0.21175597624700154,1.581715270888233,0.29760000000000003,0.2976634937264293,6.349372642927564e-05,0.0016
0.21175597624700154,1.7042652184619906,0.3216,0.3208516064336428,0.0007483935663571972,0.0016
0.21175597624700154,1.836310231251813,0.34400000000000003,0.34468848443010464,0.0006884844301046078,0.0016
0.21175597624700154,1.9785859787968756,0.36960000000000004,0.36916082994553495,0.00043917005446508783,0.0016
0.21175597624700154,2.1318851296835977,0.3936,0.39425403842772905,0.0006540384277290423,0.0016
0.21175597624700154,2.297061767783123,0.4192,0.4199523371006358,0.0007523371006357693,0.0016
0.21175597624700154,2.475036150655092,0.4464,0.44623892888729294,0.00016107111270707852,0.0016
0.21175597624700154,2.6667998366284884,0.4736,0.47309613914848203,0.0005038608515179899,0.0016
0.21175597624700154,2.8734212091243085,0.5008,0.50050556281276,0.000294437187239982,0.0016
0.21175597624700154,3.0960514289980536,0.528,0.5284482096559191,0.000448209655919074,0.0016
0.21175597624700154,3.3359308480646077,0.5568000000000001,0.5569046457156572,0.00010464571565715897,0.0016
0.21175597624700154,3.5943959195375657,0.5856,0.5858551290875105,0.0002551290875104639,0.0016
0.21175597624700154,3.8728866438834793,0.616,0.6152797386281956,0.0007202613718043649,0.0016
0.21175597624700154,4.172954591574528,0.6448,0.645158494380579,0.00035849438057899974,0.0016
0.21175597624700154,4.496271547437228,0.6752,0.6754714688198892,0.0002714688198891535,0.0016
0.21175597624700154,4.844638824757865,0.7056,0.7061988882945467,0.0005988882945466845,0.0016
0.21175597624700154,5.219997301036887,0.7376,0.7373212242899115,0.0002787757100884969,0.0016
0.21175597624700154,5.62443823130494,0.7696000000000001,0.7688192743739828,0.0007807256260172757,0.0016
0.21175597624700154,6.060214899245428,0.8,0.8006742328871135,0.0006742328871134351,0.0016
0.21175597624700154,6.529755171036042,0.8336,0.8328677516111553,0.0007322483888446696,0.0016
0.21175597624700154,7.035675021851269,0.8656,0.8653819907966935,0.00021800920330650175,0.0016
0.21175597624700154,7.58079311038668,0.8976000000000001,0.8981996610407788,0.0005996610407786873,0.0016
0.21175597624700154,8.168146482604984,0.9312,0.9313040565935007,0.00010405659350065655,0.0016
0.21175597624700154,8.801007492194831,0.9648,0.9646790807320762,0.00012091926792379137,0.0016
0.21175597624700154,9.482902032012383,0.9984000000000001,0.9983092638786439,9.073612135612752e-05,0.0016
0.21175597624700154,10.217629178079317,1.032,1.0321797751555624,0.00017977515556233392,0.0016
0.21175597624700154,11.009282355581066,1.0656,1.0662764280728145,0.0006764280728144278,0.0016
0.21175597624700154,11.862272144788507,1.1008,1.1005856810290529,0.00021431897094714714,0.0016
0.21175597624700154,12.781350853962953,1.1344,1.1350946332837317,0.0006946332837316493,0.0016
0.21175597624700154,13.77163899614884,1.1696,1.1697910170252657,0.00019101702526569397,0.0016
0.21175597624700154,14.838653817365689,1.2048,1.2046631861215256,0.00013681387847452875,0.0016
0.21175597624700154,15.988340035139956,1.24,1.2397001020962837,0.0002998979037163174,0.0016
0.21175597624700154,17.227102958632177,1.2752000000000001,1.2748913178301757,0.00030868216982438135,0.0016
0.21175597624700154,18.56184417488314,1.3104,1.3102269594387628,0.00017304056123723655,0.0016
0.21175597624700154,20.000000000000004,1.3456000000000001,1.3456977067345757,9.770673457554224e-05,0.0016
0.22682265114345276,0.1,0.0,0.0,0.0,0.0016
0.22682265114345276,0.1077479145475366,0.0,0.0,0.0,0.0016
0.22682265114345276,0.11609613089343249,0.0,0.0,0.0,0.0016
0.22682265114345276,0.12509115990805186,0.0,0.0,0.0,0.0016
0.22682265114345276,0.1347831160842501,0.0,0.0,0.0,0.0016
0.22682265114345276,0.14522599674296482,0.0,0.0,0.0,0.0016
0.22682265114345276,0.15647798287141804,0.0,0.0,0.0,0.0016
0.22682265114345276,0.1686017632700044,0.0,0.0,0.0,0.0016
0.22682265114345276,0.18166488381380433,0.0,0.0,0.0,0.0016
0.22682265114345276,0.19574012377457947,0.0,0.0,0.0,0.0016
0.22682265114345276,0.21090590129987632,0.0,0.0,0.0,0.0016
0.22682265114345276,0.22724671030830257,0.0,0.0,0.0,0.0016
0.22682265114345276,0.24485359123507788,0.0,0.0,0.0,0.0016
0.22682265114345276,0.26382463825054625,0.0,0.0,0.0,0.0016
0.22682265114345276,0.28426554577754615,0.0,0.0,0.0,0.0016
0.22682265114345276,0.3062901973524789,0.0,0.0,0.0,0.0016
0.22682265114345276,0.3300213001108302,0.0,0.0,0.0,0.0016
0.22682265114345276,0.3555910684320866,0.0,0.0,0.0,0.0016
0.22682265114345276,0.3831419605528771,0.0,0.0,0.0,0.0016
0.22682265114345276,0.41282747225227034,0.0,0.0,0.0,0.0016
0.22682265114345276,0.4448129920311316,0.0,0.0,0.0,0.0016
0.22682265114345276,0.47927672255004444,0.008,0.008739432074509165,0.0007394320745091644,0.0016
0.22682265114345276,0.516410673459456,0.020800000000000003,0.021135870062287447,0.00033587006228744457,0.0016
0.22682265114345276,0.5564217311534528,0.033600000000000005,0.034157510642165156,0.0005575106421651516,0.0016
0.22682265114345276,0.5995328114071461,0.048,0.04781859527146051,0.00018140472853948875,0.0016
0.22682265114345276,0.6459841013194154,0.062400000000000004,0.062132020017234266,0.00026797998276573837,0.0016
0.22682265114345276,0.696034397480316,0.07680000000000001,0.0771092077515934,0.00030920775159339053,0.0016
0.22682265114345276,0.7499625478185521,0.09280000000000001,0.09275999163290442,4.0008367095584196e-05,0.0016
0.22682265114345276,0.8080690051620618,0.10880000000000001,0.10909251230976715,0.00029251230976713727,0.0016
0.22682265114345276,0.8706775011671474,0.1264,0.12611313107349348,0.00028686892650653384,0.0016
0.22682265114345276,0.9381368499422049,0.14400000000000002,0.1438263608933632,0.0001736391066368137,0.0016
0.22682265114345276,1.0108228914146788,0.16160000000000002,0.1622348169049525,0.0006348169049524843,0.0016
0.22682265114345276,1.0891405852684266,0.18080000000000002,0.1813391874972904,0.0005391874972903721,0.0016
0.22682265114345276,1.173526267117564,0.2016,0.20113822667494202,0.0004617733250579792,0.0016
0.22682265114345276,1.264450079486729,0.22240000000000001,0.22162876787448077,0.0007712321255192445,0.0016
0.22682265114345276,1.3624185911416191,0.2432,0.2428057589109735,0.000394241089026498,0.0016
0.22682265114345276,1.467977619363024,0.264,0.2646623172392774,0.000662317239277399,0.0016
0.22682265114345276,1.581715270888233,0.2864,0.28718980425653406,0.0007898042565340768,0.0016
0.22682265114345276,1.7042652184619906,0.3104,0.3103779169637475,2.208303625250707e-05,0.0016
0.22682265114345276,1.836310231251813,0.33440000000000003,0.33421479496020945,0.00018520503979058134,0.0016
0.22682265114345276,1.9785859787968756,0.3584,0.3586871404756397,0.00028714047563971334,0.0016
0.22682265114345276,2.1318851296835977,0.384,0.3837803489578338,0.00021965104216620235,0.0016
0.22682265114345276,2.297061767783123,0.4096,0.40947864763074054,0.00012135236925947535,0.0016
0.22682265114345276,2.475036150655092,0.43520000000000003,0.43576523941739764,0.0005652394173976116,0.0016
0.22682265114345276,2.6667998366284884,0.46240000000000003,0.4626224496785868,0.0002224496785867558,0.0016
0.22682265114345276,2.8734212091243085,0.48960000000000004,0.49003187334286474,0.00043187334286470813,0.0016
0.22682265114345276,3.0960514289980536,0.5184,0.5179745201860239,0.0004254798139761151,0.0016
0.22682265114345276,3.3359308480646077,0.5472,0.546430956245762,0.0007690437542380302,0.0016
0.22682265114345276,3.5943959195375657,0.5760000000000001,0.5753814396176151,0.0006185603823849473,0.0016
0.22682265114345276,3.8728866438834793,0.6048,0.6048060491583004,6.049158300380775e-06,0.0016
0.22682265114345276,4.172954591574528,0.6352,0.6346848049106838,0.0005151950893161894,0.0016
0.22682265114345276,4.496271547437228,0.6656000000000001,0.6649977793499939,0.0006022206500061467,0.0016
0.22682265114345276,4.844638824757865,0.6960000000000001,0.6957251988246514,0.0002748011753486157,0.0016
0.22682265114345276,5.219997301036887,0.7264,0.7268475348200162,0.00044753482001613776,0.0016
0.22682265114345276,5.62443823130494,0.7584000000000001,0.7583455849040875,5.441509591253002e-05,0.0016
0.22682265114345276,6.060214899245428,0.7904,0.7902005434172181,0.00019945658278186507,0.0016
0.22682265114345276,6.529755171036042,0.8224,0.8223940621412601,5.937858739923918e-06,0.0016
0.22682265114345276,7.035675021851269,0.8544,0.8549083013267983,0.0005083013267982439,0.0016
0.22682265114345276,7.58079311038668,0.888,0.8877259715708835,0.0002740284291165018,0.0016
0.22682265114345276,8.168146482604984,0.9216000000000001,0.9208303671236053,0.0007696328763947546,0.0016
0.22682265114345276,8.801007492194831,0.9536,0.9542053912621808,0.0006053912621808433,0.0016
0.22682265114345276,9.482902032012383,0.9872000000000001,0.9878355744087487,0.0006355744087486181,0.0016
0.22682265114345276,10.217629178079317,1.0224,1.0217060856856672,0.0006939143143327442,0.0016
0.22682265114345276,11.009282355581066,1.056,1.0558027386029192,0.00019726139708087231,0.0016
0.22682265114345276,11.862272144788507,1.0896000000000001,1.0901119915591575,0.0005119915591573765,0.0016
0.22682265114345276,12.781350853962953,1.1248,1.1246209438138364,0.00017905618616365082,0.0016
0.22682265114345276,13.77163899614884,1.1600000000000001,1.1593173275553703,0.0006826724446298282,0.0016
0.22682265114345276,14.838653817365689,1.1936,1.1941894966516304,0.000589496651630439,0.0016
0.22682265114345276,15.988340035139956,1.2288000000000001,1.2292264126263885,0.00042641262638842825,0.0016
0.22682265114345276,17.227102958632177,1.264,1.2644176283602804,0.0004176283602803643,0.0016
0.22682265114345276,18.56184417488314,1.2992000000000001,1.2997532699688674,0.0005532699688672871,0.0016
0.22682265114345276,20.000000000000004,1.336,1.3352240172646803,0.0007759827353197579,0.0016
0.24296133683487,0.1,0.0,0.0,0.0,0.0016
0.24296133683487,0.1077479145475366,0.0,0.0,0.0,0.0016
0.24296133683487,0.11609613089343249,0.0,0.0,0.0,0.0016
0.24296133683487,0.12509115990805186,0.0,0.0,0.0,0.0016
0.24296133683487,0.1347831160842501,0.0,0.0,0.0,0.0016
0.24296133683487,0.14522599674296482,0.0,0.0,0.0,0.0016
0.24296133683487,0.15647798287141804,0.0,0.0,0.0,0.0016
0.24296133683487,0.1686017632700044,0.0,0.0,0.0,0.0016
0.24296133683487,0.18166488381380433,0.0,0.0,0.0,0.0016
0.24296133683487,0.19574012377457947,0.0,0.0,0.0,0.0016
0.24296133683487,0.21090590129987632,0.0,0.0,0.0,0.0016
0.24296133683487,0.22724671030830257,0.0,0.0,0.0,0.0016
0.24296133683487,0.24485359123507788,0.0,0.0,0.0,0.0016
0.24296133683487,0.26382463825054625,0.0,0.0,0.0,0.0016
0.24296133683487,0.28426554577754615,0.0,0.0,0.0,0.0016
0.24296133683487,0.3062901973524789,0.0,0.0,0.0,0.0016
0.24296133683487,0.3300213001108302,0.0,0.0,0.0,0.0016
0.24296133683487,0.3555910684320866,0.0,0.0,0.0,0.0016
0.24296133683487,0.3831419605528771,0.0,0.0,0.0,0.0016
0.24296133683487,0.41282747225227034,0.0,0.0,0.0,0.0016
0.24296133683487,0.4448129920311316,0.0,0.0,0.0,0.0016
0.24296133683487,0.47927672255004444,0.0,0.0,0.0,0.0016
0.24296133683487,0.516410673459456,0.009600000000000001,0.010155117469215902,0.0005551174692159013,0.0016
0.24296133683487,0.5564217311534528,0.0224,0.02317675804909356,0.0007767580490935615,0.0016
0.24296133683487,0.5995328114071461,0.0368,0.03683784267838905,3.784267838904953e-05,0.0016
0.24296133683487,0.6459841013194154,0.0512,0.05115126742416275,4.87325758372556e-05,0.0016
0.24296133683487,0.696034397480316,0.0656,0.06612845515852178,0.0005284551585217762,0.0016
0.24296133683487,0.7499625478185521,0.0816,0.08177923903983289,0.0001792390398328847,0.0016
0.24296133683487,0.8080690051620618,0.0976,0.09811175971669554,0.0005117597166955368,0.0016
0.24296133683487,0.8706775011671474,0.11520000000000001,0.11513237848042197,6.762151957803719e-05,0.0016
0.24296133683487,0.9381368499422049,0.1328,0.13284560830029168,4.5608300291682946e-05,0.0016
0.24296133683487,1.0108228914146788,0.152,0.151254064311881,0.0007459356881190093,0.0016
0.24296133683487,1.0891405852684266,0.1696,0.17035843490421881,0.0007584349042188132,0.0016
0.24296133683487,1.173526267117564,0.1904,0.1901574740818705,0.0002425259181295103,0.0016
0.24296133683487,1.264450079486729,0.2112,0.21064801528140922,0.0005519847185907756,0.0016
0.24296133683487,1.3624185911416191,0.232,0.23182500631790195,0.00017499368209805688,0.0016
0.24296133683487,1.467977619363024,0.2544,0.2536815646462059,0.0007184353537941224,0.0016
0.24296133683487,1.581715270888233,0.2768,0.2762090516634625,0.0005909483365375001,0.0016
0.24296133683487,1.7042652184619906,0.2992,0.29939716437067593,0.0001971643706759063,0.0016
0.24296133683487,1.836310231251813,0.32320000000000004,0.3232340423671378,3.404236713777653e-05,0.0016
0.24296133683487,1.9785859787968756,0.3472,0.34770638788256814,0.0005063878825681267,0.0016
0.24296133683487,2.1318851296835977,0.3728,0.37279959636476223,4.036352377889685e-07,0.0016
0.24296133683487,2.297061767783123,0.39840000000000003,0.398497895037669,9.789503766899355e-05,0.0016
0.24296133683487,2.475036150655092,0.42400000000000004,0.42478448682432607,0.000784486824326025,0.0016
0.24296133683487,2.6667998366284884,0.45120000000000005,0.45164169708551527,0.0004416970855152247,0.0016
0.24296133683487,2.8734212091243085,0.47840000000000005,0.47905112074979317,0.0006511207497931215,0.0016
0.24296133683487,3.0960514289980536,0.5072,0.5069937675929523,0.00020623240704764623,0.0016
0.24296133683487,3.3359308480646077,0.536,0.5354502036526905,0.0005497963473095613,0.0016
0.24296133683487,3.5943959195375657,0.5648000000000001,0.5644006870245436,0.00039931297545647837,0.0016
0.24296133683487,3.8728866438834793,0.5936,0.5938252965652289,0.00022529656522884967,0.0016
0.24296133683487,4.172954591574528,0.624,0.6237040523176122,0.00029594768238783153,0.0016
0.24296133683487,4.496271547437228,0.6544,0.6540170267569224,0.00038297324307756675,0.0016
0.24296133683487,4.844638824757865,0.6848000000000001,0.6847444462315799,5.555376842014681e-05,0.0016
0.24296133683487,5.219997301036887,0.7152000000000001,0.7158667822269447,0.0006667822269446066,0.0016
0.24296133683487,5.62443823130494,0.7472000000000001,0.747364832311016,0.00016483231101593887,0.0016
0.24296133683487,6.060214899245428,0.7792,0.7792197908241466,1.9790824146603825e-05,0.0016
0.24296133683487,6.529755171036042,0.8112,0.8114133095481886,0.00021330954818854497,0.0016
0.24296133683487,7.035675021851269,0.8432000000000001,0.8439275487337268,0.0007275487337267128,0.0016
0.24296133683487,7.58079311038668,0.8768,0.876745218977812,5.4781022188032935e-05,0.0016
0.24296133683487,8.168146482604984,0.9104000000000001,0.9098496145305338,0.0005503854694662857,0.0016
0.24296133683487,8.801007492194831,0.9440000000000001,0.9432246386691093,0.0007753613308907337,0.0016
0.24296133683487,9.482902032012383,0.9776,0.9768548218156772,0.0007451781843228478,0.0016
0.24296133683487,10.217629178079317,1.0112,1.0107253330925956,0.00047466690740449735,0.0016
0.24296133683487,11.009282355581066,1.0448,1.0448219860098478,2.198600984781862e-05,0.0016
0.24296133683487,11.862272144788507,1.0784,1.0791312389660859,0.0007312389660858454,0.0016
0.24296133683487,12.781350853962953,1.1136000000000001,1.1136401912207647,4.0191220764596025e-05,0.0016
0.24296133683487,13.77163899614884,1.1488,1.148336574962299,0.0004634250377011373,0.0016
0.24296133683487,14.838653817365689,1.1840000000000002,1.1832087440585588,0.00079125594144136,0.0016
0.24296133683487,15.988340035139956,1.2176,1.218245660033317,0.0006456600333168971,0.0016
0.24296133683487,17.227102958632177,1.2528000000000001,1.253436875767209,0.0006368757672088332,0.0016
0.24296133683487,18.56184417488314,1.288,1.288772517375796,0.000772517375795978,0.0016
0.24296133683487,20.000000000000004,1.3248,1.324243264671609,0.000556735328391067,0.0016
0.2602483080900673,0.1,0.0,0.0,0.0,0.0016
0.2602483080900673,0.1077479145475366,0.0,0.0,0.0,0.0016
0.2602483080900673,0.11609613089343249,0.0,0.0,0.0,0.0016
0.2602483080900673,0.12509115990805186,0.0,0.0,0.0,0.0016
0.2602483080900673,0.1347831160842501,0.0,0.0,0.0,0.0016
0.2602483080900673,0.14522599674296482,0.0,0.0,0.0,0.0016
0.2602483080900673,0.15647798287141804,0.0,0.0,0.0,0.0016
0.2602483080900673,0.1686017632700044,0.0,0.0,0.0,0.0016
0.2602483080900673,0.18166488381380433,0.0,0.0,0.0,0.0016
0.2602483080900673,0.19574012377457947,0.0,0.0,0.0,0.0016
0.2602483080900673,0.21090590129987632,0.0,0.0,0.0,0.0016
0.2602483080900673,0.22724671030830257,0.0,0.0,0.0,0.0016
0.2602483080900673,0.24485359123507788,0.0,0.0,0.0,0.0016
0.2602483080900673,0.26382463825054625,0.0,0.0,0.0,0.0016
0.2602483080900673,0.28426554577754615,0.0,0.0,0.0,0.0016
0.2602483080900673,0.3062901973524789,0.0,0.0,0.0,0.0016
0.2602483080900673,0.3300213001108302,0.0,0.0,0.0,0.0016
0.2602483080900673,0.3555910684320866,0.0,0.0,0.0,0.0016
0.2602483080900673,0.3831419605528771,0.0,0.0,0.0,0.0016
0.2602483080900673,0.41282747225227034,0.0,0.0,0.0,0.0016
0.2602483080900673,0.4448129920311316,0.0,0.0,0.0,0.0016
0.2602483080900673,0.47927672255004444,0.0,0.0,0.0,0.0016
0.2602483080900673,0.516410673459456,0.0,0.0,0.0,0.0016
0.2602483080900673,0.5564217311534528,0.0112,0.011676210905402778,0.00047621090540277827,0.0016
0.2602483080900673,0.5995328114071461,0.0256,0.02533729553469824,0.0002627044653017614,0.0016
0.2602483080900673,0.6459841013194154,0.04,0.03965072028047194,0.0003492797195280631,0.0016
0.2602483080900673,0.696034397480316,0.054400000000000004,0.05462790801483099,0.0002279080148309895,0.0016
0.2602483080900673,0.7499625478185521,0.0704,0.0702786918961421,0.00012130810385790891,0.0016
0.2602483080900673,0.8080690051620618,0.0864,0.08661121257300475,0.00021121257300474316,0.0016
0.2602483080900673,0.8706775011671474,0.10400000000000001,0.10363183133673111,0.0003681686632689002,0.0016
0.2602483080900673,0.9381368499422049,0.1216,0.12134506115660085,0.0002549388433991523,0.0016
0.2602483080900673,1.0108228914146788,0.13920000000000002,0.1397535171681902,0.0005535171681901874,0.0016
0.2602483080900673,1.0891405852684266,0.1584,0.158857887760528,0.00045788776052799185,0.0016
0.2602483080900673,1.173526267117564,0.1792,0.17865692693817972,0.0005430730618202761,0.0016
0.2602483080900673,1.264450079486729,0.19840000000000002,0.19914746813771847,0.0007474681377184489,0.0016
0.2602483080900673,1.3624185911416191,0.22080000000000002,0.22032445917421117,0.0004755408257888505,0.0016
0.2602483080900673,1.467977619363024,0.2416,0.2421810175025151,0.0005810175025151021,0.0016
0.2602483080900673,1.581715270888233,0.264,0.26470850451977174,0.0007085045197717244,0.0016
0.2602483080900673,1.7042652184619906,0.28800000000000003,0.2878966172269852,0.00010338277301485954,0.0016
0.2602483080900673,1.836310231251813,0.312,0.31173349522344707,0.0002665047765529338,0.0016
0.2602483080900673,1.9785859787968756,0.336,0.3362058407388773,0.00020584073887730536,0.0016
0.2602483080900673,2.1318851296835977,0.36160000000000003,0.3612990492210714,0.00030095077892861033,0.0016
0.2602483080900673,2.297061767783123,0.38720000000000004,0.3869973478939781,0.00020265210602193884,0.0016
0.2602483080900673,2.475036150655092,0.4128,0.41328393968063526,0.00048393968063525916,0.0016
0.2602483080900673,2.6667998366284884,0.44,0.44014114994182446,0.00014114994182445884,0.0016
0.2602483080900673,2.8734212091243085,0.4672,0.46755057360610236,0.00035057360610235566,0.0016
0.2602483080900673,3.0960514289980536,0.496,0.49549322044926153,0.0005067795507384676,0.0016
0.2602483080900673,3.3359308480646077,0.5232,0.5239496565089997,0.0007496565089997187,0.0016
0.2602483080900673,3.5943959195375657,0.5536,0.5529001398808528,0.0006998601191471332,0.0016
0.2602483080900673,3.8728866438834793,0.5824,0.5823247494215381,7.525057846191618e-05,0.0016
0.2602483080900673,4.172954591574528,0.6128,0.6122035051739214,0.0005964948260785974,0.0016
0.2602483080900673,4.496271547437228,0.6432,0.6425164796132316,0.0006835203867684436,0.0016
0.2602483080900673,4.844638824757865,0.6736000000000001,0.6732438990878892,0.00035610091211091266,0.0016
0.2602483080900673,5.219997301036887,0.7040000000000001,0.7043662350832539,0.0003662350832538408,0.0016
0.2602483080900673,5.62443823130494,0.736,0.7358642851673252,0.00013571483267482698,0.0016
0.2602483080900673,6.060214899245428,0.768,0.7677192436804559,0.000280756319544162,0.0016
0.2602483080900673,6.529755171036042,0.8,0.7999127624044977,8.72375955023319e-05,0.0016
0.2602483080900673,7.035675021851269,0.8320000000000001,0.832427001590036,0.00042700159003594695,0.0016
0.2602483080900673,7.58079311038668,0.8656,0.8652446718341211,0.0003553281658789098,0.0016
0.2602483080900673,8.168146482604984,0.8976000000000001,0.8983490673868431,0.0007490673868429942,0.0016
0.2602483080900673,8.801007492194831,0.9312,0.9317240915254186,0.0005240915254185463,0.0016
0.2602483080900673,9.482902032012383,0.9648,0.9653542746719864,0.0005542746719864322,0.0016
0.2602483080900673,10.217629178079317,1.0,0.9992247859489048,0.0007752140510951522,0.0016
0.2602483080900673,11.009282355581066,1.0336,1.033321438866157,0.0002785611338431693,0.0016
0.2602483080900673,11.862272144788507,1.0672000000000001,1.0676306918223952,0.0004306918223950795,0.0016
0.2602483080900673,12.781350853962953,1.1024,1.102139644077074,0.0002603559229259478,0.0016
0.2602483080900673,13.77163899614884,1.1376,1.136836027818608,0.0007639721813919031,0.0016
0.2602483080900673,14.838653817365689,1.1712,1.171708196914868,0.00050819691486792,0.0016
0.2602483080900673,15.988340035139956,1.2064000000000001,1.206745112889626,0.00034511288962590925,0.0016
0.2602483080900673,17.227102958632177,1.2416,1.241936328623518,0.00033632862351806736,0.0016
0.2602483080900673,18.56184417488314,1.2768000000000002,1.2772719702321051,0.0004719702321049901,0.0016
0.2602483080900673,20.000000000000004,1.312,1.312742717527918,0.000742717527917991,0.0016
0.2787652667130948,0.1,0.0,0.0,0.0,0.0016
0.2787652667130948,0.1077479145475366,0.0,0.0,0.0,0.0016
0.2787652667130948,0.11609613089343249,0.0,0.0,0.0,0.0016
0.2787652667130948,0.12509115990805186,0.0,0.0,0.0,0.0016
0.2787652667130948,0.1347831160842501,0.0,0.0,0.0,0.0016
0.2787652667130948,0.14522599674296482,0.0,0.0,0.0,0.0016
0.2787652667130948,0.15647798287141804,0.0,0.0,0.0,0.0016
0.2787652667130948,0.1686017632700044,0.0,0.0,0.0,0.0016
0.2787652667130948,0.18166488381380433,0.0,0.0,0.0,0.0016
0.2787652667130948,0.19574012377457947,0.0,0.0,0.0,0.0016
0.2787652667130948,0.21090590129987632,0.0,0.0,0.0,0.0016
0.2787652667130948,0.22724671030830257,0.0,0.0,0.0,0.0016
0.2787652667130948,0.24485359123507788,0.0,0.0,0.0,0.0016
0.2787652667130948,0.26382463825054625,0.0,0.0,0.0,0.0016
0.2787652667130948,0.28426554577754615,0.0,0.0,0.0,0.0016
0.2787652667130948,0.3062901973524789,0.0,0.0,0.0,0.0016
0.2787652667130948,0.3300213001108302,0.0,0.0,0.0,0.0016
0.2787652667130948,0.3555910684320866,0.0,0.0,0.0,0.0016
0.2787652667130948,0.3831419605528771,0.0,0.0,0.0,0.0016
0.2787652667130948,0.41282747225227034,0.0,0.0,0.0,0.0016
0.2787652667130948,0.4448129920311316,0.0,0.0,0.0,0.0016
0.2787652667130948,0.47927672255004444,0.0,0.0,0.0,0.0016
0.2787652667130948,0.516410673459456,0.0,0.0,0.0,0.0016
0.2787652667130948,0.5564217311534528,0.0,0.0,0.0,0.0016
0.2787652667130948,0.5995328114071461,0.0128,0.013305009061853076,0.0005050090618530755,0.0016
0.2787652667130948,0.6459841013194154,0.027200000000000002,0.027618433807626738,0.0004184338076267356,0.0016
0.2787652667130948,0.696034397480316,0.0432,0.042595621541985894,0.0006043784580141084,0.0016
0.2787652667130948,0.7499625478185521,0.057600000000000005,0.05824640542329691,0.0006464054232969071,0.0016
0.2787652667130948,0.8080690051620618,0.0752,0.07457892610015962,0.0006210738998403825,0.0016
0.2787652667130948,0.8706775011671474,0.0912,0.09159954486388595,0.00039954486388595056,0.0016
0.2787652667130948,0.9381368499422049,0.10880000000000001,0.1093127746837557,0.0005127746837556985,0.0016
0.2787652667130948,1.0108228914146788,0.128,0.12772123069534505,0.0002787693046549522,0.0016
0.2787652667130948,1.0891405852684266,0.1472,0.1468256012876829,0.0003743987123170922,0.0016
0.2787652667130948,1.173526267117564,0.16640000000000002,0.1666246404653345,0.00022464046533449133,0.0016
0.2787652667130948,1.264450079486729,0.1872,0.18711518166487323,8.481833512677395e-05,0.0016
0.2787652667130948,1.3624185911416191,0.20800000000000002,0.20829217270136596,0.00029217270136594475,0.0016
0.2787652667130948,1.467977619363024,0.23040000000000002,0.23014873102966987,0.0002512689703301485,0.0016
0.2787652667130948,1.581715270888233,0.2528,0.2526762180469265,0.00012378195307349849,0.0016
0.2787652667130948,1.7042652184619906,0.2752,0.27586433075414,0.000664330754140019,0.0016
0.2787652667130948,1.836310231251813,0.2992,0.2997012087506019,0.0005012087506018892,0.0016
0.2787652667130948,1.9785859787968756,0.32480000000000003,0.32417355426603217,0.000626445733967862,0.0016
0.2787652667130948,2.1318851296835977,0.3488,0.3492667627482262,0.00046676274822621266,0.0016
0.2787652667130948,2.297061767783123,0.3744,0.37496506142113295,0.0005650614211329397,0.0016
0.2787652667130948,2.475036150655092,0.4016,0.40125165320779016,0.00034834679220985265,0.0016
0.2787652667130948,2.6667998366284884,0.4288,0.4281088634689793,0.0006911365310207085,0.0016
0.2787652667130948,2.8734212091243085,0.456,0.4555182871332572,0.00048171286674281166,0.0016
0.2787652667130948,3.0960514289980536,0.4832,0.4834609339764163,0.0002609339764162999,0.0016
0.2787652667130948,3.3359308480646077,0.512,0.5119173700361545,8.262996384555965e-05,0.0016
0.2787652667130948,3.5943959195375657,0.5408000000000001,0.5408678534080077,6.785340800763429e-05,0.0016
0.2787652667130948,3.8728866438834793,0.5696,0.5702924629486928,0.0006924629486928513,0.0016
0.2787652667130948,4.172954591574528,0.6,0.6001712187010763,0.00017121870107628112,0.0016
0.2787652667130948,4.496271547437228,0.6304000000000001,0.6304841931403864,8.419314038632386e-05,0.0016
0.2787652667130948,4.844638824757865,0.6608,0.661211612615044,0.00041161261504396585,0.0016
0.2787652667130948,5.219997301036887,0.6928000000000001,0.6923339486104088,0.0004660513895913265,0.0016
0.2787652667130948,5.62443823130494,0.7232000000000001,0.72383199869448,0.0006319986944799405,0.0016
0.2787652667130948,6.060214899245428,0.7552,0.7556869572076107,0.0004869572076107165,0.0016
0.2787652667130948,6.529755171036042,0.7872,0.7878804759316526,0.0006804759316525466,0.0016
0.2787652667130948,7.035675021851269,0.8208000000000001,0.8203947151171908,0.0004052848828093314,0.0016
0.2787652667130948,7.58079311038668,0.8528,0.853212385361276,0.0004123853612759687,0.0016
0.2787652667130948,8.168146482604984,0.8864000000000001,0.8863167809139978,8.321908600228412e-05,0.0016
0.2787652667130948,8.801007492194831,0.92,0.9196918050525733,0.00030819494742673204,0.0016
0.2787652667130948,9.482902032012383,0.9536,0.9533219881991413,0.0002780118008587351,0.0016
0.2787652667130948,10.217629178079317,0.9872000000000001,0.9871924994760596,7.500523940495718e-06,0.0016
0.2787652667130948,11.009282355581066,1.0208000000000002,1.0212891523933116,0.0004891523933114872,0.0016
0.2787652667130948,11.862272144788507,1.056,1.05559840534955,0.0004015946504500878,0.0016
0.2787652667130948,12.781350853962953,1.0896000000000001,1.0901073576042288,0.0005073576042287087,0.0016
0.2787652667130948,13.77163899614884,1.1248,1.124803741345763,3.7413457629753566e-06,0.0016
0.2787652667130948,14.838653817365689,1.1600000000000001,1.1596759104420227,0.0003240895579774694,0.0016
0.2787652667130948,15.988340035139956,1.1952,1.194712826416781,0.00048717358321903603,0.0016
0.2787652667130948,17.227102958632177,1.2304000000000002,1.229904042150673,0.0004959578493271,0.0016
0.2787652667130948,18.56184417488314,1.2656,1.2652396837592599,0.0003603162407401772,0.0016
0.2787652667130948,20.000000000000004,1.3008,1.300710431055073,8.956894492695433e-05,0.0016
0.29859972768287446,0.1,0.0,0.0,0.0,0.0016
0.29859972768287446,0.1077479145475366,0.0,0.0,0.0,0.0016
0.29859972768287446,0.11609613089343249,0.0,0.0,0.0,0.0016
0.29859972768287446,0.12509115990805186,0.0,0.0,0.0,0.0016
0.29859972768287446,0.1347831160842501,0.0,0.0,0.0,0.0016
0.29859972768287446,0.14522599674296482,0.0,0.0,0.0,0.0016
0.29859972768287446,0.15647798287141804,0.0,0.0,0.0,0.0016
0.29859972768287446,0.1686017632700044,0.0,0.0,0.0,0.0016
0.29859972768287446,0.18166488381380433,0.0,0.0,0.0,0.0016
0.29859972768287446,0.19574012377457947,0.0,0.0,0.0,0.0016
0.29859972768287446,0.21090590129987632,0.0,0.0,0.0,0.0016
0.29859972768287446,0.22724671030830257,0.0,0.0,0.0,0.0016
0.29859972768287446,0.24485359123507788,0.0,0.0,0.0,0.0016
0.29859972768287446,0.26382463825054625,0.0,0.0,0.0,0.0016
0.29859972768287446,0.28426554577754615,0.0,0.0,0.0,0.0016
0.29859972768287446,0.3062901973524789,0.0,0.0,0.0,0.0016
0.29859972768287446,0.3300213001108302,0.0,0.0,0.0,0.0016
0.29859972768287446,0.3555910684320866,0.0,0.0,0.0,0.0016
0.29859972768287446,0.3831419605528771,0.0,0.0,0.0,0.0016
0.29859972768287446,0.41282747225227034,0.0,0.0,0.0,0.0016
0.29859972768287446,0.4448129920311316,0.0,0.0,0.0,0.0016
0.29859972768287446,0.47927672255004444,0.0,0.0,0.0,0.0016
0.29859972768287446,0.516410673459456,0.0,0.0,0.0,0.0016
0.29859972768287446,0.5564217311534528,0.0,0.0,0.0,0.0016
0.29859972768287446,0.5995328114071461,0.0,0.0007299192616286499,0.0007299192616286499,0.0016
0.29859972768287446,0.6459841013194154,0.014400000000000001,0.015043344007402346,0.0006433440074023449,0.0016
0.29859972768287446,0.696034397480316,0.0304,0.030020531741761464,0.0003794682582385356,0.0016
0.29859972768287446,0.7499625478185521,0.046400000000000004,0.04567131562307247,0.0007286843769275311,0.0016
0.29859972768287446,0.8080690051620618,0.062400000000000004,0.062003836299935215,0.00039616370006478885,0.0016
0.29859972768287446,0.8706775011671474,0.0784,0.0790244550636616,0.0006244550636615998,0.0016
0.29859972768287446,0.9381368499422049,0.096,0.09673768488353127,0.0007376848835312644,0.0016
0.29859972768287446,1.0108228914146788,0.11520000000000001,0.11514614089512057,5.385910487944179e-05,0.0016
0.29859972768287446,1.0891405852684266,0.13440000000000002,0.13425051148745845,0.00014948851254156792,0.0016
0.29859972768287446,1.173526267117564,0.15360000000000001,0.15404955066511009,0.00044955066511007113,0.0016
0.29859972768287446,1.264450079486729,0.1744,0.1745400918646488,0.00014009186464880585,0.0016
0.29859972768287446,1.3624185911416191,0.1952,0.1957170829011416,0.0005170829011415801,0.0016
0.29859972768287446,1.467977619363024,0.21760000000000002,0.21757364122944553,2.6358770554485433e-05,0.0016
0.29859972768287446,1.581715270888233,0.24000000000000002,0.2401011282467021,0.00010112824670208131,0.0016
0.29859972768287446,1.7042652184619906,0.264,0.2632892409539156,0.0007107590460844193,0.0016
0.29859972768287446,1.836310231251813,0.2864,0.2871261189503775,0.0007261189503774967,0.0016
0.29859972768287446,1.9785859787968756,0.312,0.31159846446580775,0.0004015355341922544,0.0016
0.29859972768287446,2.1318851296835977,0.336,0.33669167294800184,0.0006916729480018202,0.0016
0.29859972768287446,2.297061767783123,0.36160000000000003,0.3623899716209085,0.0007899716209084917,0.0016
0.29859972768287446,2.475036150655092,0.38880000000000003,0.3886765634075657,0.00012343659243435612,0.0016
0.29859972768287446,2.6667998366284884,0.41600000000000004,0.4155337736687548,0.00046622633124521196,0.0016
0.29859972768287446,2.8734212091243085,0.44320000000000004,0.4429431973330328,0.0002568026669672596,0.0016
0.29859972768287446,3.0960514289980536,0.47040000000000004,0.4708858441761919,0.00048584417619185194,0.0016
0.29859972768287446,3.3359308480646077,0.49920000000000003,0.49934228023593,0.0001422802359299924,0.0016
0.29859972768287446,3.5943959195375657,0.528,0.5282927636077832,0.00029276360778318633,0.0016
0.29859972768287446,3.8728866438834793,0.5584,0.5577173731484685,0.0006826268515315315,0.0016
0.29859972768287446,4.172954591574528,0.5872,0.5875961289008518,0.00039612890085172214,0.0016
0.29859972768287446,4.496271547437228,0.6176,0.617909103340162,0.00030910334016198693,0.0016
0.29859972768287446,4.844638824757865,0.648,0.6486365228148195,0.0006365228148195179,0.0016
0.29859972768287446,5.219997301036887,0.68,0.6797588588101843,0.00024114118981577448,0.0016
0.29859972768287446,5.62443823130494,0.7120000000000001,0.7112569088942556,0.0007430911057444423,0.0016
0.29859972768287446,6.060214899245428,0.7424000000000001,0.7431118674073862,0.0007118674073861575,0.0016
0.29859972768287446,6.529755171036042,0.776,0.7753053861314282,0.0006946138685718362,0.0016
0.29859972768287446,7.035675021851269,0.808,0.8078196253169664,0.00018037468303366833,0.0016
0.29859972768287446,7.58079311038668,0.8400000000000001,0.8406372955610516,0.0006372955610515207,0.0016
0.29859972768287446,8.168146482604984,0.8736,0.8737416911137734,0.00014169111377337895,0.0016
0.29859972768287446,8.801007492194831,0.9072,0.9071167152523489,8.328474765106897e-05,0.0016
0.29859972768287446,9.482902032012383,0.9408000000000001,0.9407468983989168,5.310160108329409e-05,0.0016
0.29859972768287446,10.217629178079317,0.9744,0.9746174096758352,0.00021740967583516735,0.0016
0.29859972768287446,11.009282355581066,1.008,1.0087140625930873,0.0007140625930872613,0.0016
0.29859972768287446,11.862272144788507,1.0432000000000001,1.0430233155493256,0.00017668445067453575,0.0016
0.29859972768287446,12.781350853962953,1.0768,1.0775322678040045,0.0007322678040044828,0.0016
0.29859972768287446,13.77163899614884,1.112,1.1122286515455384,0.00022865154553830536,0.0016
0.29859972768287446,14.838653817365689,1.1472,1.1471008206417983,9.917935820169532e-05,0.0016
0.29859972768287446,15.988340035139956,1.1824000000000001,1.1821377366165564,0.00026226338344370603,0.0016
0.29859972768287446,17.227102958632177,1.2176,1.2173289523504485,0.0002710476495515479,0.0016
0.29859972768287446,18.56184417488314,1.2528000000000001,1.2526645939590355,0.00013540604096462516,0.0016
0.29859972768287446,20.000000000000004,1.288,1.2881353412548486,0.00013534125484859771,0.0016
0.31984543276710314,0.1,0.0,0.0,0.0,0.0016
0.31984543276710314,0.1077479145475366,0.0,0.0,0.0,0.0016
0.31984543276710314,0.11609613089343249,0.0,0.0,0.0,0.0016
0.31984543276710314,0.12509115990805186,0.0,0.0,0.0,0.0016
0.31984543276710314,0.1347831160842501,0.0,0.0,0.0,0.0016
0.31984543276710314,0.14522599674296482,0.0,0.0,0.0,0.0016
0.31984543276710314,0.15647798287141804,0.0,0.0,0.0,0.0016
0.31984543276710314,0.1686017632700044,0.0,0.0,0.0,0.0016
0.31984543276710314,0.18166488381380433,0.0,0.0,0.0,0.0016
0.31984543276710314,0.19574012377457947,0.0,0.0,0.0,0.0016
0.31984543276710314,0.21090590129987632,0.0,0.0,0.0,0.0016
0.31984543276710314,0.22724671030830257,0.0,0.0,0.0,0.0016
0.31984543276710314,0.24485359123507788,0.0,0.0,0.0,0.0016
0.31984543276710314,0.26382463825054625,0.0,0.0,0.0,0.0016
0.31984543276710314,0.28426554577754615,0.0,0.0,0.0,0.0016
0.31984543276710314,0.3062901973524789,0.0,0.0,0.0,0.0016
0.31984543276710314,0.3300213001108302,0.0,0.0,0.0,0.0016
0.31984543276710314,0.3555910684320866,0.0,0.0,0.0,0.0016
0.31984543276710314,0.3831419605528771,0.0,0.0,0.0,0.0016
0.31984543276710314,0.41282747225227034,0.0,0.0,0.0,0.0016
0.31984543276710314,0.4448129920311316,0.0,0.0,0.0,0.0016
0.31984543276710314,0.47927672255004444,0.0,0.0,0.0,0.0016
0.31984543276710314,0.516410673459456,0.0,0.0,0.0,0.0016
0.31984543276710314,0.5564217311534528,0.0,0.0,0.0,0.0016
0.31984543276710314,0.5995328114071461,0.0,0.0,0.0,0.0016
0.31984543276710314,0.6459841013194154,0.0016,0.0019153578928147149,0.0003153578928147148,0.0016
0.31984543276710314,0.696034397480316,0.0176,0.01689254562717383,0.0007074543728261724,0.0016
0.31984543276710314,0.7499625478185521,0.032,0.032543329508484785,0.0005433295084847842,0.0016
0.31984543276710314,0.8080690051620618,0.049600000000000005,0.04887585018534754,0.0007241498146524639,0.0016
0.31984543276710314,0.8706775011671474,0.0656,0.06589646894907389,0.0002964689490738831,0.0016
0.31984543276710314,0.9381368499422049,0.08320000000000001,0.0836096987689436,0.00040969876894358936,0.0016
0.31984543276710314,1.0108228914146788,0.1024,0.10201815478053294,0.0003818452194670613,0.0016
0.31984543276710314,1.0891405852684266,0.1216,0.12112252537287077,0.00047747462712922906,0.0016
0.31984543276710314,1.173526267117564,0.1408,0.1409215645505225,0.00012156455052247939,0.0016
0.31984543276710314,1.264450079486729,0.16160000000000002,0.16141210575006118,0.0001878942499388414,0.0016
0.31984543276710314,1.3624185911416191,0.1824,0.18258909678655394,0.0001890967865539328,0.0016
0.31984543276710314,1.467977619363024,0.2048,0.20444565511485788,0.0003543448851421327,0.0016
0.31984543276710314,1.581715270888233,0.2272,0.2269731421321145,0.00022685786788551043,0.0016
0.31984543276710314,1.7042652184619906,0.24960000000000002,0.25016125483932794,0.0005612548393279237,0.0016
0.31984543276710314,1.836310231251813,0.2736,0.27399813283578983,0.0003981328357898217,0.0016
0.31984543276710314,1.9785859787968756,0.2992,0.2984704783512201,0.0007295216487799294,0.0016
0.31984543276710314,2.1318851296835977,0.32320000000000004,0.3235636868334142,0.0003636868334141452,0.0016
0.31984543276710314,2.297061767783123,0.3488,0.349261985506321,0.00046198550632098323,0.0016
0.31984543276710314,2.475036150655092,0.376,0.3755485772929781,0.0004514227070219201,0.0016
0.31984543276710314,2.6667998366284884,0.4032,0.40240578755416717,0.0007942124458328315,0.0016
0.31984543276710314,2.8734212091243085,0.4304,0.4298152112184452,0.0005847887815548236,0.0016
0.31984543276710314,3.0960514289980536,0.4576,0.4577578580616043,0.00015785806160428795,0.0016
0.31984543276710314,3.3359308480646077,0.4864,0.48621429412134237,0.0001857058786576271,0.0016
0.31984543276710314,3.5943959195375657,0.5152,0.5151647774931956,3.5222506804433173e-05,0.0016
0.31984543276710314,3.8728866438834793,0.544,0.5445893870338808,0.0005893870338807838,0.0016
0.31984543276710314,4.172954591574528,0.5744,0.5744681427862642,6.814278626421366e-05,0.0016
0.31984543276710314,4.496271547437228,0.6048,0.6047811172255744,1.8882774425632576e-05,0.0016
0.31984543276710314,4.844638824757865,0.6352,0.6355085367002319,0.0003085367002318984,0.0016
0.31984543276710314,5.219997301036887,0.6672,0.6666308726955966,0.000569127304403394,0.0016
0.31984543276710314,5.62443823130494,0.6976,0.698128922779668,0.0005289227796679841,0.0016
0.31984543276710314,6.060214899245428,0.7296,0.7299838812927986,0.000383881292798538,0.0016
0.31984543276710314,6.529755171036042,0.7616,0.7621774000168404,0.0005774000168403681,0.0016
0.31984543276710314,7.035675021851269,0.7952,0.7946916392023787,0.0005083607976212878,0.0016
0.31984543276710314,7.58079311038668,0.8272,0.827509309446464,0.00030930944646390124,0.0016
0.31984543276710314,8.168146482604984,0.8608,0.8606137049991858,0.00018629500081424055,0.0016
0.31984543276710314,8.801007492194831,0.8944000000000001,0.8939887291377613,0.0004112708622387995,0.0016
0.31984543276710314,9.482902032012383,0.928,0.9276189122843291,0.0003810877156709136,0.0016
0.31984543276710314,10.217629178079317,0.9616,0.9614894235612476,0.00011057643875245216,0.0016
0.31984543276710314,11.009282355581066,0.9952000000000001,0.9955860764784996,0.00038607647849953075,0.0016
0.31984543276710314,11.862272144788507,1.0304,1.029895329434738,0.0005046705652620442,0.0016
0.31984543276710314,12.781350853962953,1.064,1.0644042816894168,0.00040428168941675224,0.0016
0.31984543276710314,13.77163899614884,1.0992,1.0991006654309508,9.933456904920313e-05,0.0016
0.31984543276710314,14.838653817365689,1.1344,1.1339728345272106,0.00042716547278942585,0.0016
0.31984543276710314,15.988340035139956,1.1696,1.169009750501969,0.0005902494980309925,0.0016
0.31984543276710314,17.227102958632177,1.2048,1.2042009662358608,0.0005990337641392784,0.0016
0.31984543276710314,18.56184417488314,1.24,1.2395366078444479,0.00046339215555213364,0.0016
0.31984543276710314,20.000000000000004,1.2752000000000001,1.275007355140261,0.0001926448597391328,0.0016
0.34260279356524936,0.1,0.0,0.0,0.0,0.0016
0.34260279356524936,0.1077479145475366,0.0,0.0,0.0,0.0016
0.34260279356524936,0.11609613089343249,0.0,0.0,0.0,0.0016
0.34260279356524936,0.12509115990805186,0.0,0.0,0.0,0.0016
0.34260279356524936,0.1347831160842501,0.0,0.0,0.0,0.0016
0.34260279356524936,0.14522599674296482,0.0,0.0,0.0,0.0016
0.34260279356524936,0.15647798287141804,0.0,0.0,0.0,0.0016
0.34260279356524936,0.1686017632700044,0.0,0.0,0.0,0.0016
0.34260279356524936,0.18166488381380433,0.0,0.0,0.0,0.0016
0.34260279356524936,0.19574012377457947,0.0,0.0,0.0,0.0016
0.34260279356524936,0.21090590129987632,0.0,0.0,0.0,0.0016
0.34260279356524936,0.22724671030830257,0.0,0.0,0.0,0.0016
0.34260279356524936,0.24485359123507788,0.0,0.0,0.0,0.0016
0.34260279356524936,0.26382463825054625,0.0,0.0,0.0,0.0016
0.34260279356524936,0.28426554577754615,0.0,0.0,0.0,0.0016
0.34260279356524936,0.3062901973524789,0.0,0.0,0.0,0.0016
0.34260279356524936,0.3300213001108302,0.0,0.0,0.0,0.0016
0.34260279356524936,0.3555910684320866,0.0,0.0,0.0,0.0016
0.34260279356524936,0.3831419605528771,0.0,0.0,0.0,0.0016
0.34260279356524936,0.41282747225227034,0.0,0.0,0.0,0.0016
0.34260279356524936,0.4448129920311316,0.0,0.0,0.0,0.0016
0.34260279356524936,0.47927672255004444,0.0,0.0,0.0,0.0016
0.34260279356524936,0.516410673459456,0.0,0.0,0.0,0.0016
0.34260279356524936,0.5564217311534528,0.0,0.0,0.0,0.0016
0.34260279356524936,0.5995328114071461,0.0,0.0,0.0,0.0016
0.34260279356524936,0.6459841013194154,0.0,0.0,0.0,0.0016
0.34260279356524936,0.696034397480316,0.0032,0.0032026260845454207,2.626084545420508e-06,0.0016
0.34260279356524936,0.7499625478185521,0.019200000000000002,0.018853409965856514,0.00034659003414348744,0.0016
0.34260279356524936,0.8080690051620618,0.0352,0.035185930642719146,1.4069357280856176e-05,0.0016
0.34260279356524936,0.8706775011671474,0.0528,0.05220654940644558,0.0005934505935544163,0.0016
0.34260279356524936,0.9381368499422049,0.0704,0.06991977922631526,0.0004802207736847447,0.0016
0.34260279356524936,1.0108228914146788,0.08800000000000001,0.08832823523790459,0.0003282352379045811,0.0016
0.34260279356524936,1.0891405852684266,0.1072,0.10743260583024247,0.00023260583024246884,0.0016
0.34260279356524936,1.173526267117564,0.128,0.1272316450078941,0.0007683549921058963,0.0016
0.34260279356524936,1.264450079486729,0.1472,0.1477221862074328,0.000522186207432801,0.0016
0.34260279356524936,1.3624185911416191,0.1696,0.16889917724392559,0.0007008227560744151,0.0016
0.34260279356524936,1.467977619363024,0.1904,0.19075573557222947,0.0003557355722294542,0.0016
0.34260279356524936,1.581715270888233,0.21280000000000002,0.21328322258948615,0.00048322258948613195,0.0016
0.34260279356524936,1.7042652184619906,0.2368,0.23647133529669953,0.0003286647033004797,0.0016
0.34260279356524936,1.836310231251813,0.26080000000000003,0.26030821329316145,0.0004917867068385817,0.0016
0.34260279356524936,1.9785859787968756,0.2848,0.2847805588085917,1.944119140828704e-05,0.0016
0.34260279356524936,2.1318851296835977,0.3104,0.30987376729078586,0.0005262327092141472,0.0016
0.34260279356524936,2.297061767783123,0.336,0.33557206596369255,0.00042793403630747573,0.0016
0.34260279356524936,2.475036150655092,0.36160000000000003,0.3618586577503497,0.00025865775034966676,0.0016
0.34260279356524936,2.6667998366284884,0.38880000000000003,0.38871586801153885,8.413198846118908e-05,0.0016
0.34260279356524936,2.8734212091243085,0.41600000000000004,0.4161252916758168,0.00012529167581676326,0.0016
0.34260279356524936,3.0960514289980536,0.44480000000000003,0.4440679385189759,0.0007320614810241155,0.0016
0.34260279356524936,3.3359308480646077,0.47200000000000003,0.47252437457871405,0.0005243745787140153,0.0016
0.34260279356524936,3.5943959195375657,0.5008,0.5014748579505672,0.0006748579505672092,0.0016
0.34260279356524936,3.8728866438834793,0.5312,0.5308994674912524,0.0003005325087476196,0.0016
0.34260279356524936,4.172954591574528,0.56,0.5607782232436358,0.000778223243635745,0.0016
0.34260279356524936,4.496271547437228,0.5904,0.591091197682946,0.0006911976829460098,0.0016
0.34260279356524936,4.844638824757865,0.6224000000000001,0.6218186171576036,0.0005813828423965051,0.0016
0.34260279356524936,5.219997301036887,0.6528,0.6529409531529683,0.0001409531529682484,0.0016
0.34260279356524936,5.62443823130494,0.6848000000000001,0.6844390032370395,0.0003609967629605304,0.0016
0.34260279356524936,6.060214899245428,0.7168,0.7162939617501702,0.0005060382498297544,0.0016
0.34260279356524936,6.529755171036042,0.7488,0.7484874804742121,0.0003125195257879243,0.0016
0.34260279356524936,7.035675021851269,0.7808,0.7810017196597504,0.00020171965975035455,0.0016
0.34260279356524936,7.58079311038668,0.8144,0.8138193899038355,0.0005806100961645022,0.0016
0.34260279356524936,8.168146482604984,0.8464,0.8469237854565573,0.0005237854565572908,0.0016
0.34260279356524936,8.801007492194831,0.88,0.880298809595133,0.0002988095951329539,0.0016
0.34260279356524936,9.482902032012383,0.9136000000000001,0.9139289927417008,0.0003289927417007288,0.0016
0.34260279356524936,10.217629178079317,0.9472,0.9477995040186192,0.0005995040186191902,0.0016
0.34260279356524936,11.009282355581066,0.9824,0.9818961569358713,0.0005038430641287617,0.0016
0.34260279356524936,11.862272144788507,1.016,1.0162054098921096,0.00020540989210959815,0.0016
0.34260279356524936,12.781350853962953,1.0512000000000001,1.0507143621467885,0.0004856378532116512,0.0016
0.34260279356524936,13.77163899614884,1.0848,1.0854107458883224,0.0006107458883224393,0.0016
0.34260279356524936,14.838653817365689,1.12,1.1202829149845823,0.00028291498458221653,0.0016
0.34260279356524936,15.988340035139956,1.1552,1.1553198309593407,0.00011983095934064991,0.0016
0.34260279356524936,17.227102958632177,1.1904000000000001,1.1905110466932325,0.00011104669323236394,0.0016
0.34260279356524936,18.56184417488314,1.2256,1.2258466883018195,0.00024668830181950874,0.0016
0.34260279356524936,20.000000000000004,1.2608000000000001,1.2613174355976324,0.0005174355976322875,0.0016
0.3669793660745539,0.1,0.0,0.0,0.0,0.0016
0.3669793660745539,0.1077479145475366,0.0,0.0,0.0,0.0016
0.3669793660745539,0.11609613089343249,0.0,0.0,0.0,0.0016
0.3669793660745539,0.12509115990805186,0.0,0.0,0.0,0.0016
0.3669793660745539,0.1347831160842501,0.0,0.0,0.0,0.0016
0.3669793660745539,0.14522599674296482,0.0,0.0,0.0,0.0016
0.3669793660745539,0.15647798287141804,0.0,0.0,0.0,0.0016
0.3669793660745539,0.1686017632700044,0.0,0.0,0.0,0.0016
0.3669793660745539,0.18166488381380433,0.0,0.0,0.0,0.0016
0.3669793660745539,0.19574012377457947,0.0,0.0,0.0,0.0016
0.3669793660745539,0.21090590129987632,0.0,0.0,0.0,0.0016
0.3669793660745539,0.22724671030830257,0.0,0.0,0.0,0.0016
0.3669793660745539,0.24485359123507788,0.0,0.0,0.0,0.0016
0.3669793660745539,0.26382463825054625,0.0,0.0,0.0,0.0016
0.3669793660745539,0.28426554577754615,0.0,0.0,0.0,0.0016
0.3669793660745539,0.3062901973524789,0.0,0.0,0.0,0.0016
0.3669793660745539,0.3300213001108302,0.0,0.0,0.0,0.0016
0.3669793660745539,0.3555910684320866,0.0,0.0,0.0,0.0016
0.3669793660745539,0.3831419605528771,0.0,0.0,0.0,0.0016
0.3669793660745539,0.41282747225227034,0.0,0.0,0.0,0.0016
0.3669793660745539,0.4448129920311316,0.0,0.0,0.0,0.0016
0.3669793660745539,0.47927672255004444,0.0,0.0,0.0,0.0016
0.3669793660745539,0.516410673459456,0.0,0.0,0.0,0.0016
0.3669793660745539,0.5564217311534528,0.0,0.0,0.0,0.0016
0.3669793660745539,0.5995328114071461,0.0,0.0,0.0,0.0016
0.3669793660745539,0.6459841013194154,0.0,0.0,0.0,0.0016
0.3669793660745539,0.696034397480316,0.0,0.0,0.0,0.0016
0.3669793660745539,0.7499625478185521,0.0048000000000000004,0.004593653803347356,0.0002063461966526443,0.0016
0.3669793660745539,0.8080690051620618,0.020800000000000003,0.020926174480210082,0.00012617448021007976,0.0016
0.3669793660745539,0.8706775011671474,0.038400000000000004,0.03794679324393643,0.0004532067560635705,0.0016
0.3669793660745539,0.9381368499422049,0.056,0.05566002306380615,0.0003399769361938504,0.0016
0.3669793660745539,1.0108228914146788,0.0736,0.07406847907539552,0.00046847907539551703,0.0016
0.3669793660745539,1.0891405852684266,0.09280000000000001,0.09317284966773334,0.0003728496677333354,0.0016
0.3669793660745539,1.173526267117564,0.1136,0.112971888845385,0.000628111154615002,0.0016
0.3669793660745539,1.264450079486729,0.1328,0.13346243004492375,0.0006624300449237508,0.0016
0.3669793660745539,1.3624185911416191,0.1552,0.15463942108141648,0.0005605789185835208,0.0016
0.3669793660745539,1.467977619363024,0.17600000000000002,0.17649597940972037,0.0004959794097203485,0.0016
0.3669793660745539,1.581715270888233,0.19840000000000002,0.19902346642697696,0.000623466426976943,0.0016
0.3669793660745539,1.7042652184619906,0.22240000000000001,0.22221157913419046,0.00018842086580955764,0.0016
0.3669793660745539,1.836310231251813,0.2464,0.24604845713065235,0.00035154286934765966,0.0016
0.3669793660745539,1.9785859787968756,0.27040000000000003,0.2705208026460826,0.00012080264608255176,0.0016
0.3669793660745539,2.1318851296835977,0.29600000000000004,0.2956140111282768,0.0003859888717232529,0.0016
0.3669793660745539,2.297061767783123,0.3216,0.32131230980118347,0.0002876901988165259,0.0016
0.3669793660745539,2.475036150655092,0.3472,0.3475989015878405,0.00039890158784050556,0.0016
0.3669793660745539,2.6667998366284884,0.3744,0.37445611184902977,5.611184902976074e-05,0.0016
0.3669793660745539,2.8734212091243085,0.4016,0.40186553551330767,0.00026553551330765757,0.0016
0.3669793660745539,3.0960514289980536,0.4304,0.42980818235646673,0.0005918176435332767,0.0016
0.3669793660745539,3.3359308480646077,0.4576,0.4582646184162049,0.0006646184162049096,0.0016
0.3669793660745539,3.5943959195375657,0.48800000000000004,0.48721510178805816,0.0007848982119418868,0.0016
0.3669793660745539,3.8728866438834793,0.5168,0.5166397113287433,0.0001602886712567253,0.0016
0.3669793660745539,4.172954591574528,0.5472,0.5465184670811267,0.0006815329188732955,0.0016
0.3669793660745539,4.496271547437228,0.5776,0.5768314415204369,0.0007685584795631417,0.0016
0.3669793660745539,4.844638824757865,0.608,0.6075588609950945,0.00044113900490549973,0.0016
0.3669793660745539,5.219997301036887,0.6384000000000001,0.6386811969904592,0.0002811969904591427,0.0016
0.3669793660745539,5.62443823130494,0.6704,0.6701792470745305,0.00022075292546952507,0.0016
0.3669793660745539,6.060214899245428,0.7024,0.7020342055876612,0.0003657944123388601,0.0016
0.3669793660745539,6.529755171036042,0.7344,0.734227724311703,0.00017227568829703,0.0016
0.3669793660745539,7.035675021851269,0.7664000000000001,0.7667419634972413,0.00034196349724124886,0.0016
0.3669793660745539,7.58079311038668,0.8,0.7995596337413264,0.0004403662586736079,0.0016
0.3669793660745539,8.168146482604984,0.8320000000000001,0.8326640292940483,0.0006640292940481851,0.0016
0.3669793660745539,8.801007492194831,0.8656,0.8660390534326238,0.0004390534326237372,0.0016
0.3669793660745539,9.482902032012383,0.8992,0.8996692365791917,0.0004692365791917341,0.0016
0.3669793660745539,10.217629178079317,0.9328000000000001,0.93353974785611,0.0007397478561099735,0.0016
0.3669793660745539,11.009282355581066,0.9680000000000001,0.9676364007733622,0.00036359922663786737,0.0016
0.3669793660745539,11.862272144788507,1.0016,1.0019456537296005,0.00034565372960049245,0.0016
0.3669793660745539,12.781350853962953,1.0368,1.0364546059842794,0.00034539401572053485,0.0016
0.3669793660745539,13.77163899614884,1.0704,1.0711509897258134,0.0007509897258133336,0.0016
0.3669793660745539,14.838653817365689,1.1056000000000001,1.1060231588220732,0.00042315882207311084,0.0016
0.3669793660745539,15.988340035139956,1.1408,1.1410600747968314,0.0002600747968313222,0.0016
0.3669793660745539,17.227102958632177,1.1760000000000002,1.1762512905307234,0.00025129053072325824,0.0016
0.3669793660745539,18.56184417488314,1.2112,1.2115869321393105,0.00038693213931040304,0.0016
0.3669793660745539,20.000000000000004,1.2464,1.2470576794351234,0.0006576794351234039,0.0016
0.3930903590219342,0.1,0.0,0.0,0.0,0.0016
0.3930903590219342,0.1077479145475366,0.0,0.0,0.0,0.0016
0.3930903590219342,0.11609613089343249,0.0,0.0,0.0,0.0016
0.3930903590219342,0.12509115990805186,0.0,0.0,0.0,0.0016
0.3930903590219342,0.1347831160842501,0.0,0.0,0.0,0.0016
0.3930903590219342,0.14522599674296482,0.0,0.0,0.0,0.0016
0.3930903590219342,0.15647798287141804,0.0,0.0,0.0,0.0016
0.3930903590219342,0.1686017632700044,0.0,0.0,0.0,0.0016
0.3930903590219342,0.18166488381380433,0.0,0.0,0.0,0.0016
0.3930903590219342,0.19574012377457947,0.0,0.0,0.0,0.0016
0.3930903590219342,0.21090590129987632,0.0,0.0,0.0,0.0016
0.3930903590219342,0.22724671030830257,0.0,0.0,0.0,0.0016
0.3930903590219342,0.24485359123507788,0.0,0.0,0.0,0.0016
0.3930903590219342,0.26382463825054625,0.0,0.0,0.0,0.0016
0.3930903590219342,0.28426554577754615,0.0,0.0,0.0,0.0016
0.3930903590219342,0.3062901973524789,0.0,0.0,0.0,0.0016
0.3930903590219342,0.3300213001108302,0.0,0.0,0.0,0.0016
0.3930903590219342,0.3555910684320866,0.0,0.0,0.0,0.0016
0.3930903590219342,0.3831419605528771,0.0,0.0,0.0,0.0016
0.3930903590219342,0.41282747225227034,0.0,0.0,0.0,0.0016
0.3930903590219342,0.4448129920311316,0.0,0.0,0.0,0.0016
0.3930903590219342,0.47927672255004444,0.0,0.0,0.0,0.0016
0.3930903590219342,0.516410673459456,0.0,0.0,0.0,0.0016
0.3930903590219342,0.5564217311534528,0.0,0.0,0.0,0.0016
0.3930903590219342,0.5995328114071461,0.0,0.0,0.0,0.0016
0.3930903590219342,0.6459841013194154,0.0,0.0,0.0,0.0016
0.3930903590219342,0.696034397480316,0.0,0.0,0.0,0.0016
0.3930903590219342,0.7499625478185521,0.0,0.0,0.0,0.0016
0.3930903590219342,0.8080690051620618,0.0064,0.00608988228170938,0.00031011771829062007,0.0016
0.3930903590219342,0.8706775011671474,0.0224,0.02311050104543578,0.0007105010454357789,0.0016
0.3930903590219342,0.9381368499422049,0.041600000000000005,0.04082373086530548,0.0007762691346945225,0.0016
0.3930903590219342,1.0108228914146788,0.0592,0.05923218687689482,3.2186876894817196e-05,0.0016
0.3930903590219342,1.0891405852684266,0.0784,0.0783365574692326,6.344253076739914e-05,0.0016
0.3930903590219342,1.173526267117564,0.0976,0.09813559664688434,0.0005355966468843371,0.0016
0.3930903590219342,1.264450079486729,0.1184,0.11862613784642298,0.00022613784642297463,0.0016
0.3930903590219342,1.3624185911416191,0.13920000000000002,0.13980312888291574,0.0006031288829157211,0.0016
0.3930903590219342,1.467977619363024,0.16160000000000002,0.16165968721121968,5.968721121965559e-05,0.0016
0.3930903590219342,1.581715270888233,0.184,0.1841871742284763,0.0001871742284763056,0.0016
0.3930903590219342,1.7042652184619906,0.20800000000000002,0.20737528693568974,0.0006247130643102783,0.0016
0.3930903590219342,1.836310231251813,0.232,0.23121216493215163,0.0007878350678483803,0.0016
0.3930903590219342,1.9785859787968756,0.256,0.25568451044758195,0.00031548955241805787,0.0016
0.3930903590219342,2.1318851296835977,0.28,0.28077771892977604,0.0007777189297760168,0.0016
0.3930903590219342,2.297061767783123,0.30720000000000003,0.3064760176026828,0.0007239823973172466,0.0016
0.3930903590219342,2.475036150655092,0.33280000000000004,0.3327626093893399,3.7390610660159584e-05,0.0016
0.3930903590219342,2.6667998366284884,0.36000000000000004,0.35961981965052897,0.00038018034947107093,0.0016
0.3930903590219342,2.8734212091243085,0.38720000000000004,0.387029243314807,0.00017075668519306308,0.0016
0.3930903590219342,3.0960514289980536,0.41440000000000005,0.41497189015796615,0.000571890157966104,0.0016
0.3930903590219342,3.3359308480646077,0.44320000000000004,0.44342832621770417,0.00022832621770413342,0.0016
0.3930903590219342,3.5943959195375657,0.47200000000000003,0.47237880958955736,0.00037880958955732735,0.0016
0.3930903590219342,3.8728866438834793,0.5024000000000001,0.5018034191302426,0.000596580869757446,0.0016
0.3930903590219342,4.172954591574528,0.5312,0.531682174882626,0.0004821748826260297,0.0016
0.3930903590219342,4.496271547437228,0.5616,0.5619951493219362,0.00039514932193618346,0.0016
0.3930903590219342,4.844638824757865,0.5920000000000001,0.5927225687965938,0.0007225687965937144,0.0016
0.3930903590219342,5.219997301036887,0.624,0.6238449047919585,0.00015509520804146693,0.0016
0.3930903590219342,5.62443823130494,0.656,0.6553429548760298,0.0006570451239702457,0.0016
0.3930903590219342,6.060214899245428,0.6864,0.6871979133891605,0.0007979133891604651,0.0016
0.3930903590219342,6.529755171036042,0.7200000000000001,0.7193914321132023,0.0006085678867977506,0.0016
0.3930903590219342,7.035675021851269,0.752,0.7519056712987406,9.432870125936077e-05,0.0016
0.3930903590219342,7.58079311038668,0.784,0.7847233415428257,0.0007233415428257173,0.0016
0.3930903590219342,8.168146482604984,0.8176,0.8178277370955476,0.00022773709554757549,0.0016
0.3930903590219342,8.801007492194831,0.8512000000000001,0.8512027612341231,2.7612341230165427e-06,0.0016
0.3930903590219342,9.482902032012383,0.8848,0.884832944380691,3.2944380691013464e-05,0.0016
0.3930903590219342,10.217629178079317,0.9184,0.9187034556576094,0.0003034556576093639,0.0016
0.3930903590219342,11.009282355581066,0.9536,0.9528001085748615,0.000799891425138477,0.0016
0.3930903590219342,11.862272144788507,0.9872000000000001,0.9871093615310997,9.063846890033922e-05,0.0016
0.3930903590219342,12.781350853962953,1.0224,1.0216183137857786,0.0007816862142213665,0.0016
0.3930903590219342,13.77163899614884,1.056,1.0563146975273128,0.00031469752731272393,0.0016
0.3930903590219342,14.838653817365689,1.0912,1.0911868666235724,1.3133376427498789e-05,0.0016
0.3930903590219342,15.988340035139956,1.1264,1.1262237825983308,0.00017621740166928745,0.0016
0.3930903590219342,17.227102958632177,1.1616,1.1614149983322226,0.00018500166777735139,0.0016
0.3930903590219342,18.56184417488314,1.1968,1.1967506399408097,4.936005919042863e-05,0.0016
0.3930903590219342,20.000000000000004,1.232,1.2322213872366228,0.00022138723662279425,0.0016
0.42105917836427204,0.1,0.0,0.0,0.0,0.0016
0.42105917836427204,0.1077479145475366,0.0,0.0,0.0,0.0016
0.42105917836427204,0.11609613089343249,0.0,0.0,0.0,0.0016
0.42105917836427204,0.12509115990805186,0.0,0.0,0.0,0.0016
0.42105917836427204,0.1347831160842501,0.0,0.0,0.0,0.0016
0.42105917836427204,0.14522599674296482,0.0,0.0,0.0,0.0016
0.42105917836427204,0.15647798287141804,0.0,0.0,0.0,0.0016
0.42105917836427204,0.1686017632700044,0.0,0.0,0.0,0.0016
0.42105917836427204,0.18166488381380433,0.0,0.0,0.0,0.0016
0.42105917836427204,0.19574012377457947,0.0,0.0,0.0,0.0016
0.42105917836427204,0.21090590129987632,0.0,0.0,0.0,0.0016
0.42105917836427204,0.22724671030830257,0.0,0.0,0.0,0.0016
0.42105917836427204,0.24485359123507788,0.0,0.0,0.0,0.0016
0.42105917836427204,0.26382463825054625,0.0,0.0,0.0,0.0016
0.42105917836427204,0.28426554577754615,0.0,0.0,0.0,0.0016
0.42105917836427204,0.3062901973524789,0.0,0.0,0.0,0.0016
0.42105917836427204,0.3300213001108302,0.0,0.0,0.0,0.0016
0.42105917836427204,0.3555910684320866,0.0,0.0,0.0,0.0016
0.42105917836427204,0.3831419605528771,0.0,0.0,0.0,0.0016
0.42105917836427204,0.41282747225227034,0.0,0.0,0.0,0.0016
0.42105917836427204,0.4448129920311316,0.0,0.0,0.0,0.0016
0.42105917836427204,0.47927672255004444,0.0,0.0,0.0,0.0016
0.42105917836427204,0.516410673459456,0.0,0.0,0.0,0.0016
0.42105917836427204,0.5564217311534528,0.0,0.0,0.0,0.0016
0.42105917836427204,0.5995328114071461,0.0,0.0,0.0,0.0016
0.42105917836427204,0.6459841013194154,0.0,0.0,0.0,0.0016
0.42105917836427204,0.696034397480316,0.0,0.0,0.0,0.0016
0.42105917836427204,0.7499625478185521,0.0,0.0,0.0,0.0016
0.42105917836427204,0.8080690051620618,0.0,0.0,0.0,0.0016
0.42105917836427204,0.8706775011671474,0.008,0.007692237552492411,0.00030776244750758876,0.0016
0.42105917836427204,0.9381368499422049,0.0256,0.02540546737236204,0.0001945326276379597,0.0016
0.42105917836427204,1.0108228914146788,0.0432,0.04381392338395147,0.0006139233839514702,0.0016
0.42105917836427204,1.0891405852684266,0.062400000000000004,0.06291829397628924,0.00051829397628924,0.0016
0.42105917836427204,1.173526267117564,0.08320000000000001,0.0827173331539409,0.00048266684605910437,0.0016
0.42105917836427204,1.264450079486729,0.10400000000000001,0.10320787435347967,0.0007921256465203419,0.0016
0.42105917836427204,1.3624185911416191,0.12480000000000001,0.12438486538997236,0.00041513461002765095,0.0016
0.42105917836427204,1.467977619363024,0.1456,0.14624142371827628,0.0006414237182762739,0.0016
0.42105917836427204,1.581715270888233,0.168,0.16876891073553296,0.0007689107355329516,0.0016
0.42105917836427204,1.7042652184619906,0.192,0.19195702344274634,4.297655725366001e-05,0.0016
0.42105917836427204,1.836310231251813,0.216,0.2157939014392083,0.00020609856079170652,0.0016
0.42105917836427204,1.9785859787968756,0.24000000000000002,0.24026624695463855,0.00026624695463853265,0.0016
0.42105917836427204,2.1318851296835977,0.2656,0.26535945543683265,0.00024054456316735529,0.0016
0.42105917836427204,2.297061767783123,0.2912,0.2910577541097394,0.00014224589026062828,0.0016
0.42105917836427204,2.475036150655092,0.3168,0.3173443458963965,0.0005443458963964587,0.0016
0.42105917836427204,2.6667998366284884,0.34400000000000003,0.3442015561575857,0.00020155615758565837,0.0016
0.42105917836427204,2.8734212091243085,0.37120000000000003,0.37161097982186364,0.0004109798218636107,0.0016
0.42105917836427204,3.0960514289980536,0.4,0.3995536266650227,0.00044637333497732357,0.0016
0.42105917836427204,3.3359308480646077,0.4288,0.4280100627247609,0.0007899372752391276,0.0016
0.42105917836427204,3.5943959195375657,0.4576,0.456960546096614,0.0006394539033859892,0.0016
0.42105917836427204,3.8728866438834793,0.4864,0.4863851556372993,1.4844362700716651e-05,0.0016
0.42105917836427204,4.172954591574528,0.5168,0.5162639113896826,0.0005360886103173979,0.0016
0.42105917836427204,4.496271547437228,0.5472,0.5465768858289929,0.0006231141710071331,0.0016
0.42105917836427204,4.844638824757865,0.5776,0.5773043053036504,0.0002956946963496021,0.0016
0.42105917836427204,5.219997301036887,0.608,0.6084266412990151,0.00042664129901515135,0.0016
0.42105917836427204,5.62443823130494,0.64,0.6399246913830864,7.530861691362745e-05,0.0016
0.42105917836427204,6.060214899245428,0.672,0.6717796498962171,0.0002203501037829625,0.0016
0.42105917836427204,6.529755171036042,0.7040000000000001,0.7039731686202589,2.6831379741132366e-05,0.0016
0.42105917836427204,7.035675021851269,0.736,0.7364874078057972,0.0004874078057972575,0.0016
0.42105917836427204,7.58079311038668,0.7696000000000001,0.7693050780498824,0.0002949219501177103,0.0016
0.42105917836427204,8.168146482604984,0.8032,0.8024094736026042,0.0007905263973958521,0.0016
0.42105917836427204,8.801007492194831,0.8352,0.8357844977411798,0.0005844977411797458,0.0016
0.42105917836427204,9.482902032012383,0.8688,0.8694146808877476,0.0006146808877476317,0.0016
0.42105917836427204,10.217629178079317,0.904,0.9032851921646661,0.0007148078353339526,0.0016
0.42105917836427204,11.009282355581066,0.9376000000000001,0.9373818450819181,0.00021815491808196974,0.0016
0.42105917836427204,11.862272144788507,0.9712000000000001,0.9716910980381563,0.0004910980381562791,0.0016
0.42105917836427204,12.781350853962953,1.0064,1.0062000502928352,0.00019994970716474825,0.0016
0.42105917836427204,13.77163899614884,1.0416,1.0408964340343692,0.0007035659656309257,0.0016
0.42105917836427204,14.838653817365689,1.0752000000000002,1.075768603130629,0.0005686031306288974,0.0016
0.42105917836427204,15.988340035139956,1.1104,1.1108055191053874,0.0004055191053873308,0.0016
0.42105917836427204,17.227102958632177,1.1456,1.1459967348392794,0.00039673483927948894,0.0016
0.42105917836427204,18.56184417488314,1.1808,1.1813323764478665,0.0005323764478664117,0.0016
0.42105917836427204,20.000000000000004,1.2176,1.2168031237436794,0.0007968762563206333,0.0016
0.45101801053050794,0.1,0.0,0.0,0.0,0.0016
0.45101801053050794,0.1077479145475366,0.0,0.0,0.0,0.0016
0.45101801053050794,0.11609613089343249,0.0,0.0,0.0,0.0016
0.45101801053050794,0.12509115990805186,0.0,0.0,0.0,0.0016
0.45101801053050794,0.1347831160842501,0.0,0.0,0.0,0.0016
0.45101801053050794,0.14522599674296482,0.0,0.0,0.0,0.0016
0.45101801053050794,0.15647798287141804,0.0,0.0,0.0,0.0016
0.45101801053050794,0.1686017632700044,0.0,0.0,0.0,0.0016
0.45101801053050794,0.18166488381380433,0.0,0.0,0.0,0.0016
0.45101801053050794,0.19574012377457947,0.0,0.0,0.0,0.0016
0.45101801053050794,0.21090590129987632,0.0,0.0,0.0,0.0016
0.45101801053050794,0.22724671030830257,0.0,0.0,0.0,0.0016
0.45101801053050794,0.24485359123507788,0.0,0.0,0.0,0.0016
0.45101801053050794,0.26382463825054625,0.0,0.0,0.0,0.0016
0.45101801053050794,0.28426554577754615,0.0,0.0,0.0,0.0016
0.45101801053050794,0.3062901973524789,0.0,0.0,0.0,0.0016
0.45101801053050794,0.3300213001108302,0.0,0.0,0.0,0.0016
0.45101801053050794,0.3555910684320866,0.0,0.0,0.0,0.0016
0.45101801053050794,0.3831419605528771,0.0,0.0,0.0,0.0016
0.45101801053050794,0.41282747225227034,0.0,0.0,0.0,0.0016
0.45101801053050794,0.4448129920311316,0.0,0.0,0.0,0.0016
0.45101801053050794,0.47927672255004444,0.0,0.0,0.0,0.0016
0.45101801053050794,0.516410673459456,0.0,0.0,0.0,0.0016
0.45101801053050794,0.5564217311534528,0.0,0.0,0.0,0.0016
0.45101801053050794,0.5995328114071461,0.0,0.0,0.0,0.0016
0.45101801053050794,0.6459841013194154,0.0,0.0,0.0,0.0016
0.45101801053050794,0.696034397480316,0.0,0.0,0.0,0.0016
0.45101801053050794,0.7499625478185521,0.0,0.0,0.0,0.0016
0.45101801053050794,0.8080690051620618,0.0,0.0,0.0,0.0016
0.45101801053050794,0.8706775011671474,0.0,0.0,0.0,0.0016
0.45101801053050794,0.9381368499422049,0.009600000000000001,0.00940111125951868,0.0001988887404813216,0.0016
0.45101801053050794,1.0108228914146788,0.027200000000000002,0.02780956727110799,0.0006095672711079886,0.0016
0.45101801053050794,1.0891405852684266,0.046400000000000004,0.0469139378634458,0.0005139378634457931,0.0016
0.45101801053050794,1.173526267117564,0.06720000000000001,0.06671297704109755,0.00048702295890246106,0.0016
0.45101801053050794,1.264450079486729,0.08800000000000001,0.08720351824063619,0.0007964817593638235,0.0016
0.45101801053050794,1.3624185911416191,0.10880000000000001,0.10838050927712899,0.0004194907228710215,0.0016
0.45101801053050794,1.467977619363024,0.1296,0.13023706760543288,0.0006370676054328894,0.0016
0.45101801053050794,1.581715270888233,0.152,0.1527645546226895,0.0007645546226895117,0.0016
0.45101801053050794,1.7042652184619906,0.17600000000000002,0.17595266732990295,4.7332670097072205e-05,0.0016
0.45101801053050794,1.836310231251813,0.2,0.19978954532636486,0.00021045467363514647,0.0016
0.45101801053050794,1.9785859787968756,0.224,0.22426189084179513,0.00026189084179512045,0.0016
0.45101801053050794,2.1318851296835977,0.24960000000000002,0.24935509932398922,0.00024490067601079524,0.0016
0.45101801053050794,2.297061767783123,0.2752,0.275053397996896,0.00014660200310401272,0.0016
0.45101801053050794,2.475036150655092,0.3008,0.3013399897835531,0.0005399897835530743,0.0016
0.45101801053050794,2.6667998366284884,0.328,0.3281972000447423,0.00019720004474227393,0.0016
0.45101801053050794,2.8734212091243085,0.3552,0.35560662370902013,0.00040662370902011524,0.0016
0.45101801053050794,3.0960514289980536,0.384,0.3835492705521793,0.000450729447820708,0.0016
0.45101801053050794,3.3359308480646077,0.4128,0.41200570661191743,0.0007942933880825676,0.0016
0.45101801053050794,3.5943959195375657,0.44160000000000005,0.44095618998377056,0.0006438100162294846,0.0016
0.45101801053050794,3.8728866438834793,0.47040000000000004,0.4703807995244559,1.9200475544156603e-05,0.0016
0.45101801053050794,4.172954591574528,0.5008,0.5002595552768392,0.0005404447231608378,0.0016
0.45101801053050794,4.496271547437228,0.5312,0.5305725297161494,0.000627470283850573,0.0016
0.45101801053050794,4.844638824757865,0.5616,0.561299949190807,0.00030005080919304206,0.0016
0.45101801053050794,5.219997301036887,0.5920000000000001,0.5924222851861717,0.0004222851861716004,0.0016
0.45101801053050794,5.62443823130494,0.624,0.623920335270243,7.966472975695638e-05,0.0016
0.45101801053050794,6.060214899245428,0.656,0.6557752937833736,0.00022470621662640244,0.0016
0.45101801053050794,6.529755171036042,0.6880000000000001,0.6879688125074155,3.118749258457232e-05,0.0016
0.45101801053050794,7.035675021851269,0.7200000000000001,0.7204830516929538,0.00048305169295370654,0.0016
0.45101801053050794,7.58079311038668,0.7536,0.753300721937039,0.0002992780629610392,0.0016
0.45101801053050794,8.168146482604984,0.7872,0.7864051174897608,0.000794882510239181,0.0016
0.45101801053050794,8.801007492194831,0.8192,0.8197801416283363,0.0005801416283363059,0.0016
0.45101801053050794,9.482902032012383,0.8528,0.8534103247749042,0.0006103247749041918,0.0016
0.45101801053050794,10.217629178079317,0.888,0.8872808360518226,0.0007191639481773926,0.0016
0.45101801053050794,11.009282355581066,0.9216000000000001,0.9213774889690747,0.0002225110309254097,0.0016
0.45101801053050794,11.862272144788507,0.9552,0.9556867419253129,0.0004867419253128391,0.0016
0.45101801053050794,12.781350853962953,0.9904000000000001,0.9901956941799918,0.00020430582000829922,0.0016
0.45101801053050794,13.77163899614884,1.0256,1.0248920779215258,0.0007079220784742546,0.0016
0.45101801053050794,14.838653817365689,1.0592000000000001,1.0597642470177857,0.0005642470177855685,0.0016
0.45101801053050794,15.988340035139956,1.0944,1.094801162992544,0.0004011629925440019,0.0016
0.45101801053050794,17.227102958632177,1.1296000000000002,1.1299923787264359,0.0003923787264357159,0.0016
0.45101801053050794,18.56184417488314,1.1648,1.165328020335023,0.0005280203350228607,0.0016
0.45101801053050794,20.000000000000004,1.2,1.2007987676308358,0.0007987676308358616,0.0016
0.4831084471620625,0.1,0.0,0.0,0.0,0.0016
0.4831084471620625,0.1077479145475366,0.0,0.0,0.0,0.0016
0.4831084471620625,0.11609613089343249,0.0,0.0,0.0,0.0016
0.4831084471620625,0.12509115990805186,0.0,0.0,0.0,0.0016
0.4831084471620625,0.1347831160842501,0.0,0.0,0.0,0.0016
0.4831084471620625,0.14522599674296482,0.0,0.0,0.0,0.0016
0.4831084471620625,0.15647798287141804,0.0,0.0,0.0,0.0016
0.4831084471620625,0.1686017632700044,0.0,0.0,0.0,0.0016
0.4831084471620625,0.18166488381380433,0.0,0.0,0.0,0.0016
0.4831084471620625,0.19574012377457947,0.0,0.0,0.0,0.0016
0.4831084471620625,0.21090590129987632,0.0,0.0,0.0,0.0016
0.4831084471620625,0.22724671030830257,0.0,0.0,0.0,0.0016
0.4831084471620625,0.24485359123507788,0.0,0.0,0.0,0.0016
0.4831084471620625,0.26382463825054625,0.0,0.0,0.0,0.0016
0.4831084471620625,0.28426554577754615,0.0,0.0,0.0,0.0016
0.4831084471620625,0.3062901973524789,0.0,0.0,0.0,0.0016
0.4831084471620625,0.3300213001108302,0.0,0.0,0.0,0.0016
0.4831084471620625,0.3555910684320866,0.0,0.0,0.0,0.0016
0.4831084471620625,0.3831419605528771,0.0,0.0,0.0,0.0016
0.4831084471620625,0.41282747225227034,0.0,0.0,0.0,0.0016
0.4831084471620625,0.4448129920311316,0.0,0.0,0.0,0.0016
0.4831084471620625,0.47927672255004444,0.0,0.0,0.0,0.0016
0.4831084471620625,0.516410673459456,0.0,0.0,0.0,0.0016
0.4831084471620625,0.5564217311534528,0.0,0.0,0.0,0.0016
0.4831084471620625,0.5995328114071461,0.0,0.0,0.0,0.0016
0.4831084471620625,0.6459841013194154,0.0,0.0,0.0,0.0016
0.4831084471620625,0.696034397480316,0.0,0.0,0.0,0.0016
0.4831084471620625,0.7499625478185521,0.0,0.0,0.0,0.0016
0.4831084471620625,0.8080690051620618,0.0,0.0,0.0,0.0016
0.4831084471620625,0.8706775011671474,0.0,0.0,0.0,0.0016
0.4831084471620625,0.9381368499422049,0.0,0.0,0.0,0.0016
0.4831084471620625,1.0108228914146788,0.0112,0.011216349358512798,1.6349358512798146e-05,0.0016
0.4831084471620625,1.0891405852684266,0.0304,0.030320719950850655,7.928004914934533e-05,0.0016
0.4831084471620625,1.173526267117564,0.049600000000000005,0.050119759128502285,0.0005197591285022798,0.0016
0.4831084471620625,1.264450079486729,0.0704,0.07061030032804107,0.00021030032804106313,0.0016
0.4831084471620625,1.3624185911416191,0.0912,0.0917872913645337,0.0005872913645336986,0.0016
0.4831084471620625,1.467977619363024,0.1136,0.11364384969283771,4.384969283770246e-05,0.0016
0.4831084471620625,1.581715270888233,0.136,0.13617133671009432,0.00017133671009431084,0.0016
0.4831084471620625,1.7042652184619906,0.16,0.15935944941730773,0.000640550582692273,0.0016
0.4831084471620625,1.836310231251813,0.1824,0.18319632741376965,0.000796327413769643,0.0016
0.4831084471620625,1.9785859787968756,0.20800000000000002,0.20766867292919994,0.0003313270708000804,0.0016
0.4831084471620625,2.1318851296835977,0.232,0.232761881411394,0.0007618814113939942,0.0016
0.4831084471620625,2.297061767783123,0.2592,0.2584601800843008,0.0007398199156992136,0.0016
0.4831084471620625,2.475036150655092,0.2848,0.28474677187095787,5.322812904212659e-05,0.0016
0.4831084471620625,2.6667998366284884,0.312,0.3116039821321471,0.0003960178678529269,0.0016
0.4831084471620625,2.8734212091243085,0.3392,0.33901340579642497,0.0001865942035750301,0.0016
0.4831084471620625,3.0960514289980536,0.3664,0.3669560526395841,0.0005560526395840815,0.0016
0.4831084471620625,3.3359308480646077,0.3952,0.3954124886993222,0.00021248869932222192,0.0016
0.4831084471620625,3.5943959195375657,0.42400000000000004,0.4243629720711754,0.00036297207117536034,0.0016
0.4831084471620625,3.8728866438834793,0.4544,0.4537875816118606,0.000612418388139413,0.0016
0.4831084471620625,4.172954591574528,0.4832,0.48366633736424397,0.00046633736424395167,0.0016
0.4831084471620625,4.496271547437228,0.5136000000000001,0.5139793118035542,0.00037931180355410543,0.0016
0.4831084471620625,4.844638824757865,0.544,0.5447067312782117,0.0007067312782116364,0.0016
0.4831084471620625,5.219997301036887,0.5760000000000001,0.5758290672735765,0.00017093272642354496,0.0016
0.4831084471620625,5.62443823130494,0.608,0.6073271173576478,0.0006728826423522127,0.0016
0.4831084471620625,6.060214899245428,0.6384000000000001,0.6391820758707785,0.000782075870778387,0.0016
0.4831084471620625,6.529755171036042,0.672,0.6713755945948203,0.0006244054051797177,0.0016
0.4831084471620625,7.035675021851269,0.7040000000000001,0.7038898337803586,0.0001101662196414388,0.0016
0.4831084471620625,7.58079311038668,0.736,0.7367075040244438,0.0007075040244438613,0.0016
0.4831084471620625,8.168146482604984,0.7696000000000001,0.7698118995771656,0.00021189957716549745,0.0016
0.4831084471620625,8.801007492194831,0.8032,0.8031869237157412,1.3076284258839443e-05,0.0016
0.4831084471620625,9.482902032012383,0.8368,0.836817106862309,1.7106862309046456e-05,0.0016
0.4831084471620625,10.217629178079317,0.8704000000000001,0.8706876181392273,0.00028761813922728585,0.0016
0.4831084471620625,11.009282355581066,0.904,0.9047842710564795,0.0007842710564794908,0.0016
0.4831084471620625,11.862272144788507,0.9392,0.9390935240127177,0.00010647598728230623,0.0016
0.4831084471620625,12.781350853962953,0.9744,0.9736024762673966,0.0007975237326034446,0.0016
0.4831084471620625,13.77163899614884,1.008,1.0082988600089307,0.0002988600089306459,0.0016
0.4831084471620625,14.838653817365689,1.0432000000000001,1.0431710291051906,2.897089480957682e-05,0.0016
0.4831084471620625,15.988340035139956,1.0784,1.0782079450799487,0.00019205492005136549,0.0016
0.4831084471620625,17.227102958632177,1.1136000000000001,1.1133991608138407,0.00020083918615942942,0.0016
0.4831084471620625,18.56184417488314,1.1488,1.1487348024224278,6.519757757228462e-05,0.0016
0.4831084471620625,20.000000000000004,1.1840000000000002,1.1842055497182407,0.00020554971824049417,0.0016
0.5174821543042394,0.1,0.0,0.0,0.0,0.0016
0.5174821543042394,0.1077479145475366,0.0,0.0,0.0,0.0016
0.5174821543042394,0.11609613089343249,0.0,0.0,0.0,0.0016
0.5174821543042394,0.12509115990805186,0.0,0.0,0.0,0.0016
0.5174821543042394,0.1347831160842501,0.0,0.0,0.0,0.0016
0.5174821543042394,0.14522599674296482,0.0,0.0,0.0,0.0016
0.5174821543042394,0.15647798287141804,0.0,0.0,0.0,0.0016
0.5174821543042394,0.1686017632700044,0.0,0.0,0.0,0.0016
0.5174821543042394,0.18166488381380433,0.0,0.0,0.0,0.0016
0.5174821543042394,0.19574012377457947,0.0,0.0,0.0,0.0016
0.5174821543042394,0.21090590129987632,0.0,0.0,0.0,0.0016
0.5174821543042394,0.22724671030830257,0.0,0.0,0.0,0.0016
0.5174821543042394,0.24485359123507788,0.0,0.0,0.0,0.0016
0.5174821543042394,0.26382463825054625,0.0,0.0,0.0,0.0016
0.5174821543042394,0.28426554577754615,0.0,0.0,0.0,0.0016
0.5174821543042394,0.3062901973524789,0.0,0.0,0.0,0.0016
0.5174821543042394,0.3300213001108302,0.0,0.0,0.0,0.0016
0.5174821543042394,0.3555910684320866,0.0,0.0,0.0,0.0016
0.5174821543042394,0.3831419605528771,0.0,0.0,0.0,0.0016
0.5174821543042394,0.41282747225227034,0.0,0.0,0.0,0.0016
0.5174821543042394,0.4448129920311316,0.0,0.0,0.0,0.0016
0.5174821543042394,0.47927672255004444,0.0,0.0,0.0,0.0016
0.5174821543042394,0.516410673459456,0.0,0.0,0.0,0.0016
0.5174821543042394,0.5564217311534528,0.0,0.0,0.0,0.0016
0.5174821543042394,0.5995328114071461,0.0,0.0,0.0,0.0016
0.5174821543042394,0.6459841013194154,0.0,0.0,0.0,0.0016
0.5174821543042394,0.696034397480316,0.0,0.0,0.0,0.0016
0.5174821543042394,0.7499625478185521,0.0,0.0,0.0,0.0016
0.5174821543042394,0.8080690051620618,0.0,0.0,0.0,0.0016
0.5174821543042394,0.8706775011671474,0.0,0.0,0.0,0.0016
0.5174821543042394,0.9381368499422049,0.0,0.0,0.0,0.0016
0.5174821543042394,1.0108228914146788,0.0,0.0,0.0,0.0016
0.5174821543042394,1.0891405852684266,0.0128,0.013137249107611531,0.00033724910761153033,0.0016
0.5174821543042394,1.173526267117564,0.033600000000000005,0.032936288285263134,0.0006637117147368712,0.0016
0.5174821543042394,1.264450079486729,0.0528,0.05342682948480189,0.0006268294848018885,0.0016
0.5174821543042394,1.3624185911416191,0.0752,0.07460382052129462,0.0005961794787053831,0.0016
0.5174821543042394,1.467977619363024,0.096,0.09646037884959856,0.00046037884959855557,0.0016
0.5174821543042394,1.581715270888233,0.1184,0.11898786586685521,0.0005878658668552056,0.0016
0.5174821543042394,1.7042652184619906,0.1424,0.14217597857406858,0.00022402142593141994,0.0016
0.5174821543042394,1.836310231251813,0.16640000000000002,0.16601285657053055,0.00038714342946946645,0.0016
0.5174821543042394,1.9785859787968756,0.1904,0.19048520208596084,8.520208596082823e-05,0.0016
0.5174821543042394,2.1318851296835977,0.216,0.21557841056815488,0.0004215894318451152,0.0016
0.5174821543042394,2.297061767783123,0.2416,0.24127670924106162,0.0003232907589383882,0.0016
0.5174821543042394,2.475036150655092,0.2672,0.2675633010277187,0.00036330102771869877,0.0016
0.5174821543042394,2.6667998366284884,0.2944,0.2944205112889079,2.051128890789844e-05,0.0016
0.5174821543042394,2.8734212091243085,0.3216,0.32182993495318585,0.00022993495318585078,0.0016
0.5174821543042394,3.0960514289980536,0.3504,0.3497725817963449,0.0006274182036550835,0.0016
0.5174821543042394,3.3359308480646077,0.3776,0.37822901785608304,0.0006290178560830473,0.0016
0.5174821543042394,3.5943959195375657,0.40640000000000004,0.4071795012279362,0.0007795012279361857,0.0016
0.5174821543042394,3.8728866438834793,0.4368,0.43660411076862155,0.00019588923137847658,0.0016
0.5174821543042394,4.172954591574528,0.4672,0.46648286652100485,0.0007171334789951578,0.0016
0.5174821543042394,4.496271547437228,0.496,0.4967958409603151,0.0007958409603150973,0.0016
0.5174821543042394,4.844638824757865,0.528,0.5275232604349726,0.00047673956502747306,0.0016
0.5174821543042394,5.219997301036887,0.5584,0.5586455964303373,0.0002455964303372804,0.0016
0.5174821543042394,5.62443823130494,0.5904,0.5901436465144086,0.0002563534855913874,0.0016
0.5174821543042394,6.060214899245428,0.6224000000000001,0.6219986050275393,0.0004013949724607224,0.0016
0.5174821543042394,6.529755171036042,0.6544,0.6541921237515812,0.00020787624841878127,0.0016
0.5174821543042394,7.035675021851269,0.6864,0.6867063629371195,0.0003063629371194976,0.0016
0.5174821543042394,7.58079311038668,0.7200000000000001,0.7195240331812046,0.0004759668187954702,0.0016
0.5174821543042394,8.168146482604984,0.752,0.7526284287339264,0.0006284287339264338,0.0016
0.5174821543042394,8.801007492194831,0.7856000000000001,0.786003452872502,0.0004034528725018749,0.0016
0.5174821543042394,9.482902032012383,0.8192,0.8196336360190699,0.0004336360190698718,0.0016
0.5174821543042394,10.217629178079317,0.8528,0.8535041472959882,0.0007041472959882222,0.0016
0.5174821543042394,11.009282355581066,0.888,0.8876008002132404,0.00039919978675961865,0.0016
0.5174821543042394,11.862272144788507,0.9216000000000001,0.9219100531694786,0.00031005316947851913,0.0016
0.5174821543042394,12.781350853962953,0.9568000000000001,0.9564190054241575,0.0003809945758426192,0.0016
0.5174821543042394,13.77163899614884,0.9904000000000001,0.9911153891656915,0.0007153891656914713,0.0016
0.5174821543042394,14.838653817365689,1.0256,1.0259875582619513,0.00038755826195124854,0.0016
0.5174821543042394,15.988340035139956,1.0608,1.0610244742367096,0.00022447423670968192,0.0016
0.5174821543042394,17.227102958632177,1.096,1.0962156899706017,0.00021568997060161799,0.0016
0.5174821543042394,18.56184417488314,1.1312,1.1315513315791885,0.00035133157918854074,0.0016
0.5174821543042394,20.000000000000004,1.1664,1.1670220788750016,0.0006220788750015416,0.0016
0.5543015892113454,0.1,0.0,0.0,0.0,0.0016
0.5543015892113454,0.1077479145475366,0.0,0.0,0.0,0.0016
0.5543015892113454,0.11609613089343249,0.0,0.0,0.0,0.0016
0.5543015892113454,0.12509115990805186,0.0,0.0,0.0,0.0016
0.5543015892113454,0.1347831160842501,0.0,0.0,0.0,0.0016
0.5543015892113454,0.14522599674296482,0.0,0.0,0.0,0.0016
0.5543015892113454,0.15647798287141804,0.0,0.0,0.0,0.0016
0.5543015892113454,0.1686017632700044,0.0,0.0,0.0,0.0016
0.5543015892113454,0.18166488381380433,0.0,0.0,0.0,0.0016
0.5543015892113454,0.19574012377457947,0.0,0.0,0.0,0.0016
0.5543015892113454,0.21090590129987632,0.0,0.0,0.0,0.0016
0.5543015892113454,0.22724671030830257,0.0,0.0,0.0,0.0016
0.5543015892113454,0.24485359123507788,0.0,0.0,0.0,0.0016
0.5543015892113454,0.26382463825054625,0.0,0.0,0.0,0.0016
0.5543015892113454,0.28426554577754615,0.0,0.0,0.0,0.0016
0.5543015892113454,0.3062901973524789,0.0,0.0,0.0,0.0016
0.5543015892113454,0.3300213001108302,0.0,0.0,0.0,0.0016
0.5543015892113454,0.3555910684320866,0.0,0.0,0.0,0.0016
0.5543015892113454,0.3831419605528771,0.0,0.0,0.0,0.0016
0.5543015892113454,0.41282747225227034,0.0,0.0,0.0,0.0016
0.5543015892113454,0.4448129920311316,0.0,0.0,0.0,0.0016
0.5543015892113454,0.47927672255004444,0.0,0.0,0.0,0.0016
0.5543015892113454,0.516410673459456,0.0,0.0,0.0,0.0016
0.5543015892113454,0.5564217311534528,0.0,0.0,0.0,0.0016
0.5543015892113454,0.5995328114071461,0.0,0.0,0.0,0.0016
0.5543015892113454,0.6459841013194154,0.0,0.0,0.0,0.0016
0.5543015892113454,0.696034397480316,0.0,0.0,0.0,0.0016
0.5543015892113454,0.7499625478185521,0.0,0.0,0.0,0.0016
0.5543015892113454,0.8080690051620618,0.0,0.0,0.0,0.0016
0.5543015892113454,0.8706775011671474,0.0,0.0,0.0,0.0016
0.5543015892113454,0.9381368499422049,0.0,0.0,0.0,0.0016
0.5543015892113454,1.0108228914146788,0.0,0.0,0.0,0.0016
0.5543015892113454,1.0891405852684266,0.0,0.0,0.0,0.0016
0.5543015892113454,1.173526267117564,0.014400000000000001,0.01516256451138014,0.0007625645113801382,0.0016
0.5543015892113454,1.264450079486729,0.0352,0.03565310571091884,0.00045310571091883994,0.0016
0.5543015892113454,1.3624185911416191,0.057600000000000005,0.05683009674741159,0.0007699032525884178,0.0016
0.5543015892113454,1.467977619363024,0.0784,0.07868665507571546,0.00028665507571545845,0.0016
0.5543015892113454,1.581715270888233,0.1008,0.10121414209297215,0.0004141420929721501,0.0016
0.5543015892113454,1.7042652184619906,0.12480000000000001,0.12440225480018552,0.0003977451998144893,0.0016
0.5543015892113454,1.836310231251813,0.14880000000000002,0.1482391327966474,0.0005608672033526052,0.0016
0.5543015892113454,1.9785859787968756,0.1728,0.1727114783120777,8.852168792231052e-05,0.0016
0.5543015892113454,2.1318851296835977,0.19840000000000002,0.19780468679427182,0.0005953132057281985,0.0016
0.5543015892113454,2.297061767783123,0.224,0.22350298546717856,0.0004970145328214437,0.0016
0.5543015892113454,2.475036150655092,0.24960000000000002,0.24978957725383566,0.00018957725383564328,0.0016
0.5543015892113454,2.6667998366284884,0.2768,0.2766467875150248,0.0001532124849751848,0.0016
0.5543015892113454,2.8734212091243085,0.304,0.3040562111793028,5.6211179302823044e-05,0.0016
0.5543015892113454,3.0960514289980536,0.3312,0.33199885802246193,0.0007988580224619346,0.0016
0.5543015892113454,3.3359308480646077,0.36000000000000004,0.3604552940822,0.00045529408219996403,0.0016
0.5543015892113454,3.5943959195375657,0.38880000000000003,0.38940577745405325,0.0006057774540532135,0.0016
0.5543015892113454,3.8728866438834793,0.4192,0.4188303869947385,0.0003696130052615043,0.0016
0.5543015892113454,4.172954591574528,0.448,0.4487091427471218,0.0007091427471218048,0.0016
0.5543015892113454,4.496271547437228,0.47840000000000005,0.47902211718643195,0.0006221171864319031,0.0016
0.5543015892113454,4.844638824757865,0.5104000000000001,0.5097495366610896,0.0006504633389105008,0.0016
0.5543015892113454,5.219997301036887,0.5408000000000001,0.5408718726564543,7.187265645425267e-05,0.0016
0.5543015892113454,5.62443823130494,0.5728,0.5723699227405256,0.0004300772594744151,0.0016
0.5543015892113454,6.060214899245428,0.6048,0.6042248812536563,0.0005751187463437502,0.0016
0.5543015892113454,6.529755171036042,0.6368,0.6364183999776981,0.00038160002230192003,0.0016
0.5543015892113454,7.035675021851269,0.6688000000000001,0.6689326391632364,0.00013263916323635883,0.0016
0.5543015892113454,7.58079311038668,0.7024,0.7017503094073215,0.0006496905926784979,0.0016
0.5543015892113454,8.168146482604984,0.7344,0.7348547049600433,0.0004547049600432951,0.0016
0.5543015892113454,8.801007492194831,0.768,0.768229729098619,0.00022972909861895818,0.0016
0.5543015892113454,9.482902032012383,0.8016000000000001,0.8018599122451868,0.00025991224518673306,0.0016
0.5543015892113454,10.217629178079317,0.8352,0.8357304235221052,0.0005304235221051945,0.0016
0.5543015892113454,11.009282355581066,0.8704000000000001,0.8698270764393572,0.0005729235606428684,0.0016
0.5543015892113454,11.862272144788507,0.904,0.9041363293955955,0.0001363293955954914,0.0016
0.5543015892113454,12.781350853962953,0.9392,0.9386452816502744,0.0005547183497256469,0.0016
0.5543015892113454,13.77163899614884,0.9728,0.9733416653918084,0.0005416653918084435,0.0016
0.5543015892113454,14.838653817365689,1.008,1.0082138344880682,0.0002138344880682208,0.0016
0.5543015892113454,15.988340035139956,1.0432000000000001,1.0432507504628266,5.075046282643214e-05,0.0016
0.5543015892113454,17.227102958632177,1.0784,1.0784419661967186,4.1966196718590254e-05,0.0016
0.5543015892113454,18.56184417488314,1.1136000000000001,1.1137776078053057,0.000177607805305513,0.0016
0.5543015892113454,20.000000000000004,1.1488,1.1492483551011186,0.00044835510111851384,0.0016
0.5937407681532992,0.1,0.0,0.0,0.0,0.0016
0.5937407681532992,0.1077479145475366,0.0,0.0,0.0,0.0016
0.5937407681532992,0.11609613089343249,0.0,0.0,0.0,0.0016
0.5937407681532992,0.12509115990805186,0.0,0.0,0.0,0.0016
0.5937407681532992,0.1347831160842501,0.0,0.0,0.0,0.0016
0.5937407681532992,0.14522599674296482,0.0,0.0,0.0,0.0016
0.5937407681532992,0.15647798287141804,0.0,0.0,0.0,0.0016
0.5937407681532992,0.1686017632700044,0.0,0.0,0.0,0.0016
0.5937407681532992,0.18166488381380433,0.0,0.0,0.0,0.0016
0.5937407681532992,0.19574012377457947,0.0,0.0,0.0,0.0016
0.5937407681532992,0.21090590129987632,0.0,0.0,0.0,0.0016
0.5937407681532992,0.22724671030830257,0.0,0.0,0.0,0.0016
0.5937407681532992,0.24485359123507788,0.0,0.0,0.0,0.0016
0.5937407681532992,0.26382463825054625,0.0,0.0,0.0,0.0016
0.5937407681532992,0.28426554577754615,0.0,0.0,0.0,0.0016
0.5937407681532992,0.3062901973524789,0.0,0.0,0.0,0.0016
0.5937407681532992,0.3300213001108302,0.0,0.0,0.0,0.0016
0.5937407681532992,0.3555910684320866,0.0,0.0,0.0,0.0016
0.5937407681532992,0.3831419605528771,0.0,0.0,0.0,0.0016
0.5937407681532992,0.41282747225227034,0.0,0.0,0.0,0.0016
0.5937407681532992,0.4448129920311316,0.0,0.0,0.0,0.0016
0.5937407681532992,0.47927672255004444,0.0,0.0,0.0,0.0016
0.5937407681532992,0.516410673459456,0.0,0.0,0.0,0.0016
0.5937407681532992,0.5564217311534528,0.0,0.0,0.0,0.0016
0.5937407681532992,0.5995328114071461,0.0,0.0,0.0,0.0016
0.5937407681532992,0.6459841013194154,0.0,0.0,0.0,0.0016
0.5937407681532992,0.696034397480316,0.0,0.0,0.0,0.0016
0.5937407681532992,0.7499625478185521,0.0,0.0,0.0,0.0016
0.5937407681532992,0.8080690051620618,0.0,0.0,0.0,0.0016
0.5937407681532992,0.8706775011671474,0.0,0.0,0.0,0.0016
0.5937407681532992,0.9381368499422049,0.0,0.0,0.0,0.0016
0.5937407681532992,1.0108228914146788,0.0,0.0,0.0,0.0016
0.5937407681532992,1.0891405852684266,0.0,0.0,0.0,0.0016
0.5937407681532992,1.173526267117564,0.0,0.0,0.0,0.0016
0.5937407681532992,1.264450079486729,0.0176,0.017290520137284004,0.00030947986271599726,0.0016
0.5937407681532992,1.3624185911416191,0.038400000000000004,0.03846751117377679,6.75111737767839e-05,0.0016
0.5937407681532992,1.467977619363024,0.0608,0.06032406950208073,0.0004759304979192677,0.0016
0.5937407681532992,1.581715270888233,0.08320000000000001,0.08285155651933729,0.0003484434806627218,0.0016
0.5937407681532992,1.7042652184619906,0.1056,0.10603966922655078,0.0004396692265507818,0.0016
0.5937407681532992,1.836310231251813,0.1296,0.12987654722301267,0.00027654722301267975,0.0016
0.5937407681532992,1.9785859787968756,0.15360000000000001,0.15434889273844293,0.0007488927384429189,0.0016
0.5937407681532992,2.1318851296835977,0.1792,0.17944210122063703,0.000242101220637031,0.0016
0.5937407681532992,2.297061767783123,0.2048,0.20514039989354374,0.00034039989354373024,0.0016
0.5937407681532992,2.475036150655092,0.232,0.23142699168020087,0.0005730083197991453,0.0016
0.5937407681532992,2.6667998366284884,0.2576,0.25828420194139007,0.0006842019413900724,0.0016
0.5937407681532992,2.8734212091243085,0.2864,0.285693625605668,0.0007063743943319656,0.0016
0.5937407681532992,3.0960514289980536,0.3136,0.3136362724488271,3.6272448827090464e-05,0.0016
0.5937407681532992,3.3359308480646077,0.34240000000000004,0.34209270850856527,0.0003072914914347691,0.0016
0.5937407681532992,3.5943959195375657,0.37120000000000003,0.37104319188041845,0.00015680811958157514,0.0016
0.5937407681532992,3.8728866438834793,0.4,0.4004678014211036,0.00046780142110358636,0.0016
0.5937407681532992,4.172954591574528,0.4304,0.430346557173487,5.344282651298382e-05,0.0016
0.5937407681532992,4.496271547437228,0.46080000000000004,0.4606595316127972,0.00014046838720283006,0.0016
0.5937407681532992,4.844638824757865,0.4912,0.4913869510874548,0.00018695108745475641,0.0016
0.5937407681532992,5.219997301036887,0.5232,0.5225092870828195,0.0006907129171804804,0.0016
0.5937407681532992,5.62443823130494,0.5536,0.5540073371668908,0.0004073371668907866,0.0016
0.5937407681532992,6.060214899245428,0.5856,0.5858622956800215,0.00026229568002145154,0.0016
0.5937407681532992,6.529755171036042,0.6176,0.6180558144040633,0.00045581440406328166,0.0016
0.5937407681532992,7.035675021851269,0.6512,0.6505700535896016,0.0006299464103983743,0.0016
0.5937407681532992,7.58079311038668,0.6832,0.6833877238336867,0.00018772383368670376,0.0016
0.5937407681532992,8.168146482604984,0.7168,0.7164921193864086,0.00030788061359143803,0.0016
0.5937407681532992,8.801007492194831,0.7504000000000001,0.7498671435249842,0.000532856475015886,0.0016
0.5937407681532992,9.482902032012383,0.784,0.783497326671552,0.0005026733284480001,0.0016
0.5937407681532992,10.217629178079317,0.8176,0.8173678379484703,0.00023216205152964964,0.0016
0.5937407681532992,11.009282355581066,0.8512000000000001,0.8514644908657225,0.0002644908657224443,0.0016
0.5937407681532992,11.862272144788507,0.8864000000000001,0.8857737438219607,0.0006262561780393527,0.0016
0.5937407681532992,12.781350853962953,0.92,0.9202826960766396,0.00028269607663955476,0.0016
0.5937407681532992,13.77163899614884,0.9552,0.9549790798181736,0.0002209201818264006,0.0016
0.5937407681532992,14.838653817365689,0.9904000000000001,0.9898512489144335,0.0005487510855665123,0.0016
0.5937407681532992,15.988340035139956,1.0256,1.0248881648891917,0.000711835110808412,0.0016
0.5937407681532992,17.227102958632177,1.0608,1.0600793806230837,0.0007206193769162539,0.0016
0.5937407681532992,18.56184417488314,1.096,1.0954150222316708,0.0005849777683293311,0.0016
0.5937407681532992,20.000000000000004,1.1312,1.1308857695274837,0.0003142304725163303,0.0016
0.6359860888525383,0.1,0.0,0.0,0.0,0.0016
0.6359860888525383,0.1077479145475366,0.0,0.0,0.0,0.0016
0.6359860888525383,0.11609613089343249,0.0,0.0,0.0,0.0016
0.6359860888525383,0.12509115990805186,0.0,0.0,0.0,0.0016
0.6359860888525383,0.1347831160842501,0.0,0.0,0.0,0.0016
0.6359860888525383,0.14522599674296482,0.0,0.0,0.0,0.0016
0.6359860888525383,0.15647798287141804,0.0,0.0,0.0,0.0016
0.6359860888525383,0.1686017632700044,0.0,0.0,0.0,0.0016
0.6359860888525383,0.18166488381380433,0.0,0.0,0.0,0.0016
0.6359860888525383,0.19574012377457947,0.0,0.0,0.0,0.0016
0.6359860888525383,0.21090590129987632,0.0,0.0,0.0,0.0016
0.6359860888525383,0.22724671030830257,0.0,0.0,0.0,0.0016
0.6359860888525383,0.24485359123507788,0.0,0.0,0.0,0.0016
0.6359860888525383,0.26382463825054625,0.0,0.0,0.0,0.0016
0.6359860888525383,0.28426554577754615,0.0,0.0,0.0,0.0016
0.6359860888525383,0.3062901973524789,0.0,0.0,0.0,0.0016
0.6359860888525383,0.3300213001108302,0.0,0.0,0.0,0.0016
0.6359860888525383,0.3555910684320866,0.0,0.0,0.0,0.0016
0.6359860888525383,0.3831419605528771,0.0,0.0,0.0,0.0016
0.6359860888525383,0.41282747225227034,0.0,0.0,0.0,0.0016
0.6359860888525383,0.4448129920311316,0.0,0.0,0.0,0.0016
0.6359860888525383,0.47927672255004444,0.0,0.0,0.0,0.0016
0.6359860888525383,0.516410673459456,0.0,0.0,0.0,0.0016
0.6359860888525383,0.5564217311534528,0.0,0.0,0.0,0.0016
0.6359860888525383,0.5995328114071461,0.0,0.0,0.0,0.0016
0.6359860888525383,0.6459841013194154,0.0,0.0,0.0,0.0016
0.6359860888525383,0.696034397480316,0.0,0.0,0.0,0.0016
0.6359860888525383,0.7499625478185521,0.0,0.0,0.0,0.0016
0.6359860888525383,0.8080690051620618,0.0,0.0,0.0,0.0016
0.6359860888525383,0.8706775011671474,0.0,0.0,0.0,0.0016
0.6359860888525383,0.9381368499422049,0.0,0.0,0.0,0.0016
0.6359860888525383,1.0108228914146788,0.0,0.0,0.0,0.0016
0.6359860888525383,1.0891405852684266,0.0,0.0,0.0,0.0016
0.6359860888525383,1.173526267117564,0.0,0.0,0.0,0.0016
0.6359860888525383,1.264450079486729,0.0,0.0,0.0,0.0016
0.6359860888525383,1.3624185911416191,0.019200000000000002,0.019518832980241728,0.00031883298024172613,0.0016
0.6359860888525383,1.467977619363024,0.041600000000000005,0.041375391308545645,0.0002246086914543602,0.0016
0.6359860888525383,1.581715270888233,0.064,0.06390287832580226,9.712167419774487e-05,0.0016
0.6359860888525383,1.7042652184619906,0.0864,0.08709099103301572,0.0006909910330157171,0.0016
0.6359860888525383,1.836310231251813,0.11040000000000001,0.11092786902947764,0.0005278690294776289,0.0016
0.6359860888525383,1.9785859787968756,0.136,0.13540021454490786,0.00059978545509215,0.0016
0.6359860888525383,2.1318851296835977,0.16,0.16049342302710196,0.0004934230271019524,0.0016
0.6359860888525383,2.297061767783123,0.18560000000000001,0.18619172170000867,0.0005917217000086517,0.0016
0.6359860888525383,2.475036150655092,0.21280000000000002,0.21247831348666582,0.0003216865133341962,0.0016
0.6359860888525383,2.6667998366284884,0.24000000000000002,0.23933552374785497,0.000664476252145052,0.0016
0.6359860888525383,2.8734212091243085,0.2672,0.2667449474121329,0.0004550525878670997,0.0016
0.6359860888525383,3.0960514289980536,0.2944,0.294687594255292,0.0002875942552920119,0.0016
0.6359860888525383,3.3359308480646077,0.32320000000000004,0.3231440303150302,5.5969684969847666e-05,0.0016
0.6359860888525383,3.5943959195375657,0.35200000000000004,0.3520945136868833,9.451368688329076e-05,0.0016
0.6359860888525383,3.8728866438834793,0.3808,0.38151912322756854,0.0007191232275685078,0.0016
0.6359860888525383,4.172954591574528,0.4112,0.41139787897995195,0.0001978789799519376,0.0016
0.6359860888525383,4.496271547437228,0.44160000000000005,0.44171085341926214,0.00011085341926209136,0.0016
0.6359860888525383,4.844638824757865,0.47200000000000003,0.47243827289391965,0.0004382728939196223,0.0016
0.6359860888525383,5.219997301036887,0.504,0.5035606088892844,0.00043939111071555903,0.0016
0.6359860888525383,5.62443823130494,0.5344,0.5350586589733557,0.000658658973355708,0.0016
0.6359860888525383,6.060214899245428,0.5664,0.5669136174864864,0.000513617486486373,0.0016
0.6359860888525383,6.529755171036042,0.5984,0.5991071362105282,0.0007071362105282031,0.0016
0.6359860888525383,7.035675021851269,0.632,0.6316213753960666,0.0003786246039334529,0.0016
0.6359860888525383,7.58079311038668,0.664,0.6644390456401518,0.0004390456401517362,0.0016
0.6359860888525383,8.168146482604984,0.6976,0.6975434411928735,5.655880712651662e-05,0.0016
0.6359860888525383,8.801007492194831,0.7312000000000001,0.7309184653314491,0.00028153466855096454,0.0016
0.6359860888525383,9.482902032012383,0.7648,0.764548648478017,0.00025135152198307864,0.0016
0.6359860888525383,10.217629178079317,0.7984,0.7984191597549354,1.91597549353828e-05,0.0016
0.6359860888525383,11.009282355581066,0.8320000000000001,0.8325158126721874,0.0005158126721873657,0.0016
0.6359860888525383,11.862272144788507,0.8672000000000001,0.8668250656284257,0.0003749343715744313,0.0016
0.6359860888525383,12.781350853962953,0.9008,0.9013340178831045,0.0005340178831044762,0.0016
0.6359860888525383,13.77163899614884,0.936,0.9360304016246386,3.0401624638520808e-05,0.0016
0.6359860888525383,14.838653817365689,0.9712000000000001,0.9709025707208985,0.0002974292791015909,0.0016
0.6359860888525383,15.988340035139956,1.0064,1.0059394866956566,0.00046051330434337956,0.0016
0.6359860888525383,17.227102958632177,1.0416,1.0411307024295486,0.0004692975704514435,0.0016
0.6359860888525383,18.56184417488314,1.0768,1.0764663440381357,0.0003336559618642987,0.0016
0.6359860888525383,20.000000000000004,1.112,1.1119370913339486,6.29086660515199e-05,0.0016
0.6812372114382338,0.1,0.0,0.0,0.0,0.0016
0.6812372114382338,0.1077479145475366,0.0,0.0,0.0,0.0016
0.6812372114382338,0.11609613089343249,0.0,0.0,0.0,0.0016
0.6812372114382338,0.12509115990805186,0.0,0.0,0.0,0.0016
0.6812372114382338,0.1347831160842501,0.0,0.0,0.0,0.0016
0.6812372114382338,0.14522599674296482,0.0,0.0,0.0,0.0016
0.6812372114382338,0.15647798287141804,0.0,0.0,0.0,0.0016
0.6812372114382338,0.1686017632700044,0.0,0.0,0.0,0.0016
0.6812372114382338,0.18166488381380433,0.0,0.0,0.0,0.0016
0.6812372114382338,0.19574012377457947,0.0,0.0,0.0,0.0016
0.6812372114382338,0.21090590129987632,0.0,0.0,0.0,0.0016
0.6812372114382338,0.22724671030830257,0.0,0.0,0.0,0.0016
0.6812372114382338,0.24485359123507788,0.0,0.0,0.0,0.0016
0.6812372114382338,0.26382463825054625,0.0,0.0,0.0,0.0016
0.6812372114382338,0.28426554577754615,0.0,0.0,0.0,0.0016
0.6812372114382338,0.3062901973524789,0.0,0.0,0.0,0.0016
0.6812372114382338,0.3300213001108302,0.0,0.0,0.0,0.0016
0.6812372114382338,0.3555910684320866,0.0,0.0,0.0,0.0016
0.6812372114382338,0.3831419605528771,0.0,0.0,0.0,0.0016
0.6812372114382338,0.41282747225227034,0.0,0.0,0.0,0.0016
0.6812372114382338,0.4448129920311316,0.0,0.0,0.0,0.0016
0.6812372114382338,0.47927672255004444,0.0,0.0,0.0,0.0016
0.6812372114382338,0.516410673459456,0.0,0.0,0.0,0.0016
0.6812372114382338,0.5564217311534528,0.0,0.0,0.0,0.0016
0.6812372114382338,0.5995328114071461,0.0,0.0,0.0,0.0016
0.6812372114382338,0.6459841013194154,0.0,0.0,0.0,0.0016
0.6812372114382338,0.696034397480316,0.0,0.0,0.0,0.0016
0.6812372114382338,0.7499625478185521,0.0,0.0,0.0,0.0016
0.6812372114382338,0.8080690051620618,0.0,0.0,0.0,0.0016
0.6812372114382338,0.8706775011671474,0.0,0.0,0.0,0.0016
0.6812372114382338,0.9381368499422049,0.0,0.0,0.0,0.0016
0.6812372114382338,1.0108228914146788,0.0,0.0,0.0,0.0016
0.6812372114382338,1.0891405852684266,0.0,0.0,0.0,0.0016
0.6812372114382338,1.173526267117564,0.0,0.0,0.0,0.0016
0.6812372114382338,1.264450079486729,0.0,0.0,0.0,0.0016
0.6812372114382338,1.3624185911416191,0.0,0.0,0.0,0.0016
0.6812372114382338,1.467977619363024,0.0224,0.021844741820568028,0.0005552581794319722,0.0016
0.6812372114382338,1.581715270888233,0.0448,0.04437222883782468,0.0004277711621753222,0.0016
0.6812372114382338,1.7042652184619906,0.06720000000000001,0.06756034154503818,0.0003603415450381675,0.0016
0.6812372114382338,1.836310231251813,0.0912,0.0913972195415,0.0001972195414999961,0.0016
0.6812372114382338,1.9785859787968756,0.11520000000000001,0.11586956505693029,0.0006695650569302769,0.0016
0.6812372114382338,2.1318851296835977,0.1408,0.14096277353912443,0.00016277353912441672,0.0016
0.6812372114382338,2.297061767783123,0.16640000000000002,0.16666107221203116,0.0002610722120311437,0.0016
0.6812372114382338,2.475036150655092,0.19360000000000002,0.19294766399868826,0.0006523360013117596,0.0016
0.6812372114382338,2.6667998366284884,0.2192,0.2198048742598774,0.0006048742598774026,0.0016
0.6812372114382338,2.8734212091243085,0.248,0.2472142979241554,0.0007857020758446076,0.0016
0.6812372114382338,3.0960514289980536,0.2752,0.2751569447673145,4.305523268549605e-05,0.0016
0.6812372114382338,3.3359308480646077,0.304,0.30361338082705264,0.0003866191729473556,0.0016
0.6812372114382338,3.5943959195375657,0.33280000000000004,0.3325638641989058,0.00023613580109421717,0.0016
0.6812372114382338,3.8728866438834793,0.36160000000000003,0.361988473739591,0.00038847373959094433,0.0016
0.6812372114382338,4.172954591574528,0.392,0.3918672294919744,0.00013277050802562584,0.0016
0.6812372114382338,4.496271547437228,0.4224,0.4221802039312846,0.00021979606871541657,0.0016
0.6812372114382338,4.844638824757865,0.45280000000000004,0.45290762340594215,0.00010762340594211439,0.0016
0.6812372114382338,5.219997301036887,0.4848,0.4840299594013069,0.0007700405986931225,0.0016
0.6812372114382338,5.62443823130494,0.5152,0.5155280094853781,0.00032800948537814456,0.0016
0.6812372114382338,6.060214899245428,0.5472,0.5473829679985088,0.00018296799850880952,0.0016
0.6812372114382338,6.529755171036042,0.5792,0.5795764867225507,0.00037648672255063964,0.0016
0.6812372114382338,7.035675021851269,0.6128,0.612090725908089,0.0007092740919110163,0.0016
0.6812372114382338,7.58079311038668,0.6448,0.6449083961521741,0.00010839615217406173,0.0016
0.6812372114382338,8.168146482604984,0.6784,0.6780127917048959,0.00038720829510408006,0.0016
0.6812372114382338,8.801007492194831,0.7120000000000001,0.7113878158434715,0.000612184156528528,0.0016
0.6812372114382338,9.482902032012383,0.7456,0.7450179989900394,0.0005820010099606421,0.0016
0.6812372114382338,10.217629178079317,0.7792,0.7788885102669577,0.00031148973304229166,0.0016
0.6812372114382338,11.009282355581066,0.8128000000000001,0.8129851631842099,0.00018516318420980227,0.0016
0.6812372114382338,11.862272144788507,0.8480000000000001,0.8472944161404481,0.0007055838595519948,0.0016
0.6812372114382338,12.781350853962953,0.8816,0.881803368395127,0.00020336839512691274,0.0016
0.6812372114382338,13.77163899614884,0.9168000000000001,0.916499752136661,0.00030024786333904263,0.0016
0.6812372114382338,14.838653817365689,0.9520000000000001,0.9513719212329209,0.0006280787670791543,0.0016
0.6812372114382338,15.988340035139956,0.9872000000000001,0.9864088372076791,0.000791162792320943,0.0016
0.6812372114382338,17.227102958632177,1.0224,1.0216000529415712,0.0007999470584287849,0.0016
0.6812372114382338,18.56184417488314,1.0576,1.056935694550158,0.0006643054498420842,0.0016
0.6812372114382338,20.000000000000004,1.0928,1.0924064418459711,0.0003935581540288613,0.0016
0.7297080020813869,0.1,0.0,0.0,0.0,0.0016
0.7297080020813869,0.1077479145475366,0.0,0.0,0.0,0.0016
0.7297080020813869,0.11609613089343249,0.0,0.0,0.0,0.0016
0.7297080020813869,0.12509115990805186,0.0,0.0,0.0,0.0016
0.7297080020813869,0.1347831160842501,0.0,0.0,0.0,0.0016
0.7297080020813869,0.14522599674296482,0.0,0.0,0.0,0.0016
0.7297080020813869,0.15647798287141804,0.0,0.0,0.0,0.0016
0.7297080020813869,0.1686017632700044,0.0,0.0,0.0,0.0016
0.7297080020813869,0.18166488381380433,0.0,0.0,0.0,0.0016
0.7297080020813869,0.19574012377457947,0.0,0.0,0.0,0.0016
0.7297080020813869,0.21090590129987632,0.0,0.0,0.0,0.0016
0.7297080020813869,0.22724671030830257,0.0,0.0,0.0,0.0016
0.7297080020813869,0.24485359123507788,0.0,0.0,0.0,0.0016
0.7297080020813869,0.26382463825054625,0.0,0.0,0.0,0.0016
0.7297080020813869,0.28426554577754615,0.0,0.0,0.0,0.0016
0.7297080020813869,0.3062901973524789,0.0,0.0,0.0,0.0016
0.7297080020813869,0.3300213001108302,0.0,0.0,0.0,0.0016
0.7297080020813869,0.3555910684320866,0.0,0.0,0.0,0.0016
0.7297080020813869,0.3831419605528771,0.0,0.0,0.0,0.0016
0.7297080020813869,0.41282747225227034,0.0,0.0,0.0,0.0016
0.7297080020813869,0.4448129920311316,0.0,0.0,0.0,0.0016
0.7297080020813869,0.47927672255004444,0.0,0.0,0.0,0.0016
0.7297080020813869,0.516410673459456,0.0,0.0,0.0,0.0016
0.7297080020813869,0.5564217311534528,0.0,0.0,0.0,0.0016
0.7297080020813869,0.5995328114071461,0.0,0.0,0.0,0.0016
0.7297080020813869,0.6459841013194154,0.0,0.0,0.0,0.0016
0.7297080020813869,0.696034397480316,0.0,0.0,0.0,0.0016
0.7297080020813869,0.7499625478185521,0.0,0.0,0.0,0.0016
0.7297080020813869,0.8080690051620618,0.0,0.0,0.0,0.0016
0.7297080020813869,0.8706775011671474,0.0,0.0,0.0,0.0016
0.7297080020813869,0.9381368499422049,0.0,0.0,0.0,0.0016
0.7297080020813869,1.0108228914146788,0.0,0.0,0.0,0.0016
0.7297080020813869,1.0891405852684266,0.0,0.0,0.0,0.0016
0.7297080020813869,1.173526267117564,0.0,0.0,0.0,0.0016
0.7297080020813869,1.264450079486729,0.0,0.0,0.0,0.0016
0.7297080020813869,1.3624185911416191,0.0,0.0,0.0,0.0016
0.7297080020813869,1.467977619363024,0.0016,0.0017375562965988316,0.00013755629659883148,0.0016
0.7297080020813869,1.581715270888233,0.024,0.02426504331385549,0.00026504331385548974,0.0016
0.7297080020813869,1.7042652184619906,0.048,0.04745315602106889,0.000546843978931108,0.0016
0.7297080020813869,1.836310231251813,0.07200000000000001,0.07129003401753087,0.0007099659824691407,0.0016
0.7297080020813869,1.9785859787968756,0.096,0.09576237953296114,0.00023762046703885986,0.0016
0.7297080020813869,2.1318851296835977,0.1216,0.12085558801515522,0.0007444119848447756,0.0016
0.7297080020813869,2.297061767783123,0.1472,0.14655388668806196,0.0006461133119380347,0.0016
0.7297080020813869,2.475036150655092,0.1728,0.17284047847471906,4.0478474719052304e-05,0.0016
0.7297080020813869,2.6667998366284884,0.2,0.1996976887359082,0.00030231126409180353,0.0016
0.7297080020813869,2.8734212091243085,0.2272,0.2271071124001862,9.288759981382344e-05,0.0016
0.7297080020813869,3.0960514289980536,0.2544,0.2550497592433453,0.0006497592433452604,0.0016
0.7297080020813869,3.3359308480646077,0.2832,0.2835061953030834,0.0003061953030834008,0.0016
0.7297080020813869,3.5943959195375657,0.312,0.3124566786749366,0.00045667867493659475,0.0016
0.7297080020813869,3.8728866438834793,0.34240000000000004,0.3418812882156218,0.0005187117843782341,0.0016
0.7297080020813869,4.172954591574528,0.37120000000000003,0.3717600439680052,0.0005600439680051861,0.0016
0.7297080020813869,4.496271547437228,0.4016,0.4020730184073154,0.00047301840731539535,0.0016
0.7297080020813869,4.844638824757865,0.43360000000000004,0.43280043788197287,0.000799562118027175,0.0016
0.7297080020813869,5.219997301036887,0.464,0.4639227738773377,7.722612266231055e-05,0.0016
0.7297080020813869,5.62443823130494,0.496,0.49542082396140896,0.0005791760385910338,0.0016
0.7297080020813869,6.060214899245428,0.528,0.5272757824745397,0.0007242175254603689,0.0016
0.7297080020813869,6.529755171036042,0.56,0.5594693011985815,0.0005306988014185388,0.0016
0.7297080020813869,7.035675021851269,0.5920000000000001,0.5919835403841197,1.6459615880370926e-05,0.0016
0.7297080020813869,7.58079311038668,0.6256,0.6248012106282049,0.0007987893717951167,0.0016
0.7297080020813869,8.168146482604984,0.6576000000000001,0.6579056061809267,0.00030560618092667635,0.0016
0.7297080020813869,8.801007492194831,0.6912,0.6912806303195023,8.063031950222843e-05,0.0016
0.7297080020813869,9.482902032012383,0.7248,0.7249108134660701,0.00011081346607011433,0.0016
0.7297080020813869,10.217629178079317,0.7584000000000001,0.7587813247429886,0.00038132474298857577,0.0016
0.7297080020813869,11.009282355581066,0.7936000000000001,0.7928779776602406,0.0007220223397594872,0.0016
0.7297080020813869,11.862272144788507,0.8272,0.8271872306164789,1.2769383521127331e-05,0.0016
0.7297080020813869,12.781350853962953,0.8624,0.8616961828711578,0.0007038171288422657,0.0016
0.7297080020813869,13.77163899614884,0.896,0.8963925666126918,0.0003925666126918248,0.0016
0.7297080020813869,14.838653817365689,0.9312,0.9312647357089517,6.47357089517131e-05,0.0016
0.7297080020813869,15.988340035139956,0.9664,0.9663016516837099,9.834831629018659e-05,0.0016
0.7297080020813869,17.227102958632177,1.0016,1.0014928674176018,0.00010713258239825052,0.0016
0.7297080020813869,18.56184417488314,1.0368,1.0368285090261888,2.8509026188894282e-05,0.0016
0.7297080020813869,20.000000000000004,1.072,1.072299256322002,0.0002992563220018951,0.0016
0.7816275437706139,0.1,0.0,0.0,0.0,0.0016
0.7816275437706139,0.1077479145475366,0.0,0.0,0.0,0.0016
0.7816275437706139,0.11609613089343249,0.0,0.0,0.0,0.0016
0.7816275437706139,0.12509115990805186,0.0,0.0,0.0,0.0016
0.7816275437706139,0.1347831160842501,0.0,0.0,0.0,0.0016
0.7816275437706139,0.14522599674296482,0.0,0.0,0.0,0.0016
0.7816275437706139,0.15647798287141804,0.0,0.0,0.0,0.0016
0.7816275437706139,0.1686017632700044,0.0,0.0,0.0,0.0016
0.7816275437706139,0.18166488381380433,0.0,0.0,0.0,0.0016
0.7816275437706139,0.19574012377457947,0.0,0.0,0.0,0.0016
0.7816275437706139,0.21090590129987632,0.0,0.0,0.0,0.0016
0.7816275437706139,0.22724671030830257,0.0,0.0,0.0,0.0016
0.7816275437706139,0.24485359123507788,0.0,0.0,0.0,0.0016
0.7816275437706139,0.26382463825054625,0.0,0.0,0.0,0.0016
0.7816275437706139,0.28426554577754615,0.0,0.0,0.0,0.0016
0.7816275437706139,0.3062901973524789,0.0,0.0,0.0,0.0016
0.7816275437706139,0.3300213001108302,0.0,0.0,0.0,0.0016
0.7816275437706139,0.3555910684320866,0.0,0.0,0.0,0.0016
0.7816275437706139,0.3831419605528771,0.0,0.0,0.0,0.0016
0.7816275437706139,0.41282747225227034,0.0,0.0,0.0,0.0016
0.7816275437706139,0.4448129920311316,0.0,0.0,0.0,0.0016
0.7816275437706139,0.47927672255004444,0.0,0.0,0.0,0.0016
0.7816275437706139,0.516410673459456,0.0,0.0,0.0,0.0016
0.7816275437706139,0.5564217311534528,0.0,0.0,0.0,0.0016
0.7816275437706139,0.5995328114071461,0.0,0.0,0.0,0.0016
0.7816275437706139,0.6459841013194154,0.0,0.0,0.0,0.0016
0.7816275437706139,0.696034397480316,0.0,0.0,0.0,0.0016
0.7816275437706139,0.7499625478185521,0.0,0.0,0.0,0.0016
0.7816275437706139,0.8080690051620618,0.0,0.0,0.0,0.0016
0.7816275437706139,0.8706775011671474,0.0,0.0,0.0,0.0016
0.7816275437706139,0.9381368499422049,0.0,0.0,0.0,0.0016
0.7816275437706139,1.0108228914146788,0.0,0.0,0.0,0.0016
0.7816275437706139,1.0891405852684266,0.0,0.0,0.0,0.0016
0.7816275437706139,1.173526267117564,0.0,0.0,0.0,0.0016
0.7816275437706139,1.264450079486729,0.0,0.0,0.0,0.0016
0.7816275437706139,1.3624185911416191,0.0,0.0,0.0,0.0016
0.7816275437706139,1.467977619363024,0.0,0.0,0.0,0.0016
0.7816275437706139,1.581715270888233,0.0032,0.0035880211700056166,0.00038802117000561647,0.0016
0.7816275437706139,1.7042652184619906,0.027200000000000002,0.026776133877219055,0.00042386612278094704,0.0016
0.7816275437706139,1.836310231251813,0.0512,0.05061301187368102,0.0005869881263189797,0.0016
0.7816275437706139,1.9785859787968756,0.0752,0.07508535738911132,0.00011464261088868499,0.0016
0.7816275437706139,2.1318851296835977,0.1008,0.10017856587130541,0.0006214341286945868,0.0016
0.7816275437706139,2.297061767783123,0.1264,0.1258768645442121,0.0005231354557879153,0.0016
0.7816275437706139,2.475036150655092,0.152,0.15216345633086922,0.00016345633086922717,0.0016
0.7816275437706139,2.6667998366284884,0.1792,0.17902066659205837,0.00017933340794162866,0.0016
0.7816275437706139,2.8734212091243085,0.2064,0.20643009025633635,3.009025633635143e-05,0.0016
0.7816275437706139,3.0960514289980536,0.2336,0.23437273709949544,0.0007727370994954352,0.0016
0.7816275437706139,3.3359308480646077,0.2624,0.2628291731592336,0.0004291731592335757,0.0016
0.7816275437706139,3.5943959195375657,0.2912,0.29177965653108673,0.0005796565310867141,0.0016
0.7816275437706139,3.8728866438834793,0.3216,0.321204266071772,0.0003957339282280037,0.0016
0.7816275437706139,4.172954591574528,0.3504,0.3510830218241554,0.0006830218241554165,0.0016
0.7816275437706139,4.496271547437228,0.3808,0.38139599626346554,0.0005959962634655147,0.0016
0.7816275437706139,4.844638824757865,0.4128,0.4121234157381231,0.0006765842618768891,0.0016
0.7816275437706139,5.219997301036887,0.44320000000000004,0.44324575173348785,4.575173348780881e-05,0.0016
0.7816275437706139,5.62443823130494,0.4752,0.47474380181755915,0.00045619818244085897,0.0016
0.7816275437706139,6.060214899245428,0.5072,0.5065987603306897,0.0006012396693102495,0.0016
0.7816275437706139,6.529755171036042,0.5392,0.5387922790547317,0.0004077209452683084,0.0016
0.7816275437706139,7.035675021851269,0.5712,0.5713065182402699,0.00010651824026985945,0.0016
0.7816275437706139,7.58079311038668,0.6048,0.6041241884843551,0.0006758115156448863,0.0016
0.7816275437706139,8.168146482604984,0.6368,0.6372285840370769,0.00042858403707690673,0.0016
0.7816275437706139,8.801007492194831,0.6704,0.6706036081756525,0.0002036081756524588,0.0016
0.7816275437706139,9.482902032012383,0.7040000000000001,0.7042337913222204,0.0002337913222203447,0.0016
0.7816275437706139,10.217629178079317,0.7376,0.7381043025991387,0.0005043025991386951,0.0016
0.7816275437706139,11.009282355581066,0.7728,0.7722009555163908,0.0005990444836092568,0.0016
0.7816275437706139,11.862272144788507,0.8064,0.8065102084726291,0.00011020847262910305,0.0016
0.7816275437706139,12.781350853962953,0.8416,0.841019160727308,0.0005808392726920353,0.0016
0.7816275437706139,13.77163899614884,0.8752000000000001,0.875715544468842,0.0005155444688419442,0.0016
0.7816275437706139,14.838653817365689,0.9104000000000001,0.9105877135651019,0.00018771356510183246,0.0016
0.7816275437706139,15.988340035139956,0.9456,0.94562462953986,2.4629539860043792e-05,0.0016
0.7816275437706139,17.227102958632177,0.9808,0.9808158452737521,1.5845273752090883e-05,0.0016
0.7816275437706139,18.56184417488314,1.016,1.0161514868823391,0.00015148688233912466,0.0016
0.7816275437706139,20.000000000000004,1.0512000000000001,1.051622234178152,0.00042223417815190345,0.0016
0.8372412190057672,0.1,0.0,0.0,0.0,0.0016
0.8372412190057672,0.1077479145475366,0.0,0.0,0.0,0.0016
0.8372412190057672,0.11609613089343249,0.0,0.0,0.0,0.0016
0.8372412190057672,0.12509115990805186,0.0,0.0,0.0,0.0016
0.8372412190057672,0.1347831160842501,0.0,0.0,0.0,0.0016
0.8372412190057672,0.14522599674296482,0.0,0.0,0.0,0.0016
0.8372412190057672,0.15647798287141804,0.0,0.0,0.0,0.0016
0.8372412190057672,0.1686017632700044,0.0,0.0,0.0,0.0016
0.8372412190057672,0.18166488381380433,0.0,0.0,0.0,0.0016
0.8372412190057672,0.19574012377457947,0.0,0.0,0.0,0.0016
0.8372412190057672,0.21090590129987632,0.0,0.0,0.0,0.0016
0.8372412190057672,0.22724671030830257,0.0,0.0,0.0,0.0016
0.8372412190057672,0.24485359123507788,0.0,0.0,0.0,0.0016
0.8372412190057672,0.26382463825054625,0.0,0.0,0.0,0.0016
0.8372412190057672,0.28426554577754615,0.0,0.0,0.0,0.0016
0.8372412190057672,0.3062901973524789,0.0,0.0,0.0,0.0016
0.8372412190057672,0.3300213001108302,0.0,0.0,0.0,0.0016
0.8372412190057672,0.3555910684320866,0.0,0.0,0.0,0.0016
0.8372412190057672,0.3831419605528771,0.0,0.0,0.0,0.0016
0.8372412190057672,0.41282747225227034,0.0,0.0,0.0,0.0016
0.8372412190057672,0.4448129920311316,0.0,0.0,0.0,0.0016
0.8372412190057672,0.47927672255004444,0.0,0.0,0.0,0.0016
0.8372412190057672,0.516410673459456,0.0,0.0,0.0,0.0016
0.8372412190057672,0.5564217311534528,0.0,0.0,0.0,0.0016
0.8372412190057672,0.5995328114071461,0.0,0.0,0.0,0.0016
0.8372412190057672,0.6459841013194154,0.0,0.0,0.0,0.0016
0.8372412190057672,0.696034397480316,0.0,0.0,0.0,0.0016
0.8372412190057672,0.7499625478185521,0.0,0.0,0.0,0.0016
0.8372412190057672,0.8080690051620618,0.0,0.0,0.0,0.0016
0.8372412190057672,0.8706775011671474,0.0,0.0,0.0,0.0016
0.8372412190057672,0.9381368499422049,0.0,0.0,0.0,0.0016
0.8372412190057672,1.0108228914146788,0.0,0.0,0.0,0.0016
0.8372412190057672,1.0891405852684266,0.0,0.0,0.0,0.0016
0.8372412190057672,1.173526267117564,0.0,0.0,0.0,0.0016
0.8372412190057672,1.264450079486729,0.0,0.0,0.0,0.0016
0.8372412190057672,1.3624185911416191,0.0,0.0,0.0,0.0016
0.8372412190057672,1.467977619363024,0.0,0.0,0.0,0.0016
0.8372412190057672,1.581715270888233,0.0,0.0,0.0,0.0016
0.8372412190057672,1.7042652184619906,0.0048000000000000004,0.005537178305328414,0.0007371783053284134,0.0016
0.8372412190057672,1.836310231251813,0.028800000000000003,0.029374056301790328,0.0005740563017903252,0.0016
0.8372412190057672,1.9785859787968756,0.054400000000000004,0.05384640181722063,0.0005535981827793773,0.0016
0.8372412190057672,2.1318851296835977,0.0784,0.07893961029941465,0.0005396102994146557,0.0016
0.8372412190057672,2.297061767783123,0.10400000000000001,0.10463790897232142,0.0006379089723214104,0.0016
0.8372412190057672,2.475036150655092,0.1312,0.13092450075897855,0.00027549924102146517,0.0016
0.8372412190057672,2.6667998366284884,0.1584,0.15778171102016775,0.0006182889798322655,0.0016
0.8372412190057672,2.8734212091243085,0.18560000000000001,0.18519113468444567,0.0004088653155543409,0.0016
0.8372412190057672,3.0960514289980536,0.21280000000000002,0.21313378152760476,0.0003337815276047429,0.0016
0.8372412190057672,3.3359308480646077,0.2416,0.2415902175873429,9.782412657116657e-06,0.0016
0.8372412190057672,3.5943959195375657,0.27040000000000003,0.270540700959196,0.000140700959195994,0.0016
0.8372412190057672,3.8728866438834793,0.2992,0.29996531049988134,0.000765310499881322,0.0016
0.8372412190057672,4.172954591574528,0.3296,0.3298440662522647,0.00024406625226469636,0.0016
0.8372412190057672,4.496271547437228,0.36000000000000004,0.36015704069157484,0.0001570406915747946,0.0016
0.8372412190057672,4.844638824757865,0.3904,0.3908844601662324,0.0004844601662323811,0.0016
0.8372412190057672,5.219997301036887,0.4224,0.4220067961615972,0.00039320383840280027,0.0016
0.8372412190057672,5.62443823130494,0.45280000000000004,0.45350484624566845,0.0007048462456684113,0.0016
0.8372412190057672,6.060214899245428,0.4848,0.48535980475879914,0.0005598047587991317,0.0016
0.8372412190057672,6.529755171036042,0.5168,0.517553323482841,0.0007533234828409618,0.0016
0.8372412190057672,7.035675021851269,0.5504,0.5500675626683792,0.00033243733162080513,0.0016
0.8372412190057672,7.58079311038668,0.5824,0.5828852329124644,0.00048523291246438394,0.0016
0.8372412190057672,8.168146482604984,0.616,0.6159896284651862,1.0371534813757854e-05,0.0016
0.8372412190057672,8.801007492194831,0.6496000000000001,0.6493646526037617,0.0002353473962383168,0.0016
0.8372412190057672,9.482902032012383,0.6832,0.6829948357503297,0.00020516424967031988,0.0016
0.8372412190057672,10.217629178079317,0.7168,0.716865347027248,6.534702724803054e-05,0.0016
0.8372412190057672,11.009282355581066,0.7504000000000001,0.7509619999445002,0.0005619999445001245,0.0016
0.8372412190057672,11.862272144788507,0.7856000000000001,0.7852712529007384,0.00032874709926167256,0.0016
0.8372412190057672,12.781350853962953,0.8192,0.8197802051554173,0.0005802051554172349,0.0016
0.8372412190057672,13.77163899614884,0.8544,0.8544765888969513,7.658889695127957e-05,0.0016
0.8372412190057672,14.838653817365689,0.8896000000000001,0.8893487579932112,0.00025124200678883213,0.0016
0.8372412190057672,15.988340035139956,0.9248000000000001,0.9243856739679693,0.0004143260320307318,0.0016
0.8372412190057672,17.227102958632177,0.9600000000000001,0.9595768897018614,0.0004231102981386847,0.0016
0.8372412190057672,18.56184417488314,0.9952000000000001,0.9949125313104483,0.00028746868955176197,0.0016
0.8372412190057672,20.000000000000004,1.0304,1.0303832786062614,1.6721393738539092e-05,0.0016
0.8968118695264138,0.1,0.0,0.0,0.0,0.0016
0.8968118695264138,0.1077479145475366,0.0,0.0,0.0,0.0016
0.8968118695264138,0.11609613089343249,0.0,0.0,0.0,0.0016
0.8968118695264138,0.12509115990805186,0.0,0.0,0.0,0.0016
0.8968118695264138,0.1347831160842501,0.0,0.0,0.0,0.0016
0.8968118695264138,0.14522599674296482,0.0,0.0,0.0,0.0016
0.8968118695264138,0.15647798287141804,0.0,0.0,0.0,0.0016
0.8968118695264138,0.1686017632700044,0.0,0.0,0.0,0.0016
0.8968118695264138,0.18166488381380433,0.0,0.0,0.0,0.0016
0.8968118695264138,0.19574012377457947,0.0,0.0,0.0,0.0016
0.8968118695264138,0.21090590129987632,0.0,0.0,0.0,0.0016
0.8968118695264138,0.22724671030830257,0.0,0.0,0.0,0.0016
0.8968118695264138,0.24485359123507788,0.0,0.0,0.0,0.0016
0.8968118695264138,0.26382463825054625,0.0,0.0,0.0,0.0016
0.8968118695264138,0.28426554577754615,0.0,0.0,0.0,0.0016
0.8968118695264138,0.3062901973524789,0.0,0.0,0.0,0.0016
0.8968118695264138,0.3300213001108302,0.0,0.0,0.0,0.0016
0.8968118695264138,0.3555910684320866,0.0,0.0,0.0,0.0016
0.8968118695264138,0.3831419605528771,0.0,0.0,0.0,0.0016
0.8968118695264138,0.41282747225227034,0.0,0.0,0.0,0.0016
0.8968118695264138,0.4448129920311316,0.0,0.0,0.0,0.0016
0.8968118695264138,0.47927672255004444,0.0,0.0,0.0,0.0016
0.8968118695264138,0.516410673459456,0.0,0.0,0.0,0.0016
0.8968118695264138,0.5564217311534528,0.0,0.0,0.0,0.0016
0.8968118695264138,0.5995328114071461,0.0,0.0,0.0,0.0016
0.8968118695264138,0.6459841013194154,0.0,0.0,0.0,0.0016
0.8968118695264138,0.696034397480316,0.0,0.0,0.0,0.0016
0.8968118695264138,0.7499625478185521,0.0,0.0,0.0,0.0016
0.8968118695264138,0.8080690051620618,0.0,0.0,0.0,0.0016
0.8968118695264138,0.8706775011671474,0.0,0.0,0.0,0.0016
0.8968118695264138,0.9381368499422049,0.0,0.0,0.0,0.0016
0.8968118695264138,1.0108228914146788,0.0,0.0,0.0,0.0016
0.8968118695264138,1.0891405852684266,0.0,0.0,0.0,0.0016
0.8968118695264138,1.173526267117564,0.0,0.0,0.0,0.0016
0.8968118695264138,1.264450079486729,0.0,0.0,0.0,0.0016
0.8968118695264138,1.3624185911416191,0.0,0.0,0.0,0.0016
0.8968118695264138,1.467977619363024,0.0,0.0,0.0,0.0016
0.8968118695264138,1.581715270888233,0.0,0.0,0.0,0.0016
0.8968118695264138,1.7042652184619906,0.0,0.0,0.0,0.0016
0.8968118695264138,1.836310231251813,0.008,0.007582204415536374,0.00041779558446362625,0.0016
0.8968118695264138,1.9785859787968756,0.032,0.032054549930966576,5.454993096657562e-05,0.0016
0.8968118695264138,2.1318851296835977,0.057600000000000005,0.057147758413160686,0.00045224158683931925,0.0016
0.8968118695264138,2.297061767783123,0.08320000000000001,0.08284605708606743,0.0003539429139325784,0.0016
0.8968118695264138,2.475036150655092,0.10880000000000001,0.10913264887272454,0.00033264887272453636,0.0016
0.8968118695264138,2.6667998366284884,0.136,0.1359898591339137,1.01408660863056e-05,0.0016
0.8968118695264138,2.8734212091243085,0.1632,0.1633992827981917,0.0001992827981916745,0.0016
0.8968118695264138,3.0960514289980536,0.192,0.1913419296413508,0.0006580703586492043,0.0016
0.8968118695264138,3.3359308480646077,0.2192,0.2197983657010889,0.0005983657010888987,0.0016
0.8968118695264138,3.5943959195375657,0.248,0.24874884907294206,0.0007488490729420649,0.0016
0.8968118695264138,3.8728866438834793,0.27840000000000004,0.27817345861362736,0.00022654138637268062,0.0016
0.8968118695264138,4.172954591574528,0.3088,0.3080522143660107,0.0007477856339893063,0.0016
0.8968118695264138,4.496271547437228,0.3376,0.3383651888053209,0.0007651888053208933,0.0016
0.8968118695264138,4.844638824757865,0.36960000000000004,0.3690926082799785,0.0005073917200215661,0.0016
0.8968118695264138,5.219997301036887,0.4,0.4002149442753432,0.00021494427534318739,0.0016
0.8968118695264138,5.62443823130494,0.432,0.43171299435941446,0.0002870056405855359,0.0016
0.8968118695264138,6.060214899245428,0.464,0.4635679528725451,0.00043204712745492646,0.0016
0.8968118695264138,6.529755171036042,0.496,0.495761471596587,0.0002385284034129853,0.0016
0.8968118695264138,7.035675021851269,0.528,0.5282757107821253,0.00027571078212529354,0.0016
0.8968118695264138,7.58079311038668,0.5616,0.5610933810262104,0.0005066189737895632,0.0016
0.8968118695264138,8.168146482604984,0.5936,0.5941977765789322,0.0005977765789322298,0.0016
0.8968118695264138,8.801007492194831,0.6272,0.6275728007175078,0.0003728007175077819,0.0016
0.8968118695264138,9.482902032012383,0.6608,0.6612029838640757,0.0004029838640756678,0.0016
0.8968118695264138,10.217629178079317,0.6944,0.6950734951409941,0.0006734951409941292,0.0016
0.8968118695264138,11.009282355581066,0.7296,0.7291701480582462,0.0004298519417538227,0.0016
0.8968118695264138,11.862272144788507,0.7632,0.7634794010144844,0.0002794010144844261,0.0016
0.8968118695264138,12.781350853962953,0.7984,0.7979883532691633,0.0004116467308367122,0.0016
0.8968118695264138,13.77163899614884,0.8320000000000001,0.8326847370106973,0.0006847370106972672,0.0016
0.8968118695264138,14.838653817365689,0.8672000000000001,0.8675569061069572,0.0003569061069571555,0.0016
0.8968118695264138,15.988340035139956,0.9024000000000001,0.9025938220817155,0.00019382208171536686,0.0016
0.8968118695264138,17.227102958632177,0.9376000000000001,0.9377850378156074,0.00018503781560730292,0.0016
0.8968118695264138,18.56184417488314,0.9728,0.9731206794241943,0.0003206794241943367,0.0016
0.8968118695264138,20.000000000000004,1.008,1.0085914267200073,0.0005914267200073375,0.0016
0.9606210385562979,0.1,0.0,0.0,0.0,0.0016
0.9606210385562979,0.1077479145475366,0.0,0.0,0.0,0.0016
0.9606210385562979,0.11609613089343249,0.0,0.0,0.0,0.0016
0.9606210385562979,0.12509115990805186,0.0,0.0,0.0,0.0016
0.9606210385562979,0.1347831160842501,0.0,0.0,0.0,0.0016
0.9606210385562979,0.14522599674296482,0.0,0.0,0.0,0.0016
0.9606210385562979,0.15647798287141804,0.0,0.0,0.0,0.0016
0.9606210385562979,0.1686017632700044,0.0,0.0,0.0,0.0016
0.9606210385562979,0.18166488381380433,0.0,0.0,0.0,0.0016
0.9606210385562979,0.19574012377457947,0.0,0.0,0.0,0.0016
0.9606210385562979,0.21090590129987632,0.0,0.0,0.0,0.0016
0.9606210385562979,0.22724671030830257,0.0,0.0,0.0,0.0016
0.9606210385562979,0.24485359123507788,0.0,0.0,0.0,0.0016
0.9606210385562979,0.26382463825054625,0.0,0.0,0.0,0.0016
0.9606210385562979,0.28426554577754615,0.0,0.0,0.0,0.0016
0.9606210385562979,0.3062901973524789,0.0,0.0,0.0,0.0016
0.9606210385562979,0.3300213001108302,0.0,0.0,0.0,0.0016
0.9606210385562979,0.3555910684320866,0.0,0.0,0.0,0.0016
0.9606210385562979,0.3831419605528771,0.0,0.0,0.0,0.0016
0.9606210385562979,0.41282747225227034,0.0,0.0,0.0,0.0016
0.9606210385562979,0.4448129920311316,0.0,0.0,0.0,0.0016
0.9606210385562979,0.47927672255004444,0.0,0.0,0.0,0.0016
0.9606210385562979,0.516410673459456,0.0,0.0,0.0,0.0016
0.9606210385562979,0.5564217311534528,0.0,0.0,0.0,0.0016
0.9606210385562979,0.5995328114071461,0.0,0.0,0.0,0.0016
0.9606210385562979,0.6459841013194154,0.0,0.0,0.0,0.0016
0.9606210385562979,0.696034397480316,0.0,0.0,0.0,0.0016
0.9606210385562979,0.7499625478185521,0.0,0.0,0.0,0.0016
0.9606210385562979,0.8080690051620618,0.0,0.0,0.0,0.0016
0.9606210385562979,0.8706775011671474,0.0,0.0,0.0,0.0016
0.9606210385562979,0.9381368499422049,0.0,0.0,0.0,0.0016
0.9606210385562979,1.0108228914146788,0.0,0.0,0.0,0.0016
0.9606210385562979,1.0891405852684266,0.0,0.0,0.0,0.0016
0.9606210385562979,1.173526267117564,0.0,0.0,0.0,0.0016
0.9606210385562979,1.264450079486729,0.0,0.0,0.0,0.0016
0.9606210385562979,1.3624185911416191,0.0,0.0,0.0,0.0016
0.9606210385562979,1.467977619363024,0.0,0.0,0.0,0.0016
0.9606210385562979,1.581715270888233,0.0,0.0,0.0,0.0016
0.9606210385562979,1.7042652184619906,0.0,0.0,0.0,0.0016
0.9606210385562979,1.836310231251813,0.0,0.0,0.0,0.0016
0.9606210385562979,1.9785859787968756,0.009600000000000001,0.009719894717333541,0.00011989471733354039,0.0016
0.9606210385562979,2.1318851296835977,0.0352,0.03481310319952767,0.00038689680047233194,0.0016
0.9606210385562979,2.297061767783123,0.0608,0.060511401872434416,0.0002885981275655841,0.0016
0.9606210385562979,2.475036150655092,0.0864,0.08679799365909154,0.0003979936590915306,0.0016
0.9606210385562979,2.6667998366284884,0.1136,0.11365520392028071,5.5203920280702534e-05,0.0016
0.9606210385562979,2.8734212091243085,0.1408,0.1410646275845586,0.0002646275845585855,0.0016
0.9606210385562979,3.0960514289980536,0.1696,0.16900727442771774,0.0005927255722822655,0.0016
0.9606210385562979,3.3359308480646077,0.1968,0.1974637104874558,0.0006637104874558097,0.0016
0.9606210385562979,3.5943959195375657,0.2272,0.226414193859309,0.0007858061406910144,0.0016
0.9606210385562979,3.8728866438834793,0.256,0.25583880339999426,0.00016119660000574187,0.0016
0.9606210385562979,4.172954591574528,0.2864,0.2857175591523777,0.000682440847622312,0.0016
0.9606210385562979,4.496271547437228,0.3168,0.31603053359168787,0.0007694664083121583,0.0016
0.9606210385562979,4.844638824757865,0.3472,0.3467579530663453,0.00044204693365468284,0.0016
0.9606210385562979,5.219997301036887,0.3776,0.3778802890617102,0.00028028906171018164,0.0016
0.9606210385562979,5.62443823130494,0.4096,0.40937833914578137,0.00022166085421865267,0.0016
0.9606210385562979,6.060214899245428,0.44160000000000005,0.441233297658912,0.0003667023410880432,0.0016
0.9606210385562979,6.529755171036042,0.4736,0.473426816382954,0.00017318361704604657,0.0016
0.9606210385562979,7.035675021851269,0.5056,0.5059410555684922,0.0003410555684921768,0.0016
0.9606210385562979,7.58079311038668,0.5392,0.5387587258125774,0.00044127418742256896,0.0016
0.9606210385562979,8.168146482604984,0.5712,0.5718631213652993,0.000663121365299224,0.0016
0.9606210385562979,8.801007492194831,0.6048,0.6052381455038748,0.00043814550387477613,0.0016
0.9606210385562979,9.482902032012383,0.6384000000000001,0.6388683286504426,0.000468328650442551,0.0016
0.9606210385562979,10.217629178079317,0.672,0.672738839927361,0.0007388399273610124,0.0016
0.9606210385562979,11.009282355581066,0.7072,0.7068354928446131,0.00036450715538693945,0.0016
0.9606210385562979,11.862272144788507,0.7408,0.7411447458008513,0.00034474580085130935,0.0016
0.9606210385562979,12.781350853962953,0.776,0.7756536980555303,0.00034630194446971796,0.0016
0.9606210385562979,13.77163899614884,0.8096,0.8103500817970644,0.0007500817970643725,0.0016
0.9606210385562979,14.838653817365689,0.8448,0.8452222508933243,0.0004222508933242608,0.0016
0.9606210385562979,15.988340035139956,0.88,0.8802591668680824,0.0002591668680823611,0.0016
0.9606210385562979,17.227102958632177,0.9152,0.9154503826019743,0.0002503826019742972,0.0016
0.9606210385562979,18.56184417488314,0.9504,0.9507860242105614,0.00038602421056133096,0.0016
0.9606210385562979,20.000000000000004,0.9856,0.9862567715063744,0.0006567715063743318,0.0016
1.0289703014348897,0.1,0.0,0.0,0.0,0.0016
1.0289703014348897,0.1077479145475366,0.0,0.0,0.0,0.0016
1.0289703014348897,0.11609613089343249,0.0,0.0,0.0,0.0016
1.0289703014348897,0.12509115990805186,0.0,0.0,0.0,0.0016
1.0289703014348897,0.1347831160842501,0.0,0.0,0.0,0.0016
1.0289703014348897,0.14522599674296482,0.0,0.0,0.0,0.0016
1.0289703014348897,0.15647798287141804,0.0,0.0,0.0,0.0016
1.0289703014348897,0.1686017632700044,0.0,0.0,0.0,0.0016
1.0289703014348897,0.18166488381380433,0.0,0.0,0.0,0.0016
1.0289703014348897,0.19574012377457947,0.0,0.0,0.0,0.0016
1.0289703014348897,0.21090590129987632,0.0,0.0,0.0,0.0016
1.0289703014348897,0.22724671030830257,0.0,0.0,0.0,0.0016
1.0289703014348897,0.24485359123507788,0.0,0.0,0.0,0.0016
1.0289703014348897,0.26382463825054625,0.0,0.0,0.0,0.0016
1.0289703014348897,0.28426554577754615,0.0,0.0,0.0,0.0016
1.0289703014348897,0.3062901973524789,0.0,0.0,0.0,0.0016
1.0289703014348897,0.3300213001108302,0.0,0.0,0.0,0.0016
1.0289703014348897,0.3555910684320866,0.0,0.0,0.0,0.0016
1.0289703014348897,0.3831419605528771,0.0,0.0,0.0,0.0016
1.0289703014348897,0.41282747225227034,0.0,0.0,0.0,0.0016
1.0289703014348897,0.4448129920311316,0.0,0.0,0.0,0.0016
1.0289703014348897,0.47927672255004444,0.0,0.0,0.0,0.0016
1.0289703014348897,0.516410673459456,0.0,0.0,0.0,0.0016
1.0289703014348897,0.5564217311534528,0.0,0.0,0.0,0.0016
1.0289703014348897,0.5995328114071461,0.0,0.0,0.0,0.0016
1.0289703014348897,0.6459841013194154,0.0,0.0,0.0,0.0016
1.0289703014348897,0.696034397480316,0.0,0.0,0.0,0.0016
1.0289703014348897,0.7499625478185521,0.0,0.0,0.0,0.0016
1.0289703014348897,0.8080690051620618,0.0,0.0,0.0,0.0016
1.0289703014348897,0.8706775011671474,0.0,0.0,0.0,0.0016
1.0289703014348897,0.9381368499422049,0.0,0.0,0.0,0.0016
1.0289703014348897,1.0108228914146788,0.0,0.0,0.0,0.0016
1.0289703014348897,1.0891405852684266,0.0,0.0,0.0,0.0016
1.0289703014348897,1.173526267117564,0.0,0.0,0.0,0.0016
1.0289703014348897,1.264450079486729,0.0,0.0,0.0,0.0016
1.0289703014348897,1.3624185911416191,0.0,0.0,0.0,0.0016
1.0289703014348897,1.467977619363024,0.0,0.0,0.0,0.0016
1.0289703014348897,1.581715270888233,0.0,0.0,0.0,0.0016
1.0289703014348897,1.7042652184619906,0.0,0.0,0.0,0.0016
1.0289703014348897,1.836310231251813,0.0,0.0,0.0,0.0016
1.0289703014348897,1.9785859787968756,0.0,0.0,0.0,0.0016
1.0289703014348897,2.1318851296835977,0.0112,0.011946708656740166,0.0007467086567401662,0.0016
1.0289703014348897,2.297061767783123,0.038400000000000004,0.037645007329646846,0.0007549926703531579,0.0016
1.0289703014348897,2.475036150655092,0.064,0.06393159911630393,6.840088369607089e-05,0.0016
1.0289703014348897,2.6667998366284884,0.0912,0.09078880937749316,0.00041119062250684346,0.0016
1.0289703014348897,2.8734212091243085,0.1184,0.11819823304177109,0.00020176695822891888,0.0016
1.0289703014348897,3.0960514289980536,0.1456,0.1461408798849302,0.0005408798849302066,0.0016
1.0289703014348897,3.3359308480646077,0.1744,0.17459731594466832,0.00019731594466831925,0.0016
1.0289703014348897,3.5943959195375657,0.20320000000000002,0.2035477993165215,0.00034779931652148544,0.0016
1.0289703014348897,3.8728866438834793,0.2336,0.23297240885720671,0.0006275911427932879,0.0016
1.0289703014348897,4.172954591574528,0.2624,0.2628511646095901,0.0004511646095901045,0.0016
1.0289703014348897,4.496271547437228,0.2928,0.29316413904890026,0.0003641390489002583,0.0016
1.0289703014348897,4.844638824757865,0.32320000000000004,0.32389155852355783,0.0006915585235577892,0.0016
1.0289703014348897,5.219997301036887,0.3552,0.3550138945189226,0.0001861054810773921,0.0016
1.0289703014348897,5.62443823130494,0.38720000000000004,0.3865119446029938,0.0006880553970062264,0.0016
1.0289703014348897,6.060214899245428,0.4176,0.4183669031161245,0.0007669031161244844,0.0016
1.0289703014348897,6.529755171036042,0.45120000000000005,0.45056042184016637,0.0006395781598336758,0.0016
1.0289703014348897,7.035675021851269,0.4832,0.4830746610257047,0.00012533897429534147,0.0016
1.0289703014348897,7.58079311038668,0.5152,0.5158923312697898,0.0006923312697898476,0.0016
1.0289703014348897,8.168146482604984,0.5488000000000001,0.5489967268225117,0.0001967268225115948,0.0016
1.0289703014348897,8.801007492194831,0.5824,0.5823717509610872,2.824903891285313e-05,0.0016
1.0289703014348897,9.482902032012383,0.616,0.616001934107655,1.9341076550327685e-06,0.0016
1.0289703014348897,10.217629178079317,0.6496000000000001,0.6498724453845734,0.0002724453845733832,0.0016
1.0289703014348897,11.009282355581066,0.6832,0.6839690983018256,0.0007690983018255881,0.0016
1.0289703014348897,11.862272144788507,0.7184,0.7182783512580638,0.00012164874193620889,0.0016
1.0289703014348897,12.781350853962953,0.752,0.7527873035127427,0.0007873035127426986,0.0016
1.0289703014348897,13.77163899614884,0.7872,0.7874836872542768,0.00028368725427674324,0.0016
1.0289703014348897,14.838653817365689,0.8224,0.8223558563505367,4.414364946336846e-05,0.0016
1.0289703014348897,15.988340035139956,0.8576,0.8573927723252948,0.00020722767470526815,0.0016
1.0289703014348897,17.227102958632177,0.8928,0.8925839880591868,0.00021601194081322106,0.0016
1.0289703014348897,18.56184417488314,0.928,0.9279196296677737,8.03703322262983e-05,0.0016
1.0289703014348897,20.000000000000004,0.9632000000000001,0.9633903769635868,0.00019037696358670253,0.0016
1.1021826909248527,0.1,0.0,0.0,0.0,0.0016
1.1021826909248527,0.1077479145475366,0.0,0.0,0.0,0.0016
1.1021826909248527,0.11609613089343249,0.0,0.0,0.0,0.0016
1.1021826909248527,0.12509115990805186,0.0,0.0,0.0,0.0016
1.1021826909248527,0.1347831160842501,0.0,0.0,0.0,0.0016
1.1021826909248527,0.14522599674296482,0.0,0.0,0.0,0.0016
1.1021826909248527,0.15647798287141804,0.0,0.0,0.0,0.0016
1.1021826909248527,0.1686017632700044,0.0,0.0,0.0,0.0016
1.1021826909248527,0.18166488381380433,0.0,0.0,0.0,0.0016
1.1021826909248527,0.19574012377457947,0.0,0.0,0.0,0.0016
1.1021826909248527,0.21090590129987632,0.0,0.0,0.0,0.0016
1.1021826909248527,0.22724671030830257,0.0,0.0,0.0,0.0016
1.1021826909248527,0.24485359123507788,0.0,0.0,0.0,0.0016
1.1021826909248527,0.26382463825054625,0.0,0.0,0.0,0.0016
1.1021826909248527,0.28426554577754615,0.0,0.0,0.0,0.0016
1.1021826909248527,0.3062901973524789,0.0,0.0,0.0,0.0016
1.1021826909248527,0.3300213001108302,0.0,0.0,0.0,0.0016
1.1021826909248527,0.3555910684320866,0.0,0.0,0.0,0.0016
1.1021826909248527,0.3831419605528771,0.0,0.0,0.0,0.0016
1.1021826909248527,0.41282747225227034,0.0,0.0,0.0,0.0016
1.1021826909248527,0.4448129920311316,0.0,0.0,0.0,0.0016
1.1021826909248527,0.47927672255004444,0.0,0.0,0.0,0.0016
1.1021826909248527,0.516410673459456,0.0,0.0,0.0,0.0016
1.1021826909248527,0.5564217311534528,0.0,0.0,0.0,0.0016
1.1021826909248527,0.5995328114071461,0.0,0.0,0.0,0.0016
1.1021826909248527,0.6459841013194154,0.0,0.0,0.0,0.0016
1.1021826909248527,0.696034397480316,0.0,0.0,0.0,0.0016
1.1021826909248527,0.7499625478185521,0.0,0.0,0.0,0.0016
1.1021826909248527,0.8080690051620618,0.0,0.0,0.0,0.0016
1.1021826909248527,0.8706775011671474,0.0,0.0,0.0,0.0016
1.1021826909248527,0.9381368499422049,0.0,0.0,0.0,0.0016
1.1021826909248527,1.0108228914146788,0.0,0.0,0.0,0.0016
1.1021826909248527,1.0891405852684266,0.0,0.0,0.0,0.0016
1.1021826909248527,1.173526267117564,0.0,0.0,0.0,0.0016
1.1021826909248527,1.264450079486729,0.0,0.0,0.0,0.0016
1.1021826909248527,1.3624185911416191,0.0,0.0,0.0,0.0016
1.1021826909248527,1.467977619363024,0.0,0.0,0.0,0.0016
1.1021826909248527,1.581715270888233,0.0,0.0,0.0,0.0016
1.1021826909248527,1.7042652184619906,0.0,0.0,0.0,0.0016
1.1021826909248527,1.836310231251813,0.0,0.0,0.0,0.0016
1.1021826909248527,1.9785859787968756,0.0,0.0,0.0,0.0016
1.1021826909248527,2.1318851296835977,0.0,0.0,0.0,0.0016
1.1021826909248527,2.297061767783123,0.014400000000000001,0.014258818236240233,0.00014118176375976788,0.0016
1.1021826909248527,2.475036150655092,0.04,0.04054541002289739,0.0005454100228973885,0.0016
1.1021826909248527,2.6667998366284884,0.06720000000000001,0.0674026202840865,0.00020262028408649102,0.0016
1.1021826909248527,2.8734212091243085,0.0944,0.09481204394836447,0.0004120439483644711,0.0016
1.1021826909248527,3.0960514289980536,0.1232,0.12275469079152355,0.0004453092084764493,0.0016
1.1021826909248527,3.3359308480646077,0.152,0.15121112685126173,0.0007888731487382672,0.0016
1.1021826909248527,3.5943959195375657,0.18080000000000002,0.18016161022311492,0.000638389776885101,0.0016
1.1021826909248527,3.8728866438834793,0.2096,0.20958621976380015,1.3780236199856244e-05,0.0016
1.1021826909248527,4.172954591574528,0.24000000000000002,0.2394649755161835,0.0005350244838165097,0.0016
1.1021826909248527,4.496271547437228,0.27040000000000003,0.26977794995549376,0.0006220500445062727,0.0016
1.1021826909248527,4.844638824757865,0.3008,0.3005053694301512,0.0002946305698487972,0.0016
1.1021826909248527,5.219997301036887,0.3312,0.331627705425516,0.00042770542551601176,0.0016
1.1021826909248527,5.62443823130494,0.3632,0.36312575550958726,7.424449041276704e-05,0.0016
1.1021826909248527,6.060214899245428,0.3952,0.39498071402271795,0.00021928597728204657,0.0016
1.1021826909248527,6.529755171036042,0.4272,0.4271742327467598,2.5767253240216448e-05,0.0016
1.1021826909248527,7.035675021851269,0.4592,0.4596884719322981,0.0004884719322981179,0.0016
1.1021826909248527,7.58079311038668,0.4928,0.4925061421763833,0.00029385782361673884,0.0016
1.1021826909248527,8.168146482604984,0.5264,0.5256105377291052,0.0007894622708948251,0.0016
1.1021826909248527,8.801007492194831,0.5584,0.5589855618676807,0.0005855618676806618,0.0016
1.1021826909248527,9.482902032012383,0.5920000000000001,0.5926157450142485,0.0006157450142484366,0.0016
1.1021826909248527,10.217629178079317,0.6272,0.6264862562911668,0.0007137437088331477,0.0016
1.1021826909248527,11.009282355581066,0.6608,0.660582909208419,0.00021709079158105382,0.0016
1.1021826909248527,11.862272144788507,0.6944,0.6948921621646572,0.000492162164657195,0.0016
1.1021826909248527,12.781350853962953,0.7296,0.7294011144193361,0.00019888558066394335,0.0016
1.1021826909248527,13.77163899614884,0.7648,0.7640974981608701,0.0007025018391298987,0.0016
1.1021826909248527,14.838653817365689,0.7984,0.79896966725713,0.0005696672571300354,0.0016
1.1021826909248527,15.988340035139956,0.8336,0.8340065832318881,0.0004065832318881357,0.0016
1.1021826909248527,17.227102958632177,0.8688,0.8691977989657802,0.0003977989657801828,0.0016
1.1021826909248527,18.56184417488314,0.904,0.9045334405743671,0.0005334405743671056,0.0016
1.1021826909248527,20.000000000000004,0.9408000000000001,0.9400041878701801,0.0007958121298199394,0.0016
1.1806042239317434,0.1,0.0,0.0,0.0,0.0016
1.1806042239317434,0.1077479145475366,0.0,0.0,0.0,0.0016
1.1806042239317434,0.11609613089343249,0.0,0.0,0.0,0.0016
1.1806042239317434,0.12509115990805186,0.0,0.0,0.0,0.0016
1.1806042239317434,0.1347831160842501,0.0,0.0,0.0,0.0016
1.1806042239317434,0.14522599674296482,0.0,0.0,0.0,0.0016
1.1806042239317434,0.15647798287141804,0.0,0.0,0.0,0.0016
1.1806042239317434,0.1686017632700044,0.0,0.0,0.0,0.0016
1.1806042239317434,0.18166488381380433,0.0,0.0,0.0,0.0016
1.1806042239317434,0.19574012377457947,0.0,0.0,0.0,0.0016
1.1806042239317434,0.21090590129987632,0.0,0.0,0.0,0.0016
1.1806042239317434,0.22724671030830257,0.0,0.0,0.0,0.0016
1.1806042239317434,0.24485359123507788,0.0,0.0,0.0,0.0016
1.1806042239317434,0.26382463825054625,0.0,0.0,0.0,0.0016
1.1806042239317434,0.28426554577754615,0.0,0.0,0.0,0.0016
1.1806042239317434,0.3062901973524789,0.0,0.0,0.0,0.0016
1.1806042239317434,0.3300213001108302,0.0,0.0,0.0,0.0016
1.1806042239317434,0.3555910684320866,0.0,0.0,0.0,0.0016
1.1806042239317434,0.3831419605528771,0.0,0.0,0.0,0.0016
1.1806042239317434,0.41282747225227034,0.0,0.0,0.0,0.0016
1.1806042239317434,0.4448129920311316,0.0,0.0,0.0,0.0016
1.1806042239317434,0.47927672255004444,0.0,0.0,0.0,0.0016
1.1806042239317434,0.516410673459456,0.0,0.0,0.0,0.0016
1.1806042239317434,0.5564217311534528,0.0,0.0,0.0,0.0016
1.1806042239317434,0.5995328114071461,0.0,0.0,0.0,0.0016
1.1806042239317434,0.6459841013194154,0.0,0.0,0.0,0.0016
1.1806042239317434,0.696034397480316,0.0,0.0,0.0,0.0016
1.1806042239317434,0.7499625478185521,0.0,0.0,0.0,0.0016
1.1806042239317434,0.8080690051620618,0.0,0.0,0.0,0.0016
1.1806042239317434,0.8706775011671474,0.0,0.0,0.0,0.0016
1.1806042239317434,0.9381368499422049,0.0,0.0,0.0,0.0016
1.1806042239317434,1.0108228914146788,0.0,0.0,0.0,0.0016
1.1806042239317434,1.0891405852684266,0.0,0.0,0.0,0.0016
1.1806042239317434,1.173526267117564,0.0,0.0,0.0,0.0016
1.1806042239317434,1.264450079486729,0.0,0.0,0.0,0.0016
1.1806042239317434,1.3624185911416191,0.0,0.0,0.0,0.0016
1.1806042239317434,1.467977619363024,0.0,0.0,0.0,0.0016
1.1806042239317434,1.581715270888233,0.0,0.0,0.0,0.0016
1.1806042239317434,1.7042652184619906,0.0,0.0,0.0,0.0016
1.1806042239317434,1.836310231251813,0.0,0.0,0.0,0.0016
1.1806042239317434,1.9785859787968756,0.0,0.0,0.0,0.0016
1.1806042239317434,2.1318851296835977,0.0,0.0,0.0,0.0016
1.1806042239317434,2.297061767783123,0.0,0.0,0.0,0.0016
1.1806042239317434,2.475036150655092,0.016,0.01665215780631434,0.0006521578063143386,0.0016
1.1806042239317434,2.6667998366284884,0.0432,0.04350936806750346,0.0003093680675034585,0.0016
1.1806042239317434,2.8734212091243085,0.0704,0.07091879173178146,0.0005187917317814594,0.0016
1.1806042239317434,3.0960514289980536,0.09920000000000001,0.09886143857494052,0.0003385614250594887,0.0016
1.1806042239317434,3.3359308480646077,0.128,0.12731787463467867,0.0006821253653213344,0.0016
1.1806042239317434,3.5943959195375657,0.1568,0.15626835800653188,0.0005316419934681127,0.0016
1.1806042239317434,3.8728866438834793,0.18560000000000001,0.18569296754721706,9.296754721704881e-05,0.0016
1.1806042239317434,4.172954591574528,0.216,0.21557172329960048,0.00042827670039952137,0.0016
1.1806042239317434,4.496271547437228,0.2464,0.24588469773891064,0.0005153022610893676,0.0016
1.1806042239317434,4.844638824757865,0.2768,0.27661211721356815,0.00018788278643183665,0.0016
1.1806042239317434,5.219997301036887,0.30720000000000003,0.30773445320893295,0.0005344532089329168,0.0016
1.1806042239317434,5.62443823130494,0.3392,0.33923250329300425,3.2503293004249034e-05,0.0016
1.1806042239317434,6.060214899245428,0.37120000000000003,0.37108746180613483,0.00011253819386519703,0.0016
1.1806042239317434,6.529755171036042,0.4032,0.40328098053017675,8.098053017674411e-05,0.0016
1.1806042239317434,7.035675021851269,0.43520000000000003,0.43579521971571505,0.000595219715715023,0.0016
1.1806042239317434,7.58079311038668,0.46880000000000005,0.46861288995980016,0.0001871100401998893,0.0016
1.1806042239317434,8.168146482604984,0.5024000000000001,0.501717285512522,0.0006827144874780311,0.0016
1.1806042239317434,8.801007492194831,0.5344,0.5350923096510976,0.0006923096510975668,0.0016
1.1806042239317434,9.482902032012383,0.5680000000000001,0.5687224927976654,0.0007224927976653417,0.0016
1.1806042239317434,10.217629178079317,0.6032000000000001,0.6025930040745838,0.0006069959254162427,0.0016
1.1806042239317434,11.009282355581066,0.6368,0.636689656991836,0.00011034300816403775,0.0016
1.1806042239317434,11.862272144788507,0.6704,0.6709989099480742,0.000598909948074211,0.0016
1.1806042239317434,12.781350853962953,0.7056,0.7055078622027531,9.213779724692728e-05,0.0016
1.1806042239317434,13.77163899614884,0.7408,0.7402042459442871,0.0005957540557128826,0.0016
1.1806042239317434,14.838653817365689,0.7744000000000001,0.7750764150405469,0.0006764150405468294,0.0016
1.1806042239317434,15.988340035139956,0.8096,0.8101133310153052,0.0005133310153052628,0.0016
1.1806042239317434,17.227102958632177,0.8448,0.8453045467491971,0.0005045467491970879,0.0016
1.1806042239317434,18.56184417488314,0.88,0.8806401883577842,0.0006401883577842327,0.0016
1.1806042239317434,20.000000000000004,0.9168000000000001,0.9161109356535971,0.0006890643464029234,0.0016
1.2646055368515179,0.1,0.0,0.0,0.0,0.0016
1.2646055368515179,0.1077479145475366,0.0,0.0,0.0,0.0016
1.2646055368515179,0.11609613089343249,0.0,0.0,0.0,0.0016
1.2646055368515179,0.12509115990805186,0.0,0.0,0.0,0.0016
1.2646055368515179,0.1347831160842501,0.0,0.0,0.0,0.0016
1.2646055368515179,0.14522599674296482,0.0,0.0,0.0,0.0016
1.2646055368515179,0.15647798287141804,0.0,0.0,0.0,0.0016
1.2646055368515179,0.1686017632700044,0.0,0.0,0.0,0.0016
1.2646055368515179,0.18166488381380433,0.0,0.0,0.0,0.0016
1.2646055368515179,0.19574012377457947,0.0,0.0,0.0,0.0016
1.2646055368515179,0.21090590129987632,0.0,0.0,0.0,0.0016
1.2646055368515179,0.22724671030830257,0.0,0.0,0.0,0.0016
1.2646055368515179,0.24485359123507788,0.0,0.0,0.0,0.0016
1.2646055368515179,0.26382463825054625,0.0,0.0,0.0,0.0016
1.2646055368515179,0.28426554577754615,0.0,0.0,0.0,0.0016
1.2646055368515179,0.3062901973524789,0.0,0.0,0.0,0.0016
1.2646055368515179,0.3300213001108302,0.0,0.0,0.0,0.0016
1.2646055368515179,0.3555910684320866,0.0,0.0,0.0,0.0016
1.2646055368515179,0.3831419605528771,0.0,0.0,0.0,0.0016
1.2646055368515179,0.41282747225227034,0.0,0.0,0.0,0.0016
1.2646055368515179,0.4448129920311316,0.0,0.0,0.0,0.0016
1.2646055368515179,0.47927672255004444,0.0,0.0,0.0,0.0016
1.2646055368515179,0.516410673459456,0.0,0.0,0.0,0.0016
1.2646055368515179,0.5564217311534528,0.0,0.0,0.0,0.0016
1.2646055368515179,0.5995328114071461,0.0,0.0,0.0,0.0016
1.2646055368515179,0.6459841013194154,0.0,0.0,0.0,0.0016
1.2646055368515179,0.696034397480316,0.0,0.0,0.0,0.0016
1.2646055368515179,0.7499625478185521,0.0,0.0,0.0,0.0016
1.2646055368515179,0.8080690051620618,0.0,0.0,0.0,0.0016
1.2646055368515179,0.8706775011671474,0.0,0.0,0.0,0.0016
1.2646055368515179,0.9381368499422049,0.0,0.0,0.0,0.0016
1.2646055368515179,1.0108228914146788,0.0,0.0,0.0,0.0016
1.2646055368515179,1.0891405852684266,0.0,0.0,0.0,0.0016
1.2646055368515179,1.173526267117564,0.0,0.0,0.0,0.0016
1.2646055368515179,1.264450079486729,0.0,0.0,0.0,0.0016
1.2646055368515179,1.3624185911416191,0.0,0.0,0.0,0.0016
1.2646055368515179,1.467977619363024,0.0,0.0,0.0,0.0016
1.2646055368515179,1.581715270888233,0.0,0.0,0.0,0.0016
1.2646055368515179,1.7042652184619906,0.0,0.0,0.0,0.0016
1.2646055368515179,1.836310231251813,0.0,0.0,0.0,0.0016
1.2646055368515179,1.9785859787968756,0.0,0.0,0.0,0.0016
1.2646055368515179,2.1318851296835977,0.0,0.0,0.0,0.0016
1.2646055368515179,2.297061767783123,0.0,0.0,0.0,0.0016
1.2646055368515179,2.475036150655092,0.0,0.0,0.0,0.0016
1.2646055368515179,2.6667998366284884,0.019200000000000002,0.019122474226444166,7.752577355583587e-05,0.0016
1.2646055368515179,2.8734212091243085,0.046400000000000004,0.04653189789072202,0.00013189789072201585,0.0016
1.2646055368515179,3.0960514289980536,0.0752,0.07447454473388114,0.0007254552661188629,0.0016
1.2646055368515179,3.3359308480646077,0.1024,0.10293098079361926,0.000530980793619254,0.0016
1.2646055368515179,3.5943959195375657,0.1312,0.13188146416547245,0.000681464165472434,0.0016
1.2646055368515179,3.8728866438834793,0.16160000000000002,0.16130607370615768,0.00029392629384233926,0.0016
1.2646055368515179,4.172954591574528,0.1904,0.19118482945854112,0.0007848294585411086,0.0016
1.2646055368515179,4.496271547437228,0.22080000000000002,0.2214978038978513,0.0006978038978512624,0.0016
1.2646055368515179,4.844638824757865,0.2528,0.2522252233725088,0.0005747766274912247,0.0016
1.2646055368515179,5.219997301036887,0.2832,0.28334755936787354,0.00014755936787352875,0.0016
1.2646055368515179,5.62443823130494,0.31520000000000004,0.31484560945194484,0.00035439054805519454,0.0016
1.2646055368515179,6.060214899245428,0.3472,0.3467005679650755,0.0004994320349245296,0.0016
1.2646055368515179,6.529755171036042,0.37920000000000004,0.37889408668911734,0.00030591331088269946,0.0016
1.2646055368515179,7.035675021851269,0.4112,0.4114083258746557,0.0002083258746556904,0.0016
1.2646055368515179,7.58079311038668,0.44480000000000003,0.4442259961187408,0.0005740038812592219,0.0016
1.2646055368515179,8.168146482604984,0.4768,0.4773303916714627,0.0005303916714626822,0.0016
1.2646055368515179,8.801007492194831,0.5104000000000001,0.5107054158100381,0.0003054158100380677,0.0016
1.2646055368515179,9.482902032012383,0.544,0.5443355989566061,0.00033559895660606465,0.0016
1.2646055368515179,10.217629178079317,0.5776,0.5782061102335245,0.0006061102335245261,0.0016
1.2646055368515179,11.009282355581066,0.6128,0.6123027631507766,0.0004972368492234258,0.0016
1.2646055368515179,11.862272144788507,0.6464000000000001,0.6466120161070148,0.00021201610701471196,0.0016
1.2646055368515179,12.781350853962953,0.6816,0.6811209683616937,0.00047903163830631534,0.0016
1.2646055368515179,13.77163899614884,0.7152000000000001,0.7158173521032277,0.0006173521032276641,0.0016
1.2646055368515179,14.838653817365689,0.7504000000000001,0.7506895211994876,0.0002895211994875524,0.0016
1.2646055368515179,15.988340035139956,0.7856000000000001,0.7857264371742458,0.00012643717424576373,0.0016
1.2646055368515179,17.227102958632177,0.8208000000000001,0.8209176529081378,0.0001176529081376998,0.0016
1.2646055368515179,18.56184417488314,0.8560000000000001,0.8562532945167247,0.00025329451672462255,0.0016
1.2646055368515179,20.000000000000004,0.8912,0.8917240418125377,0.0005240418125377344,0.0016
1.3545836372748523,0.1,0.0,0.0,0.0,0.0016
1.3545836372748523,0.1077479145475366,0.0,0.0,0.0,0.0016
1.3545836372748523,0.11609613089343249,0.0,0.0,0.0,0.0016
1.3545836372748523,0.12509115990805186,0.0,0.0,0.0,0.0016
1.3545836372748523,0.1347831160842501,0.0,0.0,0.0,0.0016
1.3545836372748523,0.14522599674296482,0.0,0.0,0.0,0.0016
1.3545836372748523,0.15647798287141804,0.0,0.0,0.0,0.0016
1.3545836372748523,0.1686017632700044,0.0,0.0,0.0,0.0016
1.3545836372748523,0.18166488381380433,0.0,0.0,0.0,0.0016
1.3545836372748523,0.19574012377457947,0.0,0.0,0.0,0.0016
1.3545836372748523,0.21090590129987632,0.0,0.0,0.0,0.0016
1.3545836372748523,0.22724671030830257,0.0,0.0,0.0,0.0016
1.3545836372748523,0.24485359123507788,0.0,0.0,0.0,0.0016
1.3545836372748523,0.26382463825054625,0.0,0.0,0.0,0.0016
1.3545836372748523,0.28426554577754615,0.0,0.0,0.0,0.0016
1.3545836372748523,0.3062901973524789,0.0,0.0,0.0,0.0016
1.3545836372748523,0.3300213001108302,0.0,0.0,0.0,0.0016
1.3545836372748523,0.3555910684320866,0.0,0.0,0.0,0.0016
1.3545836372748523,0.3831419605528771,0.0,0.0,0.0,0.0016
1.3545836372748523,0.41282747225227034,0.0,0.0,0.0,0.0016
1.3545836372748523,0.4448129920311316,0.0,0.0,0.0,0.0016
1.3545836372748523,0.47927672255004444,0.0,0.0,0.0,0.0016
1.3545836372748523,0.516410673459456,0.0,0.0,0.0,0.0016
1.3545836372748523,0.5564217311534528,0.0,0.0,0.0,0.0016
1.3545836372748523,0.5995328114071461,0.0,0.0,0.0,0.0016
1.3545836372748523,0.6459841013194154,0.0,0.0,0.0,0.0016
1.3545836372748523,0.696034397480316,0.0,0.0,0.0,0.0016
1.3545836372748523,0.7499625478185521,0.0,0.0,0.0,0.0016
1.3545836372748523,0.8080690051620618,0.0,0.0,0.0,0.0016
1.3545836372748523,0.8706775011671474,0.0,0.0,0.0,0.0016
1.3545836372748523,0.9381368499422049,0.0,0.0,0.0,0.0016
1.3545836372748523,1.0108228914146788,0.0,0.0,0.0,0.0016
1.3545836372748523,1.0891405852684266,0.0,0.0,0.0,0.0016
1.3545836372748523,1.173526267117564,0.0,0.0,0.0,0.0016
1.3545836372748523,1.264450079486729,0.0,0.0,0.0,0.0016
1.3545836372748523,1.3624185911416191,0.0,0.0,0.0,0.0016
1.3545836372748523,1.467977619363024,0.0,0.0,0.0,0.0016
1.3545836372748523,1.581715270888233,0.0,0.0,0.0,0.0016
1.3545836372748523,1.7042652184619906,0.0,0.0,0.0,0.0016
1.3545836372748523,1.836310231251813,0.0,0.0,0.0,0.0016
1.3545836372748523,1.9785859787968756,0.0,0.0,0.0,0.0016
1.3545836372748523,2.1318851296835977,0.0,0.0,0.0,0.0016
1.3545836372748523,2.297061767783123,0.0,0.0,0.0,0.0016
1.3545836372748523,2.475036150655092,0.0,0.0,0.0,0.0016
1.3545836372748523,2.6667998366284884,0.0,0.0,0.0,0.0016
1.3545836372748523,2.8734212091243085,0.0224,0.021665376376677623,0.0007346236233223766,0.0016
1.3545836372748523,3.0960514289980536,0.049600000000000005,0.049608023219836685,8.023219836679474e-06,0.0016
1.3545836372748523,3.3359308480646077,0.0784,0.07806445927957478,0.00033554072042521477,0.0016
1.3545836372748523,3.5943959195375657,0.1072,0.10701494265142798,0.00018505734857202083,0.0016
1.3545836372748523,3.8728866438834793,0.136,0.13643955219211323,0.00043955219211322394,0.0016
1.3545836372748523,4.172954591574528,0.16640000000000002,0.1663183079444966,8.16920555034295e-05,0.0016
1.3545836372748523,4.496271547437228,0.1968,0.1966312823838068,0.00016871761619319248,0.0016
1.3545836372748523,4.844638824757865,0.2272,0.22735870185846432,0.00015870185846431073,0.0016
1.3545836372748523,5.219997301036887,0.2592,0.2584810378538291,0.0007189621461708984,0.0016
1.3545836372748523,5.62443823130494,0.2896,0.28997908793790034,0.00037908793790031314,0.0016
1.3545836372748523,6.060214899245428,0.3216,0.32183404645103103,0.0002340464510310336,0.0016
1.3545836372748523,6.529755171036042,0.3536,0.3540275651750729,0.00042756517507286373,0.0016
1.3545836372748523,7.035675021851269,0.38720000000000004,0.3865418043606112,0.0006581956393888477,0.0016
1.3545836372748523,7.58079311038668,0.4192,0.41935947460469636,0.00015947460469634134,0.0016
1.3545836372748523,8.168146482604984,0.45280000000000004,0.4524638701574182,0.00033612984258185596,0.0016
1.3545836372748523,8.801007492194831,0.4864,0.48583889429599375,0.0005611057040062484,0.0016
1.3545836372748523,9.482902032012383,0.52,0.5194690774425617,0.0005309225574383625,0.0016
1.3545836372748523,10.217629178079317,0.5536,0.55333958871948,0.00026041128052001206,0.0016
1.3545836372748523,11.009282355581066,0.5872,0.5874362416367321,0.00023624163673208187,0.0016
1.3545836372748523,11.862272144788507,0.6224000000000001,0.6217454945929703,0.0006545054070297152,0.0016
1.3545836372748523,12.781350853962953,0.656,0.6562544468476492,0.00025444684764919234,0.0016
1.3545836372748523,13.77163899614884,0.6912,0.6909508305891833,0.000249169410816763,0.0016
1.3545836372748523,14.838653817365689,0.7264,0.7258229996854432,0.0005770003145568747,0.0016
1.3545836372748523,15.988340035139956,0.7616,0.7608599156602013,0.0007400843397987744,0.0016
1.3545836372748523,17.227102958632177,0.7968000000000001,0.7960511313940933,0.0007488686059067273,0.0016
1.3545836372748523,18.56184417488314,0.8320000000000001,0.8313867730026803,0.0006132269973198046,0.0016
1.3545836372748523,20.000000000000004,0.8672000000000001,0.8668575202984933,0.00034247970150680374,0.0016
1.4509637803271864,0.1,0.0,0.0,0.0,0.0016
1.4509637803271864,0.1077479145475366,0.0,0.0,0.0,0.0016
1.4509637803271864,0.11609613089343249,0.0,0.0,0.0,0.0016
1.4509637803271864,0.12509115990805186,0.0,0.0,0.0,0.0016
1.4509637803271864,0.1347831160842501,0.0,0.0,0.0,0.0016
1.4509637803271864,0.14522599674296482,0.0,0.0,0.0,0.0016
1.4509637803271864,0.15647798287141804,0.0,0.0,0.0,0.0016
1.4509637803271864,0.1686017632700044,0.0,0.0,0.0,0.0016
1.4509637803271864,0.18166488381380433,0.0,0.0,0.0,0.0016
1.4509637803271864,0.19574012377457947,0.0,0.0,0.0,0.0016
1.4509637803271864,0.21090590129987632,0.0,0.0,0.0,0.0016
1.4509637803271864,0.22724671030830257,0.0,0.0,0.0,0.0016
1.4509637803271864,0.24485359123507788,0.0,0.0,0.0,0.0016
1.4509637803271864,0.26382463825054625,0.0,0.0,0.0,0.0016
1.4509637803271864,0.28426554577754615,0.0,0.0,0.0,0.0016
1.4509637803271864,0.3062901973524789,0.0,0.0,0.0,0.0016
1.4509637803271864,0.3300213001108302,0.0,0.0,0.0,0.0016
1.4509637803271864,0.3555910684320866,0.0,0.0,0.0,0.0016
1.4509637803271864,0.3831419605528771,0.0,0.0,0.0,0.0016
1.4509637803271864,0.41282747225227034,0.0,0.0,0.0,0.0016
1.4509637803271864,0.4448129920311316,0.0,0.0,0.0,0.0016
1.4509637803271864,0.47927672255004444,0.0,0.0,0.0,0.0016
1.4509637803271864,0.516410673459456,0.0,0.0,0.0,0.0016
1.4509637803271864,0.5564217311534528,0.0,0.0,0.0,0.0016
1.4509637803271864,0.5995328114071461,0.0,0.0,0.0,0.0016
1.4509637803271864,0.6459841013194154,0.0,0.0,0.0,0.0016
1.4509637803271864,0.696034397480316,0.0,0.0,0.0,0.0016
1.4509637803271864,0.7499625478185521,0.0,0.0,0.0,0.0016
1.4509637803271864,0.8080690051620618,0.0,0.0,0.0,0.0016
1.4509637803271864,0.8706775011671474,0.0,0.0,0.0,0.0016
1.4509637803271864,0.9381368499422049,0.0,0.0,0.0,0.0016
1.4509637803271864,1.0108228914146788,0.0,0.0,0.0,0.0016
1.4509637803271864,1.0891405852684266,0.0,0.0,0.0,0.0016
1.4509637803271864,1.173526267117564,0.0,0.0,0.0,0.0016
1.4509637803271864,1.264450079486729,0.0,0.0,0.0,0.0016
1.4509637803271864,1.3624185911416191,0.0,0.0,0.0,0.0016
1.4509637803271864,1.467977619363024,0.0,0.0,0.0,0.0016
1.4509637803271864,1.581715270888233,0.0,0.0,0.0,0.0016
1.4509637803271864,1.7042652184619906,0.0,0.0,0.0,0.0016
1.4509637803271864,1.836310231251813,0.0,0.0,0.0,0.0016
1.4509637803271864,1.9785859787968756,0.0,0.0,0.0,0.0016
1.4509637803271864,2.1318851296835977,0.0,0.0,0.0,0.0016
1.4509637803271864,2.297061767783123,0.0,0.0,0.0,0.0016
1.4509637803271864,2.475036150655092,0.0,0.0,0.0,0.0016
1.4509637803271864,2.6667998366284884,0.0,0.0,0.0,0.0016
1.4509637803271864,2.8734212091243085,0.0,0.0,0.0,0.0016
1.4509637803271864,3.0960514289980536,0.024,0.024276383104179265,0.000276383104179264,0.0016
1.4509637803271864,3.3359308480646077,0.0528,0.05273281916391744,6.718083608255737e-05,0.0016
1.4509637803271864,3.5943959195375657,0.0816,0.08168330253577061,8.330253577060187e-05,0.0016
1.4509637803271864,3.8728866438834793,0.11040000000000001,0.11110791207645586,0.0007079120764558466,0.0016
1.4509637803271864,4.172954591574528,0.1408,0.1409866678288392,0.0001866678288391932,0.0016
1.4509637803271864,4.496271547437228,0.17120000000000002,0.1712996422681494,9.964226814937471e-05,0.0016
1.4509637803271864,4.844638824757865,0.2016,0.20202706174280696,0.0004270617428069612,0.0016
1.4509637803271864,5.219997301036887,0.2336,0.23314939773817164,0.00045060226182835894,0.0016
1.4509637803271864,5.62443823130494,0.264,0.264647447822243,0.0006474478222429636,0.0016
1.4509637803271864,6.060214899245428,0.29600000000000004,0.2965024063353736,0.000502406335373573,0.0016
1.4509637803271864,6.529755171036042,0.328,0.3286959250594155,0.0006959250594154587,0.0016
1.4509637803271864,7.035675021851269,0.36160000000000003,0.3612101642449538,0.0003898357550462528,0.0016
1.4509637803271864,7.58079311038668,0.3936,0.394027834489039,0.0004278344890389918,0.0016
1.4509637803271864,8.168146482604984,0.4272,0.4271322300417607,6.776995823931653e-05,0.0016
1.4509637803271864,8.801007492194831,0.46080000000000004,0.4605072541803363,0.00029274581966376445,0.0016
1.4509637803271864,9.482902032012383,0.4944,0.49413743732690424,0.00026256267309576753,0.0016
1.4509637803271864,10.217629178079317,0.528,0.5280079486038226,7.94860382258289e-06,0.0016
1.4509637803271864,11.009282355581066,0.5616,0.5621046015210747,0.0005046015210746768,0.0016
1.4509637803271864,11.862272144788507,0.5968,0.5964138544773129,0.0003861455226871202,0.0016
1.4509637803271864,12.781350853962953,0.6304000000000001,0.6309228067319919,0.0005228067319917873,0.0016
1.4509637803271864,13.77163899614884,0.6656000000000001,0.6656191904735258,1.9190473525720897e-05,0.0016
1.4509637803271864,14.838653817365689,0.7008,0.7004913595697857,0.0003086404302142798,0.0016
1.4509637803271864,15.988340035139956,0.736,0.7355282755445439,0.00047172445545606845,0.0016
1.4509637803271864,17.227102958632177,0.7712,0.7707194912784359,0.0004805087215641324,0.0016
1.4509637803271864,18.56184417488314,0.8064,0.8060551328870229,0.0003448671129770986,0.0016
1.4509637803271864,20.000000000000004,0.8416,0.8415258801828359,7.411981716409777e-05,0.0016
1.5542014785124583,0.1,0.0,0.0,0.0,0.0016
1.5542014785124583,0.1077479145475366,0.0,0.0,0.0,0.0016
1.5542014785124583,0.11609613089343249,0.0,0.0,0.0,0.0016
1.5542014785124583,0.12509115990805186,0.0,0.0,0.0,0.0016
1.5542014785124583,0.1347831160842501,0.0,0.0,0.0,0.0016
1.5542014785124583,0.14522599674296482,0.0,0.0,0.0,0.0016
1.5542014785124583,0.15647798287141804,0.0,0.0,0.0,0.0016
1.5542014785124583,0.1686017632700044,0.0,0.0,0.0,0.0016
1.5542014785124583,0.18166488381380433,0.0,0.0,0.0,0.0016
1.5542014785124583,0.19574012377457947,0.0,0.0,0.0,0.0016
1.5542014785124583,0.21090590129987632,0.0,0.0,0.0,0.0016
1.5542014785124583,0.22724671030830257,0.0,0.0,0.0,0.0016
1.5542014785124583,0.24485359123507788,0.0,0.0,0.0,0.0016
1.5542014785124583,0.26382463825054625,0.0,0.0,0.0,0.0016
1.5542014785124583,0.28426554577754615,0.0,0.0,0.0,0.0016
1.5542014785124583,0.3062901973524789,0.0,0.0,0.0,0.0016
1.5542014785124583,0.3300213001108302,0.0,0.0,0.0,0.0016
1.5542014785124583,0.3555910684320866,0.0,0.0,0.0,0.0016
1.5542014785124583,0.3831419605528771,0.0,0.0,0.0,0.0016
1.5542014785124583,0.41282747225227034,0.0,0.0,0.0,0.0016
1.5542014785124583,0.4448129920311316,0.0,0.0,0.0,0.0016
1.5542014785124583,0.47927672255004444,0.0,0.0,0.0,0.0016
1.5542014785124583,0.516410673459456,0.0,0.0,0.0,0.0016
1.5542014785124583,0.5564217311534528,0.0,0.0,0.0,0.0016
1.5542014785124583,0.5995328114071461,0.0,0.0,0.0,0.0016
1.5542014785124583,0.6459841013194154,0.0,0.0,0.0,0.0016
1.5542014785124583,0.696034397480316,0.0,0.0,0.0,0.0016
1.5542014785124583,0.7499625478185521,0.0,0.0,0.0,0.0016
1.5542014785124583,0.8080690051620618,0.0,0.0,0.0,0.0016
1.5542014785124583,0.8706775011671474,0.0,0.0,0.0,0.0016
1.5542014785124583,0.9381368499422049,0.0,0.0,0.0,0.0016
1.5542014785124583,1.0108228914146788,0.0,0.0,0.0,0.0016
1.5542014785124583,1.0891405852684266,0.0,0.0,0.0,0.0016
1.5542014785124583,1.173526267117564,0.0,0.0,0.0,0.0016
1.5542014785124583,1.264450079486729,0.0,0.0,0.0,0.0016
1.5542014785124583,1.3624185911416191,0.0,0.0,0.0,0.0016
1.5542014785124583,1.467977619363024,0.0,0.0,0.0,0.0016
1.5542014785124583,1.581715270888233,0.0,0.0,0.0,0.0016
1.5542014785124583,1.7042652184619906,0.0,0.0,0.0,0.0016
1.5542014785124583,1.836310231251813,0.0,0.0,0.0,0.0016
1.5542014785124583,1.9785859787968756,0.0,0.0,0.0,0.0016
1.5542014785124583,2.1318851296835977,0.0,0.0,0.0,0.0016
1.5542014785124583,2.297061767783123,0.0,0.0,0.0,0.0016
1.5542014785124583,2.475036150655092,0.0,0.0,0.0,0.0016
1.5542014785124583,2.6667998366284884,0.0,0.0,0.0,0.0016
1.5542014785124583,2.8734212091243085,0.0,0.0,0.0,0.0016
1.5542014785124583,3.0960514289980536,0.0,0.0,0.0,0.0016
1.5542014785124583,3.3359308480646077,0.027200000000000002,0.02695096881267778,0.0002490311873222205,0.0016
1.5542014785124583,3.5943959195375657,0.056,0.05590145218453093,9.854781546907165e-05,0.0016
1.5542014785124583,3.8728866438834793,0.0848,0.08532606172521615,0.0005260617252161454,0.0016
1.5542014785124583,4.172954591574528,0.11520000000000001,0.11520481747759954,4.817477599533548e-06,0.0016
1.5542014785124583,4.496271547437228,0.1456,0.1455177919169097,8.220808309031269e-05,0.0016
1.5542014785124583,4.844638824757865,0.17600000000000002,0.1762452113915673,0.0002452113915672738,0.0016
1.5542014785124583,5.219997301036887,0.20800000000000002,0.207367547386932,0.0006324526130680186,0.0016
1.5542014785124583,5.62443823130494,0.2384,0.23886559747100328,0.0004655974710032762,0.0016
1.5542014785124583,6.060214899245428,0.27040000000000003,0.2707205559841339,0.00032055598413388564,0.0016
1.5542014785124583,6.529755171036042,0.3024,0.3029140747081759,0.0005140747081758823,0.0016
1.5542014785124583,7.035675021851269,0.336,0.33542831389371414,0.0005716861062858847,0.0016
1.5542014785124583,7.58079311038668,0.368,0.36824598413779924,0.0002459841377992489,0.0016
1.5542014785124583,8.168146482604984,0.4016,0.40135037969052106,0.0002496203094789484,0.0016
1.5542014785124583,8.801007492194831,0.43520000000000003,0.43472540382909663,0.00047459617090339634,0.0016
1.5542014785124583,9.482902032012383,0.46880000000000005,0.4683555869756645,0.00044441302433556595,0.0016
1.5542014785124583,10.217629178079317,0.5024000000000001,0.5022260982525829,0.00017390174741716002,0.0016
1.5542014785124583,11.009282355581066,0.536,0.536322751169835,0.0003227511698349339,0.0016
1.5542014785124583,11.862272144788507,0.5712,0.5706320041260732,0.0005679958739268631,0.0016
1.5542014785124583,12.781350853962953,0.6048,0.6051409563807522,0.0003409563807521554,0.0016
1.5542014785124583,13.77163899614884,0.64,0.6398373401222861,0.000162659877713911,0.0016
1.5542014785124583,14.838653817365689,0.6752,0.6747095092185461,0.0004904907814539117,0.0016
1.5542014785124583,15.988340035139956,0.7104,0.7097464251933042,0.0006535748066958114,0.0016
1.5542014785124583,17.227102958632177,0.7456,0.7449376409271962,0.0006623590728038753,0.0016
1.5542014785124583,18.56184417488314,0.7808,0.7802732825357832,0.0005267174642168415,0.0016
1.5542014785124583,20.000000000000004,0.8160000000000001,0.8157440298315962,0.0002559701684038407,0.0016
1.6647846545594798,0.1,0.0,0.0,0.0,0.0016
1.6647846545594798,0.1077479145475366,0.0,0.0,0.0,0.0016
1.6647846545594798,0.11609613089343249,0.0,0.0,0.0,0.0016
1.6647846545594798,0.12509115990805186,0.0,0.0,0.0,0.0016
1.6647846545594798,0.1347831160842501,0.0,0.0,0.0,0.0016
1.6647846545594798,0.14522599674296482,0.0,0.0,0.0,0.0016
1.6647846545594798,0.15647798287141804,0.0,0.0,0.0,0.0016
1.6647846545594798,0.1686017632700044,0.0,0.0,0.0,0.0016
1.6647846545594798,0.18166488381380433,0.0,0.0,0.0,0.0016
1.6647846545594798,0.19574012377457947,0.0,0.0,0.0,0.0016
1.6647846545594798,0.21090590129987632,0.0,0.0,0.0,0.0016
1.6647846545594798,0.22724671030830257,0.0,0.0,0.0,0.0016
1.6647846545594798,0.24485359123507788,0.0,0.0,0.0,0.0016
1.6647846545594798,0.26382463825054625,0.0,0.0,0.0,0.0016
1.6647846545594798,0.28426554577754615,0.0,0.0,0.0,0.0016
1.6647846545594798,0.3062901973524789,0.0,0.0,0.0,0.0016
1.6647846545594798,0.3300213001108302,0.0,0.0,0.0,0.0016
1.6647846545594798,0.3555910684320866,0.0,0.0,0.0,0.0016
1.6647846545594798,0.3831419605528771,0.0,0.0,0.0,0.0016
1.6647846545594798,0.41282747225227034,0.0,0.0,0.0,0.0016
1.6647846545594798,0.4448129920311316,0.0,0.0,0.0,0.0016
1.6647846545594798,0.47927672255004444,0.0,0.0,0.0,0.0016
1.6647846545594798,0.516410673459456,0.0,0.0,0.0,0.0016
1.6647846545594798,0.5564217311534528,0.0,0.0,0.0,0.0016
1.6647846545594798,0.5995328114071461,0.0,0.0,0.0,0.0016
1.6647846545594798,0.6459841013194154,0.0,0.0,0.0,0.0016
1.6647846545594798,0.696034397480316,0.0,0.0,0.0,0.0016
1.6647846545594798,0.7499625478185521,0.0,0.0,0.0,0.0016
1.6647846545594798,0.8080690051620618,0.0,0.0,0.0,0.0016
1.6647846545594798,0.8706775011671474,0.0,0.0,0.0,0.0016
1.6647846545594798,0.9381368499422049,0.0,0.0,0.0,0.0016
1.6647846545594798,1.0108228914146788,0.0,0.0,0.0,0.0016
1.6647846545594798,1.0891405852684266,0.0,0.0,0.0,0.0016
1.6647846545594798,1.173526267117564,0.0,0.0,0.0,0.0016
1.6647846545594798,1.264450079486729,0.0,0.0,0.0,0.0016
1.6647846545594798,1.3624185911416191,0.0,0.0,0.0,0.0016
1.6647846545594798,1.467977619363024,0.0,0.0,0.0,0.0016
1.6647846545594798,1.581715270888233,0.0,0.0,0.0,0.0016
1.6647846545594798,1.7042652184619906,0.0,0.0,0.0,0.0016
1.6647846545594798,1.836310231251813,0.0,0.0,0.0,0.0016
1.6647846545594798,1.9785859787968756,0.0,0.0,0.0,0.0016
1.6647846545594798,2.1318851296835977,0.0,0.0,0.0,0.0016
1.6647846545594798,2.297061767783123,0.0,0.0,0.0,0.0016
1.6647846545594798,2.475036150655092,0.0,0.0,0.0,0.0016
1.6647846545594798,2.6667998366284884,0.0,0.0,0.0,0.0016
1.6647846545594798,2.8734212091243085,0.0,0.0,0.0,0.0016
1.6647846545594798,3.0960514289980536,0.0,0.0,0.0,0.0016
1.6647846545594798,3.3359308480646077,0.0,0.0007341226672526143,0.0007341226672526143,0.0016
1.6647846545594798,3.5943959195375657,0.0304,0.029684606039105877,0.0007153939608941229,0.0016
1.6647846545594798,3.8728866438834793,0.0592,0.0591092155797911,9.078442020890587e-05,0.0016
1.6647846545594798,4.172954591574528,0.0896,0.08898797133217441,0.0006120286678255871,0.0016
1.6647846545594798,4.496271547437228,0.12000000000000001,0.11930094577148463,0.0006990542285153778,0.0016
1.6647846545594798,4.844638824757865,0.1504,0.1500283652461422,0.0003716347538578191,0.0016
1.6647846545594798,5.219997301036887,0.18080000000000002,0.18115070124150692,0.0003507012415069066,0.0016
1.6647846545594798,5.62443823130494,0.21280000000000002,0.21264875132557823,0.0001512486744217889,0.0016
1.6647846545594798,6.060214899245428,0.24480000000000002,0.24450370983870887,0.0002962901612911517,0.0016
1.6647846545594798,6.529755171036042,0.2768,0.27669722856275075,0.00010277143724923832,0.0016
1.6647846545594798,7.035675021851269,0.3088,0.30921146774828906,0.00041146774828904054,0.0016
1.6647846545594798,7.58079311038668,0.34240000000000004,0.3420291379923742,0.0003708620076258162,0.0016
1.6647846545594798,8.168146482604984,0.3744,0.375133533545096,0.0007335335450959768,0.0016
1.6647846545594798,8.801007492194831,0.40800000000000003,0.40850855768367156,0.0005085576836715289,0.0016
1.6647846545594798,9.482902032012383,0.44160000000000005,0.4421387408302394,0.0005387408302393593,0.0016
1.6647846545594798,10.217629178079317,0.4768,0.4760092521071578,0.0007907478928422251,0.0016
1.6647846545594798,11.009282355581066,0.5104000000000001,0.51010590502441,0.0002940949755900757,0.0016
1.6647846545594798,11.862272144788507,0.544,0.5444151579806482,0.0004151579806481731,0.0016
1.6647846545594798,12.781350853962953,0.5792,0.5789241102353271,0.0002758897646729652,0.0016
1.6647846545594798,13.77163899614884,0.6144000000000001,0.6136204939768611,0.0007795060231389206,0.0016
1.6647846545594798,14.838653817365689,0.648,0.648492663073121,0.0004926630731210135,0.0016
1.6647846545594798,15.988340035139956,0.6832,0.6835295790478791,0.00032957904787911385,0.0016
1.6647846545594798,17.227102958632177,0.7184,0.7187207947817712,0.00032079478177116094,0.0016
1.6647846545594798,18.56184417488314,0.7536,0.7540564363903582,0.0004564363903581947,0.0016
1.6647846545594798,20.000000000000004,0.7888000000000001,0.7895271836861711,0.0007271836861710845,0.0016
1.7832359474457358,0.1,0.0,0.0,0.0,0.0016
1.7832359474457358,0.1077479145475366,0.0,0.0,0.0,0.0016
1.7832359474457358,0.11609613089343249,0.0,0.0,0.0,0.0016
1.7832359474457358,0.12509115990805186,0.0,0.0,0.0,0.0016
1.7832359474457358,0.1347831160842501,0.0,0.0,0.0,0.0016
1.7832359474457358,0.14522599674296482,0.0,0.0,0.0,0.0016
1.7832359474457358,0.15647798287141804,0.0,0.0,0.0,0.0016
1.7832359474457358,0.1686017632700044,0.0,0.0,0.0,0.0016
1.7832359474457358,0.18166488381380433,0.0,0.0,0.0,0.0016
1.7832359474457358,0.19574012377457947,0.0,0.0,0.0,0.0016
1.7832359474457358,0.21090590129987632,0.0,0.0,0.0,0.0016
1.7832359474457358,0.22724671030830257,0.0,0.0,0.0,0.0016
1.7832359474457358,0.24485359123507788,0.0,0.0,0.0,0.0016
1.7832359474457358,0.26382463825054625,0.0,0.0,0.0,0.0016
1.7832359474457358,0.28426554577754615,0.0,0.0,0.0,0.0016
1.7832359474457358,0.3062901973524789,0.0,0.0,0.0,0.0016
1.7832359474457358,0.3300213001108302,0.0,0.0,0.0,0.0016
1.7832359474457358,0.3555910684320866,0.0,0.0,0.0,0.0016
1.7832359474457358,0.3831419605528771,0.0,0.0,0.0,0.0016
1.7832359474457358,0.41282747225227034,0.0,0.0,0.0,0.0016
1.7832359474457358,0.4448129920311316,0.0,0.0,0.0,0.0016
1.7832359474457358,0.47927672255004444,0.0,0.0,0.0,0.0016
1.7832359474457358,0.516410673459456,0.0,0.0,0.0,0.0016
1.7832359474457358,0.5564217311534528,0.0,0.0,0.0,0.0016
1.7832359474457358,0.5995328114071461,0.0,0.0,0.0,0.0016
1.7832359474457358,0.6459841013194154,0.0,0.0,0.0,0.0016
1.7832359474457358,0.696034397480316,0.0,0.0,0.0,0.0016
1.7832359474457358,0.7499625478185521,0.0,0.0,0.0,0.0016
1.7832359474457358,0.8080690051620618,0.0,0.0,0.0,0.0016
1.7832359474457358,0.8706775011671474,0.0,0.0,0.0,0.0016
1.7832359474457358,0.9381368499422049,0.0,0.0,0.0,0.0016
1.7832359474457358,1.0108228914146788,0.0,0.0,0.0,0.0016
1.7832359474457358,1.0891405852684266,0.0,0.0,0.0,0.0016
1.7832359474457358,1.173526267117564,0.0,0.0,0.0,0.0016
1.7832359474457358,1.264450079486729,0.0,0.0,0.0,0.0016
1.7832359474457358,1.3624185911416191,0.0,0.0,0.0,0.0016
1.7832359474457358,1.467977619363024,0.0,0.0,0.0,0.0016
1.7832359474457358,1.581715270888233,0.0,0.0,0.0,0.0016
1.7832359474457358,1.7042652184619906,0.0,0.0,0.0,0.0016
1.7832359474457358,1.836310231251813,0.0,0.0,0.0,0.0016
1.7832359474457358,1.9785859787968756,0.0,0.0,0.0,0.0016
1.7832359474457358,2.1318851296835977,0.0,0.0,0.0,0.0016
1.7832359474457358,2.297061767783123,0.0,0.0,0.0,0.0016
1.7832359474457358,2.475036150655092,0.0,0.0,0.0,0.0016
1.7832359474457358,2.6667998366284884,0.0,0.0,0.0,0.0016
1.7832359474457358,2.8734212091243085,0.0,0.0,0.0,0.0016
1.7832359474457358,3.0960514289980536,0.0,0.0,0.0,0.0016
1.7832359474457358,3.3359308480646077,0.0,0.0,0.0,0.0016
1.7832359474457358,3.5943959195375657,0.0032,0.0030481949632924243,0.00015180503670757586,0.0016
1.7832359474457358,3.8728866438834793,0.032,0.032472804503977666,0.00047280450397766544,0.0016
1.7832359474457358,4.172954591574528,0.062400000000000004,0.062351560256360954,4.843974363905046e-05,0.0016
1.7832359474457358,4.496271547437228,0.09280000000000001,0.09266453469567114,0.00013546530432886894,0.0016
1.7832359474457358,4.844638824757865,0.1232,0.12339195417032872,0.00019195417032871753,0.0016
1.7832359474457358,5.219997301036887,0.1552,0.15451429016569349,0.0006857098343065193,0.0016
1.7832359474457358,5.62443823130494,0.18560000000000001,0.18601234024976476,0.0004123402497647477,0.0016
1.7832359474457358,6.060214899245428,0.21760000000000002,0.2178672987628954,0.0002672987628953849,0.0016
1.7832359474457358,6.529755171036042,0.24960000000000002,0.2500608174869373,0.0004608174869372983,0.0016
1.7832359474457358,7.035675021851269,0.2832,0.28257505667247557,0.0006249433275244409,0.0016
1.7832359474457358,7.58079311038668,0.31520000000000004,0.31539272691656073,0.00019272691656069263,0.0016
1.7832359474457358,8.168146482604984,0.3488,0.3484971224692825,0.00030287753071750467,0.0016
1.7832359474457358,8.801007492194831,0.3824,0.3818721466078581,0.0005278533921418971,0.0016
1.7832359474457358,9.482902032012383,0.41600000000000004,0.4155023297544259,0.0004976702455741222,0.0016
1.7832359474457358,10.217629178079317,0.4496,0.44937284103134434,0.00022715896865566076,0.0016
1.7832359474457358,11.009282355581066,0.4832,0.48346949394859645,0.00026949394859643316,0.0016
1.7832359474457358,11.862272144788507,0.5184,0.5177787469048347,0.0006212530951652528,0.0016
1.7832359474457358,12.781350853962953,0.552,0.5522876991595136,0.00028769915951354363,0.0016
1.7832359474457358,13.77163899614884,0.5872,0.5869840829010476,0.00021591709895241173,0.0016
1.7832359474457358,14.838653817365689,0.6224000000000001,0.6218562519973075,0.0005437480026925234,0.0016
1.7832359474457358,15.988340035139956,0.6576000000000001,0.6568931679720657,0.0007068320279344231,0.0016
1.7832359474457358,17.227102958632177,0.6928000000000001,0.6920843837059577,0.000715616294042376,0.0016
1.7832359474457358,18.56184417488314,0.728,0.7274200253145447,0.0005799746854552312,0.0016
1.7832359474457358,20.000000000000004,0.7632,0.7628907726103576,0.0003092273896423414,0.0016
1.9101151824973623,0.1,0.0,0.0,0.0,0.0016
1.9101151824973623,0.1077479145475366,0.0,0.0,0.0,0.0016
1.9101151824973623,0.11609613089343249,0.0,0.0,0.0,0.0016
1.9101151824973623,0.12509115990805186,0.0,0.0,0.0,0.0016
1.9101151824973623,0.1347831160842501,0.0,0.0,0.0,0.0016
1.9101151824973623,0.14522599674296482,0.0,0.0,0.0,0.0016
1.9101151824973623,0.15647798287141804,0.0,0.0,0.0,0.0016
1.9101151824973623,0.1686017632700044,0.0,0.0,0.0,0.0016
1.9101151824973623,0.18166488381380433,0.0,0.0,0.0,0.0016
1.9101151824973623,0.19574012377457947,0.0,0.0,0.0,0.0016
1.9101151824973623,0.21090590129987632,0.0,0.0,0.0,0.0016
1.9101151824973623,0.22724671030830257,0.0,0.0,0.0,0.0016
1.9101151824973623,0.24485359123507788,0.0,0.0,0.0,0.0016
1.9101151824973623,0.26382463825054625,0.0,0.0,0.0,0.0016
1.9101151824973623,0.28426554577754615,0.0,0.0,0.0,0.0016
1.9101151824973623,0.3062901973524789,0.0,0.0,0.0,0.0016
1.9101151824973623,0.3300213001108302,0.0,0.0,0.0,0.0016
1.9101151824973623,0.3555910684320866,0.0,0.0,0.0,0.0016
1.9101151824973623,0.3831419605528771,0.0,0.0,0.0,0.0016
1.9101151824973623,0.41282747225227034,0.0,0.0,0.0,0.0016
1.9101151824973623,0.4448129920311316,0.0,0.0,0.0,0.0016
1.9101151824973623,0.47927672255004444,0.0,0.0,0.0,0.0016
1.9101151824973623,0.516410673459456,0.0,0.0,0.0,0.0016
1.9101151824973623,0.5564217311534528,0.0,0.0,0.0,0.0016
1.9101151824973623,0.5995328114071461,0.0,0.0,0.0,0.0016
1.9101151824973623,0.6459841013194154,0.0,0.0,0.0,0.0016
1.9101151824973623,0.696034397480316,0.0,0.0,0.0,0.0016
1.9101151824973623,0.7499625478185521,0.0,0.0,0.0,0.0016
1.9101151824973623,0.8080690051620618,0.0,0.0,0.0,0.0016
1.9101151824973623,0.8706775011671474,0.0,0.0,0.0,0.0016
1.9101151824973623,0.9381368499422049,0.0,0.0,0.0,0.0016
1.9101151824973623,1.0108228914146788,0.0,0.0,0.0,0.0016
1.9101151824973623,1.0891405852684266,0.0,0.0,0.0,0.0016
1.9101151824973623,1.173526267117564,0.0,0.0,0.0,0.0016
1.9101151824973623,1.264450079486729,0.0,0.0,0.0,0.0016
1.9101151824973623,1.3624185911416191,0.0,0.0,0.0,0.0016
1.9101151824973623,1.467977619363024,0.0,0.0,0.0,0.0016
1.9101151824973623,1.581715270888233,0.0,0.0,0.0,0.0016
1.9101151824973623,1.7042652184619906,0.0,0.0,0.0,0.0016
1.9101151824973623,1.836310231251813,0.0,0.0,0.0,0.0016
1.9101151824973623,1.9785859787968756,0.0,0.0,0.0,0.0016
1.9101151824973623,2.1318851296835977,0.0,0.0,0.0,0.0016
1.9101151824973623,2.297061767783123,0.0,0.0,0.0,0.0016
1.9101151824973623,2.475036150655092,0.0,0.0,0.0,0.0016
1.9101151824973623,2.6667998366284884,0.0,0.0,0.0,0.0016
1.9101151824973623,2.8734212091243085,0.0,0.0,0.0,0.0016
1.9101151824973623,3.0960514289980536,0.0,0.0,0.0,0.0016
1.9101151824973623,3.3359308480646077,0.0,0.0,0.0,0.0016
1.9101151824973623,3.5943959195375657,0.0,0.0,0.0,0.0016
1.9101151824973623,3.8728866438834793,0.0048000000000000004,0.005432390511430046,0.0006323905114300459,0.0016
1.9101151824973623,4.172954591574528,0.0352,0.035311146263813424,0.00011114626381342196,0.0016
1.9101151824973623,4.496271547437228,0.0656,0.06562412070312355,2.412070312354797e-05,0.0016
1.9101151824973623,4.844638824757865,0.096,0.0963515401777811,0.0003515401777810928,0.0016
1.9101151824973623,5.219997301036887,0.128,0.12747387617314582,0.0005261238268541857,0.0016
1.9101151824973623,5.62443823130494,0.1584,0.15897192625721718,0.0005719262572171646,0.0016
1.9101151824973623,6.060214899245428,0.1904,0.19082688477034782,0.0004268847703478018,0.0016
1.9101151824973623,6.529755171036042,0.22240000000000001,0.22302040349438967,0.0006204034943896597,0.0016
1.9101151824973623,7.035675021851269,0.256,0.2555346426799279,0.00046535732007207953,0.0016
1.9101151824973623,7.58079311038668,0.28800000000000003,0.28835231292401314,0.00035231292401310954,0.0016
1.9101151824973623,8.168146482604984,0.3216,0.3214567084767349,0.00014329152326508776,0.0016
1.9101151824973623,8.801007492194831,0.3552,0.3548317326153105,0.0003682673846895357,0.0016
1.9101151824973623,9.482902032012383,0.38880000000000003,0.38846191576187833,0.0003380842381217053,0.0016
1.9101151824973623,10.217629178079317,0.4224,0.4223324270387967,6.757296120329936e-05,0.0016
1.9101151824973623,11.009282355581066,0.456,0.4564290799560488,0.00042907995604879456,0.0016
1.9101151824973623,11.862272144788507,0.4912,0.4907383329122871,0.00046166708771294696,0.0016
1.9101151824973623,12.781350853962953,0.5248,0.525247285166966,0.00044728516696590503,0.0016
1.9101151824973623,13.77163899614884,0.56,0.5599436689085,5.6331091500050334e-05,0.0016
1.9101151824973623,14.838653817365689,0.5952000000000001,0.5948158380047599,0.00038416199524016204,0.0016
1.9101151824973623,15.988340035139956,0.6304000000000001,0.6298527539795181,0.0005472460204819507,0.0016
1.9101151824973623,17.227102958632177,0.6656000000000001,0.6650439697134101,0.0005560302865900146,0.0016
1.9101151824973623,18.56184417488314,0.7008,0.7003796113219971,0.00042038867800286983,0.0016
1.9101151824973623,20.000000000000004,0.736,0.7358503586178101,0.000149641382189869,0.0016
2.0460220172395105,0.1,0.0,0.0,0.0,0.0016
2.0460220172395105,0.1077479145475366,0.0,0.0,0.0,0.0016
2.0460220172395105,0.11609613089343249,0.0,0.0,0.0,0.0016
2.0460220172395105,0.12509115990805186,0.0,0.0,0.0,0.0016
2.0460220172395105,0.1347831160842501,0.0,0.0,0.0,0.0016
2.0460220172395105,0.14522599674296482,0.0,0.0,0.0,0.0016
2.0460220172395105,0.15647798287141804,0.0,0.0,0.0,0.0016
2.0460220172395105,0.1686017632700044,0.0,0.0,0.0,0.0016
2.0460220172395105,0.18166488381380433,0.0,0.0,0.0,0.0016
2.0460220172395105,0.19574012377457947,0.0,0.0,0.0,0.0016
2.0460220172395105,0.21090590129987632,0.0,0.0,0.0,0.0016
2.0460220172395105,0.22724671030830257,0.0,0.0,0.0,0.0016
2.0460220172395105,0.24485359123507788,0.0,0.0,0.0,0.0016
2.0460220172395105,0.26382463825054625,0.0,0.0,0.0,0.0016
2.0460220172395105,0.28426554577754615,0.0,0.0,0.0,0.0016
2.0460220172395105,0.3062901973524789,0.0,0.0,0.0,0.0016
2.0460220172395105,0.3300213001108302,0.0,0.0,0.0,0.0016
2.0460220172395105,0.3555910684320866,0.0,0.0,0.0,0.0016
2.0460220172395105,0.3831419605528771,0.0,0.0,0.0,0.0016
2.0460220172395105,0.41282747225227034,0.0,0.0,0.0,0.0016
2.0460220172395105,0.4448129920311316,0.0,0.0,0.0,0.0016
2.0460220172395105,0.47927672255004444,0.0,0.0,0.0,0.0016
2.0460220172395105,0.516410673459456,0.0,0.0,0.0,0.0016
2.0460220172395105,0.5564217311534528,0.0,0.0,0.0,0.0016
2.0460220172395105,0.5995328114071461,0.0,0.0,0.0,0.0016
2.0460220172395105,0.6459841013194154,0.0,0.0,0.0,0.0016
2.0460220172395105,0.696034397480316,0.0,0.0,0.0,0.0016
2.0460220172395105,0.7499625478185521,0.0,0.0,0.0,0.0016
2.0460220172395105,0.8080690051620618,0.0,0.0,0.0,0.0016
2.0460220172395105,0.8706775011671474,0.0,0.0,0.0,0.0016
2.0460220172395105,0.9381368499422049,0.0,0.0,0.0,0.0016
2.0460220172395105,1.0108228914146788,0.0,0.0,0.0,0.0016
2.0460220172395105,1.0891405852684266,0.0,0.0,0.0,0.0016
2.0460220172395105,1.173526267117564,0.0,0.0,0.0,0.0016
2.0460220172395105,1.264450079486729,0.0,0.0,0.0,0.0016
2.0460220172395105,1.3624185911416191,0.0,0.0,0.0,0.0016
2.0460220172395105,1.467977619363024,0.0,0.0,0.0,0.0016
2.0460220172395105,1.581715270888233,0.0,0.0,0.0,0.0016
2.0460220172395105,1.7042652184619906,0.0,0.0,0.0,0.0016
2.0460220172395105,1.836310231251813,0.0,0.0,0.0,0.0016
2.0460220172395105,1.9785859787968756,0.0,0.0,0.0,0.0016
2.0460220172395105,2.1318851296835977,0.0,0.0,0.0,0.0016
2.0460220172395105,2.297061767783123,0.0,0.0,0.0,0.0016
2.0460220172395105,2.475036150655092,0.0,0.0,0.0,0.0016
2.0460220172395105,2.6667998366284884,0.0,0.0,0.0,0.0016
2.0460220172395105,2.8734212091243085,0.0,0.0,0.0,0.0016
2.0460220172395105,3.0960514289980536,0.0,0.0,0.0,0.0016
2.0460220172395105,3.3359308480646077,0.0,0.0,0.0,0.0016
2.0460220172395105,3.5943959195375657,0.0,0.0,0.0,0.0016
2.0460220172395105,3.8728866438834793,0.0,0.0,0.0,0.0016
2.0460220172395105,4.172954591574528,0.008,0.00788234229047443,0.00011765770952557042,0.0016
2.0460220172395105,4.496271547437228,0.038400000000000004,0.038195316729784615,0.0002046832702153889,0.0016
2.0460220172395105,4.844638824757865,0.0688,0.0689227362044421,0.00012273620444210043,0.0016
2.0460220172395105,5.219997301036887,0.1008,0.10004507219980688,0.0007549278001931226,0.0016
2.0460220172395105,5.62443823130494,0.1312,0.1315431222838782,0.0003431222838782,0.0016
2.0460220172395105,6.060214899245428,0.1632,0.16339808079700882,0.00019808079700880943,0.0016
2.0460220172395105,6.529755171036042,0.1952,0.1955915995210507,0.00039159952105069507,0.0016
2.0460220172395105,7.035675021851269,0.2288,0.228105838706589,0.0006941612934110164,0.0016
2.0460220172395105,7.58079311038668,0.26080000000000003,0.2609235089506742,0.0001235089506741449,0.0016
2.0460220172395105,8.168146482604984,0.2944,0.294027904503396,0.0003720954966039969,0.0016
2.0460220172395105,8.801007492194831,0.328,0.3274029286419715,0.0005970713580285003,0.0016
2.0460220172395105,9.482902032012383,0.36160000000000003,0.36103311178853936,0.0005668882114606699,0.0016
2.0460220172395105,10.217629178079317,0.3952,0.3949036230654578,0.0002963769345422085,0.0016
2.0460220172395105,11.009282355581066,0.4288,0.4290002759827099,0.00020027598270988545,0.0016
2.0460220172395105,11.862272144788507,0.464,0.4633095289389481,0.0006904710610519116,0.0016
2.0460220172395105,12.781350853962953,0.49760000000000004,0.497818481193627,0.0002184811936269404,0.0016
2.0460220172395105,13.77163899614884,0.5328,0.532514864935161,0.0002851350648390705,0.0016
2.0460220172395105,14.838653817365689,0.5680000000000001,0.567387034031421,0.0006129659685790712,0.0016
2.0460220172395105,15.988340035139956,0.6032000000000001,0.6024239500061791,0.0007760499938209708,0.0016
2.0460220172395105,17.227102958632177,0.6384000000000001,0.6376151657400712,0.0007848342599289237,0.0016
2.0460220172395105,18.56184417488314,0.6736000000000001,0.6729508073486582,0.00064919265134189,0.0016
2.0460220172395105,20.000000000000004,0.7088,0.7084215546444711,0.00037844535552888914,0.0016
2.1915987755019146,0.1,0.0,0.0,0.0,0.0016
2.1915987755019146,0.1077479145475366,0.0,0.0,0.0,0.0016
2.1915987755019146,0.11609613089343249,0.0,0.0,0.0,0.0016
2.1915987755019146,0.12509115990805186,0.0,0.0,0.0,0.0016
2.1915987755019146,0.1347831160842501,0.0,0.0,0.0,0.0016
2.1915987755019146,0.14522599674296482,0.0,0.0,0.0,0.0016
2.1915987755019146,0.15647798287141804,0.0,0.0,0.0,0.0016
2.1915987755019146,0.1686017632700044,0.0,0.0,0.0,0.0016
2.1915987755019146,0.18166488381380433,0.0,0.0,0.0,0.0016
2.1915987755019146,0.19574012377457947,0.0,0.0,0.0,0.0016
2.1915987755019146,0.21090590129987632,0.0,0.0,0.0,0.0016
2.1915987755019146,0.22724671030830257,0.0,0.0,0.0,0.0016
2.1915987755019146,0.24485359123507788,0.0,0.0,0.0,0.0016
2.1915987755019146,0.26382463825054625,0.0,0.0,0.0,0.0016
2.1915987755019146,0.28426554577754615,0.0,0.0,0.0,0.0016
2.1915987755019146,0.3062901973524789,0.0,0.0,0.0,0.0016
2.1915987755019146,0.3300213001108302,0.0,0.0,0.0,0.0016
2.1915987755019146,0.3555910684320866,0.0,0.0,0.0,0.0016
2.1915987755019146,0.3831419605528771,0.0,0.0,0.0,0.0016
2.1915987755019146,0.41282747225227034,0.0,0.0,0.0,0.0016
2.1915987755019146,0.4448129920311316,0.0,0.0,0.0,0.0016
2.1915987755019146,0.47927672255004444,0.0,0.0,0.0,0.0016
2.1915987755019146,0.516410673459456,0.0,0.0,0.0,0.0016
2.1915987755019146,0.5564217311534528,0.0,0.0,0.0,0.0016
2.1915987755019146,0.5995328114071461,0.0,0.0,0.0,0.0016
2.1915987755019146,0.6459841013194154,0.0,0.0,0.0,0.0016
2.1915987755019146,0.696034397480316,0.0,0.0,0.0,0.0016
2.1915987755019146,0.7499625478185521,0.0,0.0,0.0,0.0016
2.1915987755019146,0.8080690051620618,0.0,0.0,0.0,0.0016
2.1915987755019146,0.8706775011671474,0.0,0.0,0.0,0.0016
2.1915987755019146,0.9381368499422049,0.0,0.0,0.0,0.0016
2.1915987755019146,1.0108228914146788,0.0,0.0,0.0,0.0016
2.1915987755019146,1.0891405852684266,0.0,0.0,0.0,0.0016
2.1915987755019146,1.173526267117564,0.0,0.0,0.0,0.0016
2.1915987755019146,1.264450079486729,0.0,0.0,0.0,0.0016
2.1915987755019146,1.3624185911416191,0.0,0.0,0.0,0.0016
2.1915987755019146,1.467977619363024,0.0,0.0,0.0,0.0016
2.1915987755019146,1.581715270888233,0.0,0.0,0.0,0.0016
2.1915987755019146,1.7042652184619906,0.0,0.0,0.0,0.0016
2.1915987755019146,1.836310231251813,0.0,0.0,0.0,0.0016
2.1915987755019146,1.9785859787968756,0.0,0.0,0.0,0.0016
2.1915987755019146,2.1318851296835977,0.0,0.0,0.0,0.0016
2.1915987755019146,2.297061767783123,0.0,0.0,0.0,0.0016
2.1915987755019146,2.475036150655092,0.0,0.0,0.0,0.0016
2.1915987755019146,2.6667998366284884,0.0,0.0,0.0,0.0016
2.1915987755019146,2.8734212091243085,0.0,0.0,0.0,0.0016
2.1915987755019146,3.0960514289980536,0.0,0.0,0.0,0.0016
2.1915987755019146,3.3359308480646077,0.0,0.0,0.0,0.0016
2.1915987755019146,3.5943959195375657,0.0,0.0,0.0,0.0016
2.1915987755019146,3.8728866438834793,0.0,0.0,0.0,0.0016
2.1915987755019146,4.172954591574528,0.0,0.0,0.0,0.0016
2.1915987755019146,4.496271547437228,0.009600000000000001,0.01039371196766978,0.0007937119676697784,0.0016
2.1915987755019146,4.844638824757865,0.041600000000000005,0.041121131442327256,0.0004788685576727486,0.0016
2.1915987755019146,5.219997301036887,0.07200000000000001,0.07224346743769201,0.00024346743769200485,0.0016
2.1915987755019146,5.62443823130494,0.10400000000000001,0.10374151752176329,0.00025848247823671844,0.0016
2.1915987755019146,6.060214899245428,0.136,0.13559647603489394,0.00040352396510606736,0.0016
2.1915987755019146,6.529755171036042,0.168,0.16778999475893586,0.00021000524106415397,0.0016
2.1915987755019146,7.035675021851269,0.2,0.2003042339444741,0.00030423394447409713,0.0016
2.1915987755019146,7.58079311038668,0.2336,0.23312190418855927,0.0004780958114407319,0.0016
2.1915987755019146,8.168146482604984,0.2656,0.2662262997412811,0.0006262997412810889,0.0016
2.1915987755019146,8.801007492194831,0.2992,0.29960132387985666,0.000401323879856641,0.0016
2.1915987755019146,9.482902032012383,0.33280000000000004,0.3332315070264245,0.00043150702642447136,0.0016
2.1915987755019146,10.217629178079317,0.3664,0.36710201830334294,0.0007020183033429328,0.0016
2.1915987755019146,11.009282355581066,0.4016,0.401198671220595,0.0004013287794050191,0.0016
2.1915987755019146,11.862272144788507,0.43520000000000003,0.43550792417683326,0.0003079241768332297,0.0016
2.1915987755019146,12.781350853962953,0.47040000000000004,0.47001687643151213,0.00038312356848790863,0.0016
2.1915987755019146,13.77163899614884,0.504,0.5047132601730462,0.0007132601730461818,0.0016
2.1915987755019146,14.838653817365689,0.5392,0.5395854292693061,0.00038542926930607013,0.0016
2.1915987755019146,15.988340035139956,0.5744,0.5746223452440643,0.00022234524406428147,0.0016
2.1915987755019146,17.227102958632177,0.6096,0.6098135609779562,0.00021356097795621753,0.0016
2.1915987755019146,18.56184417488314,0.6448,0.6451492025865433,0.0003492025865432513,0.0016
2.1915987755019146,20.000000000000004,0.68,0.6806199498823562,0.0006199498823561411,0.0016
2.347533483174258,0.1,0.0,0.0,0.0,0.0016
2.347533483174258,0.1077479145475366,0.0,0.0,0.0,0.0016
2.347533483174258,0.11609613089343249,0.0,0.0,0.0,0.0016
2.347533483174258,0.12509115990805186,0.0,0.0,0.0,0.0016
2.347533483174258,0.1347831160842501,0.0,0.0,0.0,0.0016
2.347533483174258,0.14522599674296482,0.0,0.0,0.0,0.0016
2.347533483174258,0.15647798287141804,0.0,0.0,0.0,0.0016
2.347533483174258,0.1686017632700044,0.0,0.0,0.0,0.0016
2.347533483174258,0.18166488381380433,0.0,0.0,0.0,0.0016
2.347533483174258,0.19574012377457947,0.0,0.0,0.0,0.0016
2.347533483174258,0.21090590129987632,0.0,0.0,0.0,0.0016
2.347533483174258,0.22724671030830257,0.0,0.0,0.0,0.0016
2.347533483174258,0.24485359123507788,0.0,0.0,0.0,0.0016
2.347533483174258,0.26382463825054625,0.0,0.0,0.0,0.0016
2.347533483174258,0.28426554577754615,0.0,0.0,0.0,0.0016
2.347533483174258,0.3062901973524789,0.0,0.0,0.0,0.0016
2.347533483174258,0.3300213001108302,0.0,0.0,0.0,0.0016
2.347533483174258,0.3555910684320866,0.0,0.0,0.0,0.0016
2.347533483174258,0.3831419605528771,0.0,0.0,0.0,0.0016
2.347533483174258,0.41282747225227034,0.0,0.0,0.0,0.0016
2.347533483174258,0.4448129920311316,0.0,0.0,0.0,0.0016
2.347533483174258,0.47927672255004444,0.0,0.0,0.0,0.0016
2.347533483174258,0.516410673459456,0.0,0.0,0.0,0.0016
2.347533483174258,0.5564217311534528,0.0,0.0,0.0,0.0016
2.347533483174258,0.5995328114071461,0.0,0.0,0.0,0.0016
2.347533483174258,0.6459841013194154,0.0,0.0,0.0,0.0016
2.347533483174258,0.696034397480316,0.0,0.0,0.0,0.0016
2.347533483174258,0.7499625478185521,0.0,0.0,0.0,0.0016
2.347533483174258,0.8080690051620618,0.0,0.0,0.0,0.0016
2.347533483174258,0.8706775011671474,0.0,0.0,0.0,0.0016
2.347533483174258,0.9381368499422049,0.0,0.0,0.0,0.0016
2.347533483174258,1.0108228914146788,0.0,0.0,0.0,0.0016
2.347533483174258,1.0891405852684266,0.0,0.0,0.0,0.0016
2.347533483174258,1.173526267117564,0.0,0.0,0.0,0.0016
2.347533483174258,1.264450079486729,0.0,0.0,0.0,0.0016
2.347533483174258,1.3624185911416191,0.0,0.0,0.0,0.0016
2.347533483174258,1.467977619363024,0.0,0.0,0.0,0.0016
2.347533483174258,1.581715270888233,0.0,0.0,0.0,0.0016
2.347533483174258,1.7042652184619906,0.0,0.0,0.0,0.0016
2.347533483174258,1.836310231251813,0.0,0.0,0.0,0.0016
2.347533483174258,1.9785859787968756,0.0,0.0,0.0,0.0016
2.347533483174258,2.1318851296835977,0.0,0.0,0.0,0.0016
2.347533483174258,2.297061767783123,0.0,0.0,0.0,0.0016
2.347533483174258,2.475036150655092,0.0,0.0,0.0,0.0016
2.347533483174258,2.6667998366284884,0.0,0.0,0.0,0.0016
2.347533483174258,2.8734212091243085,0.0,0.0,0.0,0.0016
2.347533483174258,3.0960514289980536,0.0,0.0,0.0,0.0016
2.347533483174258,3.3359308480646077,0.0,0.0,0.0,0.0016
2.347533483174258,3.5943959195375657,0.0,0.0,0.0,0.0016
2.347533483174258,3.8728866438834793,0.0,0.0,0.0,0.0016
2.347533483174258,4.172954591574528,0.0,0.0,0.0,0.0016
2.347533483174258,4.496271547437228,0.0,0.0,0.0,0.0016
2.347533483174258,4.844638824757865,0.0128,0.012962222608212014,0.0001622226082120138,0.0016
2.347533483174258,5.219997301036887,0.0448,0.044084558603576796,0.000715441396423204,0.0016
2.347533483174258,5.62443823130494,0.0752,0.07558260868764807,0.00038260868764807,0.0016
2.347533483174258,6.060214899245428,0.1072,0.10743756720077868,0.00023756720077867943,0.0016
2.347533483174258,6.529755171036042,0.13920000000000002,0.1396310859248206,0.00043108592482057895,0.0016
2.347533483174258,7.035675021851269,0.1728,0.17214532511035885,0.0006546748896411603,0.0016
2.347533483174258,7.58079311038668,0.2048,0.204962995354444,0.00016299535444400104,0.0016
2.347533483174258,8.168146482604984,0.2384,0.2380673909071659,0.000332609092834113,0.0016
2.347533483174258,8.801007492194831,0.272,0.2714424150457414,0.0005575849542586164,0.0016
2.347533483174258,9.482902032012383,0.30560000000000004,0.30507259819230925,0.000527401807690786,0.0016
2.347533483174258,10.217629178079317,0.3392,0.3389431094692277,0.0002568905307723246,0.0016
2.347533483174258,11.009282355581066,0.3728,0.37303976238647973,0.00023976238647971382,0.0016
2.347533483174258,11.862272144788507,0.40800000000000003,0.40734901534271795,0.0006509846572820832,0.0016
2.347533483174258,12.781350853962953,0.44160000000000005,0.4418579675973969,0.0002579675973968243,0.0016
2.347533483174258,13.77163899614884,0.4768,0.47655435133893087,0.0002456486610691311,0.0016
2.347533483174258,14.838653817365689,0.512,0.5114265204351908,0.0005734795648092428,0.0016
2.347533483174258,15.988340035139956,0.5472,0.546463436409949,0.0007365635900510314,0.0016
2.347533483174258,17.227102958632177,0.5824,0.581654652143841,0.0007453478561589844,0.0016
2.347533483174258,18.56184417488314,0.6176,0.616990293752428,0.0006097062475720616,0.0016
2.347533483174258,20.000000000000004,0.6528,0.652461041048241,0.00033895895175906077,0.0016
2.5145631199589302,0.1,0.0,0.0,0.0,0.0016
2.5145631199589302,0.1077479145475366,0.0,0.0,0.0,0.0016
2.5145631199589302,0.11609613089343249,0.0,0.0,0.0,0.0016
2.5145631199589302,0.12509115990805186,0.0,0.0,0.0,0.0016
2.5145631199589302,0.1347831160842501,0.0,0.0,0.0,0.0016
2.5145631199589302,0.14522599674296482,0.0,0.0,0.0,0.0016
2.5145631199589302,0.15647798287141804,0.0,0.0,0.0,0.0016
2.5145631199589302,0.1686017632700044,0.0,0.0,0.0,0.0016
2.5145631199589302,0.18166488381380433,0.0,0.0,0.0,0.0016
2.5145631199589302,0.19574012377457947,0.0,0.0,0.0,0.0016
2.5145631199589302,0.21090590129987632,0.0,0.0,0.0,0.0016
2.5145631199589302,0.22724671030830257,0.0,0.0,0.0,0.0016
2.5145631199589302,0.24485359123507788,0.0,0.0,0.0,0.0016
2.5145631199589302,0.26382463825054625,0.0,0.0,0.0,0.0016
2.5145631199589302,0.28426554577754615,0.0,0.0,0.0,0.0016
2.5145631199589302,0.3062901973524789,0.0,0.0,0.0,0.0016
2.5145631199589302,0.3300213001108302,0.0,0.0,0.0,0.0016
2.5145631199589302,0.3555910684320866,0.0,0.0,0.0,0.0016
2.5145631199589302,0.3831419605528771,0.0,0.0,0.0,0.0016
2.5145631199589302,0.41282747225227034,0.0,0.0,0.0,0.0016
2.5145631199589302,0.4448129920311316,0.0,0.0,0.0,0.0016
2.5145631199589302,0.47927672255004444,0.0,0.0,0.0,0.0016
2.5145631199589302,0.516410673459456,0.0,0.0,0.0,0.0016
2.5145631199589302,0.5564217311534528,0.0,0.0,0.0,0.0016
2.5145631199589302,0.5995328114071461,0.0,0.0,0.0,0.0016
2.5145631199589302,0.6459841013194154,0.0,0.0,0.0,0.0016
2.5145631199589302,0.696034397480316,0.0,0.0,0.0,0.0016
2.5145631199589302,0.7499625478185521,0.0,0.0,0.0,0.0016
2.5145631199589302,0.8080690051620618,0.0,0.0,0.0,0.0016
2.5145631199589302,0.8706775011671474,0.0,0.0,0.0,0.0016
2.5145631199589302,0.9381368499422049,0.0,0.0,0.0,0.0016
2.5145631199589302,1.0108228914146788,0.0,0.0,0.0,0.0016
2.5145631199589302,1.0891405852684266,0.0,0.0,0.0,0.0016
2.5145631199589302,1.173526267117564,0.0,0.0,0.0,0.0016
2.5145631199589302,1.264450079486729,0.0,0.0,0.0,0.0016
2.5145631199589302,1.3624185911416191,0.0,0.0,0.0,0.0016
2.5145631199589302,1.467977619363024,0.0,0.0,0.0,0.0016
2.5145631199589302,1.581715270888233,0.0,0.0,0.0,0.0016
2.5145631199589302,1.7042652184619906,0.0,0.0,0.0,0.0016
2.5145631199589302,1.836310231251813,0.0,0.0,0.0,0.0016
2.5145631199589302,1.9785859787968756,0.0,0.0,0.0,0.0016
2.5145631199589302,2.1318851296835977,0.0,0.0,0.0,0.0016
2.5145631199589302,2.297061767783123,0.0,0.0,0.0,0.0016
2.5145631199589302,2.475036150655092,0.0,0.0,0.0,0.0016
2.5145631199589302,2.6667998366284884,0.0,0.0,0.0,0.0016
2.5145631199589302,2.8734212091243085,0.0,0.0,0.0,0.0016
2.5145631199589302,3.0960514289980536,0.0,0.0,0.0,0.0016
2.5145631199589302,3.3359308480646077,0.0,0.0,0.0,0.0016
2.5145631199589302,3.5943959195375657,0.0,0.0,0.0,0.0016
2.5145631199589302,3.8728866438834793,0.0,0.0,0.0,0.0016
2.5145631199589302,4.172954591574528,0.0,0.0,0.0,0.0016
2.5145631199589302,4.496271547437228,0.0,0.0,0.0,0.0016
2.5145631199589302,4.844638824757865,0.0,0.0,0.0,0.0016
2.5145631199589302,5.219997301036887,0.016,0.015583687381921684,0.00041631261807831624,0.0016
2.5145631199589302,5.62443823130494,0.046400000000000004,0.047081737465993,0.0006817374659929959,0.0016
2.5145631199589302,6.060214899245428,0.0784,0.07893669597912358,0.0005366959791235776,0.0016
2.5145631199589302,6.529755171036042,0.11040000000000001,0.11113021470316549,0.0007302147031654771,0.0016
2.5145631199589302,7.035675021851269,0.14400000000000002,0.14364445388870378,0.00035554611129623437,0.0016
2.5145631199589302,7.58079311038668,0.17600000000000002,0.17646212413278894,0.00046212413278892694,0.0016
2.5145631199589302,8.168146482604984,0.2096,0.20956651968551077,3.34803144892426e-05,0.0016
2.5145631199589302,8.801007492194831,0.2432,0.2429415438240863,0.0002584561759136905,0.0016
2.5145631199589302,9.482902032012383,0.2768,0.2765717269706542,0.00022827302934580462,0.0016
2.5145631199589302,10.217629178079317,0.3104,0.31044223824757256,4.2238247572545795e-05,0.0016
2.5145631199589302,11.009282355581066,0.34400000000000003,0.34453889116482467,0.0005388911648246397,0.0016
2.5145631199589302,11.862272144788507,0.37920000000000004,0.3788481441210629,0.0003518558789371573,0.0016
2.5145631199589302,12.781350853962953,0.4128,0.41335709637574186,0.0005570963757418612,0.0016
2.5145631199589302,13.77163899614884,0.448,0.4480534801172758,5.3480117275794825e-05,0.0016
2.5145631199589302,14.838653817365689,0.4832,0.4829256492135357,0.0002743507864643169,0.0016
2.5145631199589302,15.988340035139956,0.5184,0.5179625651882939,0.00043743481170610554,0.0016
2.5145631199589302,17.227102958632177,0.5536,0.5531537809221859,0.00044621907781405845,0.0016
2.5145631199589302,18.56184417488314,0.5888,0.5884894225307729,0.0003105774692271357,0.0016
2.5145631199589302,20.000000000000004,0.624,0.6239601698265859,3.983017341413486e-05,0.0016
2.693477102489629,0.1,0.0,0.0,0.0,0.0016
2.693477102489629,0.1077479145475366,0.0,0.0,0.0,0.0016
2.693477102489629,0.11609613089343249,0.0,0.0,0.0,0.0016
2.693477102489629,0.12509115990805186,0.0,0.0,0.0,0.0016
2.693477102489629,0.1347831160842501,0.0,0.0,0.0,0.0016
2.693477102489629,0.14522599674296482,0.0,0.0,0.0,0.0016
2.693477102489629,0.15647798287141804,0.0,0.0,0.0,0.0016
2.693477102489629,0.1686017632700044,0.0,0.0,0.0,0.0016
2.693477102489629,0.18166488381380433,0.0,0.0,0.0,0.0016
2.693477102489629,0.19574012377457947,0.0,0.0,0.0,0.0016
2.693477102489629,0.21090590129987632,0.0,0.0,0.0,0.0016
2.693477102489629,0.22724671030830257,0.0,0.0,0.0,0.0016
2.693477102489629,0.24485359123507788,0.0,0.0,0.0,0.0016
2.693477102489629,0.26382463825054625,0.0,0.0,0.0,0.0016
2.693477102489629,0.28426554577754615,0.0,0.0,0.0,0.0016
2.693477102489629,0.3062901973524789,0.0,0.0,0.0,0.0016
2.693477102489629,0.3300213001108302,0.0,0.0,0.0,0.0016
2.693477102489629,0.3555910684320866,0.0,0.0,0.0,0.0016
2.693477102489629,0.3831419605528771,0.0,0.0,0.0,0.0016
2.693477102489629,0.41282747225227034,0.0,0.0,0.0,0.0016
2.693477102489629,0.4448129920311316,0.0,0.0,0.0,0.0016
2.693477102489629,0.47927672255004444,0.0,0.0,0.0,0.0016
2.693477102489629,0.516410673459456,0.0,0.0,0.0,0.0016
2.693477102489629,0.5564217311534528,0.0,0.0,0.0,0.0016
2.693477102489629,0.5995328114071461,0.0,0.0,0.0,0.0016
2.693477102489629,0.6459841013194154,0.0,0.0,0.0,0.0016
2.693477102489629,0.696034397480316,0.0,0.0,0.0,0.0016
2.693477102489629,0.7499625478185521,0.0,0.0,0.0,0.0016
2.693477102489629,0.8080690051620618,0.0,0.0,0.0,0.0016
2.693477102489629,0.8706775011671474,0.0,0.0,0.0,0.0016
2.693477102489629,0.9381368499422049,0.0,0.0,0.0,0.0016
2.693477102489629,1.0108228914146788,0.0,0.0,0.0,0.0016
2.693477102489629,1.0891405852684266,0.0,0.0,0.0,0.0016
2.693477102489629,1.173526267117564,0.0,0.0,0.0,0.0016
2.693477102489629,1.264450079486729,0.0,0.0,0.0,0.0016
2.693477102489629,1.3624185911416191,0.0,0.0,0.0,0.0016
2.693477102489629,1.467977619363024,0.0,0.0,0.0,0.0016
2.693477102489629,1.581715270888233,0.0,0.0,0.0,0.0016
2.693477102489629,1.7042652184619906,0.0,0.0,0.0,0.0016
2.693477102489629,1.836310231251813,0.0,0.0,0.0,0.0016
2.693477102489629,1.9785859787968756,0.0,0.0,0.0,0.0016
2.693477102489629,2.1318851296835977,0.0,0.0,0.0,0.0016
2.693477102489629,2.297061767783123,0.0,0.0,0.0,0.0016
2.693477102489629,2.475036150655092,0.0,0.0,0.0,0.0016
2.693477102489629,2.6667998366284884,0.0,0.0,0.0,0.0016
2.693477102489629,2.8734212091243085,0.0,0.0,0.0,0.0016
2.693477102489629,3.0960514289980536,0.0,0.0,0.0,0.0016
2.693477102489629,3.3359308480646077,0.0,0.0,0.0,0.0016
2.693477102489629,3.5943959195375657,0.0,0.0,0.0,0.0016
2.693477102489629,3.8728866438834793,0.0,0.0,0.0,0.0016
2.693477102489629,4.172954591574528,0.0,0.0,0.0,0.0016
2.693477102489629,4.496271547437228,0.0,0.0,0.0,0.0016
2.693477102489629,4.844638824757865,0.0,0.0,0.0,0.0016
2.693477102489629,5.219997301036887,0.0,0.0,0.0,0.0016
2.693477102489629,5.62443823130494,0.0176,0.018254034242308443,0.0006540342423084419,0.0016
2.693477102489629,6.060214899245428,0.049600000000000005,0.05010899275543907,0.0005089927554390652,0.0016
2.693477102489629,6.529755171036042,0.0816,0.08230251147948095,0.0007025114794809439,0.0016
2.693477102489629,7.035675021851269,0.11520000000000001,0.11481675066501923,0.0003832493349807814,0.0016
2.693477102489629,7.58079311038668,0.1472,0.14763442090910442,0.00043442090910442155,0.0016
2.693477102489629,8.168146482604984,0.18080000000000002,0.1807388164618263,6.118353817372024e-05,0.0016
2.693477102489629,8.801007492194831,0.2144,0.21411384060040176,0.00028615939959825143,0.0016
2.693477102489629,9.482902032012383,0.248,0.2477440237469697,0.00025597625303031,0.0016
2.693477102489629,10.217629178079317,0.2816,0.28161453502388806,1.45350238880404e-05,0.0016
2.693477102489629,11.009282355581066,0.31520000000000004,0.31571118794114017,0.0005111879411401343,0.0016
2.693477102489629,11.862272144788507,0.3504,0.3500204408973784,0.0003795591026216072,0.0016
2.693477102489629,12.781350853962953,0.384,0.3845293931520573,0.0005293931520573003,0.0016
2.693477102489629,13.77163899614884,0.4192,0.41922577689359125,2.5776893591233918e-05,0.0016
2.693477102489629,14.838653817365689,0.4544,0.4540979459898512,0.00030205401014882227,0.0016
2.693477102489629,15.988340035139956,0.48960000000000004,0.4891348619646094,0.00046513803539061094,0.0016
2.693477102489629,17.227102958632177,0.5248,0.5243260776985014,0.00047392230149867487,0.0016
2.693477102489629,18.56184417488314,0.56,0.5596617193070884,0.0003382806929116411,0.0016
2.693477102489629,20.000000000000004,0.5952000000000001,0.5951324666029013,6.753339709875128e-05,0.0016
2.885121015277764,0.1,0.0,0.0,0.0,0.0016
2.885121015277764,0.1077479145475366,0.0,0.0,0.0,0.0016
2.885121015277764,0.11609613089343249,0.0,0.0,0.0,0.0016
2.885121015277764,0.12509115990805186,0.0,0.0,0.0,0.0016
2.885121015277764,0.1347831160842501,0.0,0.0,0.0,0.0016
2.885121015277764,0.14522599674296482,0.0,0.0,0.0,0.0016
2.885121015277764,0.15647798287141804,0.0,0.0,0.0,0.0016
2.885121015277764,0.1686017632700044,0.0,0.0,0.0,0.0016
2.885121015277764,0.18166488381380433,0.0,0.0,0.0,0.0016
2.885121015277764,0.19574012377457947,0.0,0.0,0.0,0.0016
2.885121015277764,0.21090590129987632,0.0,0.0,0.0,0.0016
2.885121015277764,0.22724671030830257,0.0,0.0,0.0,0.0016
2.885121015277764,0.24485359123507788,0.0,0.0,0.0,0.0016
2.885121015277764,0.26382463825054625,0.0,0.0,0.0,0.0016
2.885121015277764,0.28426554577754615,0.0,0.0,0.0,0.0016
2.885121015277764,0.3062901973524789,0.0,0.0,0.0,0.0016
2.885121015277764,0.3300213001108302,0.0,0.0,0.0,0.0016
2.885121015277764,0.3555910684320866,0.0,0.0,0.0,0.0016
2.885121015277764,0.3831419605528771,0.0,0.0,0.0,0.0016
2.885121015277764,0.41282747225227034,0.0,0.0,0.0,0.0016
2.885121015277764,0.4448129920311316,0.0,0.0,0.0,0.0016
2.885121015277764,0.47927672255004444,0.0,0.0,0.0,0.0016
2.885121015277764,0.516410673459456,0.0,0.0,0.0,0.0016
2.885121015277764,0.5564217311534528,0.0,0.0,0.0,0.0016
2.885121015277764,0.5995328114071461,0.0,0.0,0.0,0.0016
2.885121015277764,0.6459841013194154,0.0,0.0,0.0,0.0016
2.885121015277764,0.696034397480316,0.0,0.0,0.0,0.0016
2.885121015277764,0.7499625478185521,0.0,0.0,0.0,0.0016
2.885121015277764,0.8080690051620618,0.0,0.0,0.0,0.0016
2.885121015277764,0.8706775011671474,0.0,0.0,0.0,0.0016
2.885121015277764,0.9381368499422049,0.0,0.0,0.0,0.0016
2.885121015277764,1.0108228914146788,0.0,0.0,0.0,0.0016
2.885121015277764,1.0891405852684266,0.0,0.0,0.0,0.0016
2.885121015277764,1.173526267117564,0.0,0.0,0.0,0.0016
2.885121015277764,1.264450079486729,0.0,0.0,0.0,0.0016
2.885121015277764,1.3624185911416191,0.0,0.0,0.0,0.0016
2.885121015277764,1.467977619363024,0.0,0.0,0.0,0.0016
2.885121015277764,1.581715270888233,0.0,0.0,0.0,0.0016
2.885121015277764,1.7042652184619906,0.0,0.0,0.0,0.0016
2.885121015277764,1.836310231251813,0.0,0.0,0.0,0.0016
2.885121015277764,1.9785859787968756,0.0,0.0,0.0,0.0016
2.885121015277764,2.1318851296835977,0.0,0.0,0.0,0.0016
2.885121015277764,2.297061767783123,0.0,0.0,0.0,0.0016
2.885121015277764,2.475036150655092,0.0,0.0,0.0,0.0016
2.885121015277764,2.6667998366284884,0.0,0.0,0.0,0.0016
2.885121015277764,2.8734212091243085,0.0,0.0,0.0,0.0016
2.885121015277764,3.0960514289980536,0.0,0.0,0.0,0.0016
2.885121015277764,3.3359308480646077,0.0,0.0,0.0,0.0016
2.885121015277764,3.5943959195375657,0.0,0.0,0.0,0.0016
2.885121015277764,3.8728866438834793,0.0,0.0,0.0,0.0016
2.885121015277764,4.172954591574528,0.0,0.0,0.0,0.0016
2.885121015277764,4.496271547437228,0.0,0.0,0.0,0.0016
2.885121015277764,4.844638824757865,0.0,0.0,0.0,0.0016
2.885121015277764,5.219997301036887,0.0,0.0,0.0,0.0016
2.885121015277764,5.62443823130494,0.0,0.0,0.0,0.0016
2.885121015277764,6.060214899245428,0.020800000000000003,0.020969326646006804,0.00016932664600680103,0.0016
2.885121015277764,6.529755171036042,0.0528,0.05316284537004871,0.0003628453700487075,0.0016
2.885121015277764,7.035675021851269,0.0864,0.08567708455558691,0.0007229154444130942,0.0016
2.885121015277764,7.58079311038668,0.1184,0.11849475479967207,9.475479967206712e-05,0.0016
2.885121015277764,8.168146482604984,0.152,0.15159915035239396,0.00040084964760603303,0.0016
2.885121015277764,8.801007492194831,0.18560000000000001,0.1849741744909695,0.0006258255090305087,0.0016
2.885121015277764,9.482902032012383,0.2192,0.21860435763753738,0.0005956423624626228,0.0016
2.885121015277764,10.217629178079317,0.2528,0.25247486891445575,0.0003251310855442724,0.0016
2.885121015277764,11.009282355581066,0.2864,0.28657152183170786,0.00017152183170787705,0.0016
2.885121015277764,11.862272144788507,0.3216,0.3208807747879461,0.00071922521205392,0.0016
2.885121015277764,12.781350853962953,0.3552,0.355389727042625,0.00018972704262498752,0.0016
2.885121015277764,13.77163899614884,0.3904,0.390086110784159,0.00031388921584102336,0.0016
2.885121015277764,14.838653817365689,0.42560000000000003,0.4249582798804189,0.0006417201195811351,0.0016
2.885121015277764,15.988340035139956,0.4592,0.4599951958551771,0.0007951958551771221,0.0016
2.885121015277764,17.227102958632177,0.4944,0.49518641158906906,0.0007864115890690582,0.0016
2.885121015277764,18.56184417488314,0.5312,0.5305220531976561,0.0006779468023438984,0.0016
2.885121015277764,20.000000000000004,0.5664,0.565992800493469,0.00040719950653100856,0.0016
3.0904006071198626,0.1,0.0,0.0,0.0,0.0016
3.0904006071198626,0.1077479145475366,0.0,0.0,0.0,0.0016
3.0904006071198626,0.11609613089343249,0.0,0.0,0.0,0.0016
3.0904006071198626,0.12509115990805186,0.0,0.0,0.0,0.0016
3.0904006071198626,0.1347831160842501,0.0,0.0,0.0,0.0016
3.0904006071198626,0.14522599674296482,0.0,0.0,0.0,0.0016
3.0904006071198626,0.15647798287141804,0.0,0.0,0.0,0.0016
3.0904006071198626,0.1686017632700044,0.0,0.0,0.0,0.0016
3.0904006071198626,0.18166488381380433,0.0,0.0,0.0,0.0016
3.0904006071198626,0.19574012377457947,0.0,0.0,0.0,0.0016
3.0904006071198626,0.21090590129987632,0.0,0.0,0.0,0.0016
3.0904006071198626,0.22724671030830257,0.0,0.0,0.0,0.0016
3.0904006071198626,0.24485359123507788,0.0,0.0,0.0,0.0016
3.0904006071198626,0.26382463825054625,0.0,0.0,0.0,0.0016
3.0904006071198626,0.28426554577754615,0.0,0.0,0.0,0.0016
3.0904006071198626,0.3062901973524789,0.0,0.0,0.0,0.0016
3.0904006071198626,0.3300213001108302,0.0,0.0,0.0,0.0016
3.0904006071198626,0.3555910684320866,0.0,0.0,0.0,0.0016
3.0904006071198626,0.3831419605528771,0.0,0.0,0.0,0.0016
3.0904006071198626,0.41282747225227034,0.0,0.0,0.0,0.0016
3.0904006071198626,0.4448129920311316,0.0,0.0,0.0,0.0016
3.0904006071198626,0.47927672255004444,0.0,0.0,0.0,0.0016
3.0904006071198626,0.516410673459456,0.0,0.0,0.0,0.0016
3.0904006071198626,0.5564217311534528,0.0,0.0,0.0,0.0016
3.0904006071198626,0.5995328114071461,0.0,0.0,0.0,0.0016
3.0904006071198626,0.6459841013194154,0.0,0.0,0.0,0.0016
3.0904006071198626,0.696034397480316,0.0,0.0,0.0,0.0016
3.0904006071198626,0.7499625478185521,0.0,0.0,0.0,0.0016
3.0904006071198626,0.8080690051620618,0.0,0.0,0.0,0.0016
3.0904006071198626,0.8706775011671474,0.0,0.0,0.0,0.0016
3.0904006071198626,0.9381368499422049,0.0,0.0,0.0,0.0016
3.0904006071198626,1.0108228914146788,0.0,0.0,0.0,0.0016
3.0904006071198626,1.0891405852684266,0.0,0.0,0.0,0.0016
3.0904006071198626,1.173526267117564,0.0,0.0,0.0,0.0016
3.0904006071198626,1.264450079486729,0.0,0.0,0.0,0.0016
3.0904006071198626,1.3624185911416191,0.0,0.0,0.0,0.0016
3.0904006071198626,1.467977619363024,0.0,0.0,0.0,0.0016
3.0904006071198626,1.581715270888233,0.0,0.0,0.0,0.0016
3.0904006071198626,1.7042652184619906,0.0,0.0,0.0,0.0016
3.0904006071198626,1.836310231251813,0.0,0.0,0.0,0.0016
3.0904006071198626,1.9785859787968756,0.0,0.0,0.0,0.0016
3.0904006071198626,2.1318851296835977,0.0,0.0,0.0,0.0016
3.0904006071198626,2.297061767783123,0.0,0.0,0.0,0.0016
3.0904006071198626,2.475036150655092,0.0,0.0,0.0,0.0016
3.0904006071198626,2.6667998366284884,0.0,0.0,0.0,0.0016
3.0904006071198626,2.8734212091243085,0.0,0.0,0.0,0.0016
3.0904006071198626,3.0960514289980536,0.0,0.0,0.0,0.0016
3.0904006071198626,3.3359308480646077,0.0,0.0,0.0,0.0016
3.0904006071198626,3.5943959195375657,0.0,0.0,0.0,0.0016
3.0904006071198626,3.8728866438834793,0.0,0.0,0.0,0.0016
3.0904006071198626,4.172954591574528,0.0,0.0,0.0,0.0016
3.0904006071198626,4.496271547437228,0.0,0.0,0.0,0.0016
3.0904006071198626,4.844638824757865,0.0,0.0,0.0,0.0016
3.0904006071198626,5.219997301036887,0.0,0.0,0.0,0.0016
3.0904006071198626,5.62443823130494,0.0,0.0,0.0,0.0016
3.0904006071198626,6.060214899245428,0.0,0.0,0.0,0.0016
3.0904006071198626,6.529755171036042,0.024,0.02372578045756941,0.0002742195424305892,0.0016
3.0904006071198626,7.035675021851269,0.056,0.056240019643107694,0.00024001964310769314,0.0016
3.0904006071198626,7.58079311038668,0.0896,0.08905768988719281,0.0005423101128071844,0.0016
3.0904006071198626,8.168146482604984,0.1216,0.12216208543991465,0.0005620854399146502,0.0016
3.0904006071198626,8.801007492194831,0.1552,0.15553710957849023,0.00033710957849023004,0.0016
3.0904006071198626,9.482902032012383,0.1888,0.18916729272505806,0.00036729272505806043,0.0016
3.0904006071198626,10.217629178079317,0.22240000000000001,0.22303780400197645,0.0006378040019764386,0.0016
3.0904006071198626,11.009282355581066,0.2576,0.25713445691922854,0.0004655430807714578,0.0016
3.0904006071198626,11.862272144788507,0.2912,0.29144370987546675,0.0002437098754667355,0.0016
3.0904006071198626,12.781350853962953,0.3264,0.3259526621301457,0.0004473378698543473,0.0016
3.0904006071198626,13.77163899614884,0.36000000000000004,0.36064904587167973,0.0006490458716796876,0.0016
3.0904006071198626,14.838653817365689,0.3952,0.39552121496793957,0.00032121496793957593,0.0016
3.0904006071198626,15.988340035139956,0.4304,0.4305581309426978,0.00015813094269778727,0.0016
3.0904006071198626,17.227102958632177,0.4656,0.46574934667658985,0.00014934667658983436,0.0016
3.0904006071198626,18.56184417488314,0.5008,0.5010849882851768,0.0002849882851767571,0.0016
3.0904006071198626,20.000000000000004,0.536,0.5365557355809898,0.000555735580989758,0.0016
3.310286071853846,0.1,0.0,0.0,0.0,0.0016
3.310286071853846,0.1077479145475366,0.0,0.0,0.0,0.0016
3.310286071853846,0.11609613089343249,0.0,0.0,0.0,0.0016
3.310286071853846,0.12509115990805186,0.0,0.0,0.0,0.0016
3.310286071853846,0.1347831160842501,0.0,0.0,0.0,0.0016
3.310286071853846,0.14522599674296482,0.0,0.0,0.0,0.0016
3.310286071853846,0.15647798287141804,0.0,0.0,0.0,0.0016
3.310286071853846,0.1686017632700044,0.0,0.0,0.0,0.0016
3.310286071853846,0.18166488381380433,0.0,0.0,0.0,0.0016
3.310286071853846,0.19574012377457947,0.0,0.0,0.0,0.0016
3.310286071853846,0.21090590129987632,0.0,0.0,0.0,0.0016
3.310286071853846,0.22724671030830257,0.0,0.0,0.0,0.0016
3.310286071853846,0.24485359123507788,0.0,0.0,0.0,0.0016
3.310286071853846,0.26382463825054625,0.0,0.0,0.0,0.0016
3.310286071853846,0.28426554577754615,0.0,0.0,0.0,0.0016
3.310286071853846,0.3062901973524789,0.0,0.0,0.0,0.0016
3.310286071853846,0.3300213001108302,0.0,0.0,0.0,0.0016
3.310286071853846,0.3555910684320866,0.0,0.0,0.0,0.0016
3.310286071853846,0.3831419605528771,0.0,0.0,0.0,0.0016
3.310286071853846,0.41282747225227034,0.0,0.0,0.0,0.0016
3.310286071853846,0.4448129920311316,0.0,0.0,0.0,0.0016
3.310286071853846,0.47927672255004444,0.0,0.0,0.0,0.0016
3.310286071853846,0.516410673459456,0.0,0.0,0.0,0.0016
3.310286071853846,0.5564217311534528,0.0,0.0,0.0,0.0016
3.310286071853846,0.5995328114071461,0.0,0.0,0.0,0.0016
3.310286071853846,0.6459841013194154,0.0,0.0,0.0,0.0016
3.310286071853846,0.696034397480316,0.0,0.0,0.0,0.0016
3.310286071853846,0.7499625478185521,0.0,0.0,0.0,0.0016
3.310286071853846,0.8080690051620618,0.0,0.0,0.0,0.0016
3.310286071853846,0.8706775011671474,0.0,0.0,0.0,0.0016
3.310286071853846,0.9381368499422049,0.0,0.0,0.0,0.0016
3.310286071853846,1.0108228914146788,0.0,0.0,0.0,0.0016
3.310286071853846,1.0891405852684266,0.0,0.0,0.0,0.0016
3.310286071853846,1.173526267117564,0.0,0.0,0.0,0.0016
3.310286071853846,1.264450079486729,0.0,0.0,0.0,0.0016
3.310286071853846,1.3624185911416191,0.0,0.0,0.0,0.0016
3.310286071853846,1.467977619363024,0.0,0.0,0.0,0.0016
3.310286071853846,1.581715270888233,0.0,0.0,0.0,0.0016
3.310286071853846,1.7042652184619906,0.0,0.0,0.0,0.0016
3.310286071853846,1.836310231251813,0.0,0.0,0.0,0.0016
3.310286071853846,1.9785859787968756,0.0,0.0,0.0,0.0016
3.310286071853846,2.1318851296835977,0.0,0.0,0.0,0.0016
3.310286071853846,2.297061767783123,0.0,0.0,0.0,0.0016
3.310286071853846,2.475036150655092,0.0,0.0,0.0,0.0016
3.310286071853846,2.6667998366284884,0.0,0.0,0.0,0.0016
3.310286071853846,2.8734212091243085,0.0,0.0,0.0,0.0016
3.310286071853846,3.0960514289980536,0.0,0.0,0.0,0.0016
3.310286071853846,3.3359308480646077,0.0,0.0,0.0,0.0016
3.310286071853846,3.5943959195375657,0.0,0.0,0.0,0.0016
3.310286071853846,3.8728866438834793,0.0,0.0,0.0,0.0016
3.310286071853846,4.172954591574528,0.0,0.0,0.0,0.0016
3.310286071853846,4.496271547437228,0.0,0.0,0.0,0.0016
3.310286071853846,4.844638824757865,0.0,0.0,0.0,0.0016
3.310286071853846,5.219997301036887,0.0,0.0,0.0,0.0016
3.310286071853846,5.62443823130494,0.0,0.0,0.0,0.0016
3.310286071853846,6.060214899245428,0.0,0.0,0.0,0.0016
3.310286071853846,6.529755171036042,0.0,0.0,0.0,0.0016
3.310286071853846,7.035675021851269,0.027200000000000002,0.026519777245863553,0.0006802227541364489,0.0016
3.310286071853846,7.58079311038668,0.0592,0.05933744748994875,0.00013744748994874711,0.0016
3.310286071853846,8.168146482604984,0.09280000000000001,0.09244184304267054,0.00035815695732946407,0.0016
3.310286071853846,8.801007492194831,0.1264,0.1258168671812461,0.000583132818753912,0.0016
3.310286071853846,9.482902032012383,0.16,0.15944705032781398,0.0005529496721860261,0.0016
3.310286071853846,10.217629178079317,0.19360000000000002,0.19331756160473243,0.0002824383952675924,0.0016
3.310286071853846,11.009282355581066,0.2272,0.22741421452198446,0.00021421452198444602,0.0016
3.310286071853846,11.862272144788507,0.2624,0.2617234674782227,0.0006765325217772955,0.0016
3.310286071853846,12.781350853962953,0.29600000000000004,0.2962324197329016,0.00023241973290155649,0.0016
3.310286071853846,13.77163899614884,0.3312,0.3309288034744356,0.0002711965255643989,0.0016
3.310286071853846,14.838653817365689,0.3664,0.36580097257069555,0.0005990274293044551,0.0016
3.310286071853846,15.988340035139956,0.4016,0.4008378885454537,0.0007621114545462992,0.0016
3.310286071853846,17.227102958632177,0.4368,0.43602910427934566,0.0007708957206543632,0.0016
3.310286071853846,18.56184417488314,0.47200000000000003,0.4713647458879327,0.0006352541120673294,0.0016
3.310286071853846,20.000000000000004,0.5072,0.5068354931837458,0.00036450681625421755,0.0016
3.545816633695918,0.1,0.0,0.0,0.0,0.0016
3.545816633695918,0.1077479145475366,0.0,0.0,0.0,0.0016
3.545816633695918,0.11609613089343249,0.0,0.0,0.0,0.0016
3.545816633695918,0.12509115990805186,0.0,0.0,0.0,0.0016
3.545816633695918,0.1347831160842501,0.0,0.0,0.0,0.0016
3.545816633695918,0.14522599674296482,0.0,0.0,0.0,0.0016
3.545816633695918,0.15647798287141804,0.0,0.0,0.0,0.0016
3.545816633695918,0.1686017632700044,0.0,0.0,0.0,0.0016
3.545816633695918,0.18166488381380433,0.0,0.0,0.0,0.0016
3.545816633695918,0.19574012377457947,0.0,0.0,0.0,0.0016
3.545816633695918,0.21090590129987632,0.0,0.0,0.0,0.0016
3.545816633695918,0.22724671030830257,0.0,0.0,0.0,0.0016
3.545816633695918,0.24485359123507788,0.0,0.0,0.0,0.0016
3.545816633695918,0.26382463825054625,0.0,0.0,0.0,0.0016
3.545816633695918,0.28426554577754615,0.0,0.0,0.0,0.0016
3.545816633695918,0.3062901973524789,0.0,0.0,0.0,0.0016
3.545816633695918,0.3300213001108302,0.0,0.0,0.0,0.0016
3.545816633695918,0.3555910684320866,0.0,0.0,0.0,0.0016
3.545816633695918,0.3831419605528771,0.0,0.0,0.0,0.0016
3.545816633695918,0.41282747225227034,0.0,0.0,0.0,0.0016
3.545816633695918,0.4448129920311316,0.0,0.0,0.0,0.0016
3.545816633695918,0.47927672255004444,0.0,0.0,0.0,0.0016
3.545816633695918,0.516410673459456,0.0,0.0,0.0,0.0016
3.545816633695918,0.5564217311534528,0.0,0.0,0.0,0.0016
3.545816633695918,0.5995328114071461,0.0,0.0,0.0,0.0016
3.545816633695918,0.6459841013194154,0.0,0.0,0.0,0.0016
3.545816633695918,0.696034397480316,0.0,0.0,0.0,0.0016
3.545816633695918,0.7499625478185521,0.0,0.0,0.0,0.0016
3.545816633695918,0.8080690051620618,0.0,0.0,0.0,0.0016
3.545816633695918,0.8706775011671474,0.0,0.0,0.0,0.0016
3.545816633695918,0.9381368499422049,0.0,0.0,0.0,0.0016
3.545816633695918,1.0108228914146788,0.0,0.0,0.0,0.0016
3.545816633695918,1.0891405852684266,0.0,0.0,0.0,0.0016
3.545816633695918,1.173526267117564,0.0,0.0,0.0,0.0016
3.545816633695918,1.264450079486729,0.0,0.0,0.0,0.0016
3.545816633695918,1.3624185911416191,0.0,0.0,0.0,0.0016
3.545816633695918,1.467977619363024,0.0,0.0,0.0,0.0016
3.545816633695918,1.581715270888233,0.0,0.0,0.0,0.0016
3.545816633695918,1.7042652184619906,0.0,0.0,0.0,0.0016
3.545816633695918,1.836310231251813,0.0,0.0,0.0,0.0016
3.545816633695918,1.9785859787968756,0.0,0.0,0.0,0.0016
3.545816633695918,2.1318851296835977,0.0,0.0,0.0,0.0016
3.545816633695918,2.297061767783123,0.0,0.0,0.0,0.0016
3.545816633695918,2.475036150655092,0.0,0.0,0.0,0.0016
3.545816633695918,2.6667998366284884,0.0,0.0,0.0,0.0016
3.545816633695918,2.8734212091243085,0.0,0.0,0.0,0.0016
3.545816633695918,3.0960514289980536,0.0,0.0,0.0,0.0016
3.545816633695918,3.3359308480646077,0.0,0.0,0.0,0.0016
3.545816633695918,3.5943959195375657,0.0,0.0,0.0,0.0016
3.545816633695918,3.8728866438834793,0.0,0.0,0.0,0.0016
3.545816633695918,4.172954591574528,0.0,0.0,0.0,0.0016
3.545816633695918,4.496271547437228,0.0,0.0,0.0,0.0016
3.545816633695918,4.844638824757865,0.0,0.0,0.0,0.0016
3.545816633695918,5.219997301036887,0.0,0.0,0.0,0.0016
3.545816633695918,5.62443823130494,0.0,0.0,0.0,0.0016
3.545816633695918,6.060214899245428,0.0,0.0,0.0,0.0016
3.545816633695918,6.529755171036042,0.0,0.0,0.0,0.0016
3.545816633695918,7.035675021851269,0.0,0.0,0.0,0.0016
3.545816633695918,7.58079311038668,0.028800000000000003,0.02934787422442419,0.0005478742244241878,0.0016
3.545816633695918,8.168146482604984,0.062400000000000004,0.06245226977714603,5.2269777146028706e-05,0.0016
3.545816633695918,8.801007492194831,0.096,0.09582729391572158,0.00017270608427842615,0.0016
3.545816633695918,9.482902032012383,0.1296,0.1294574770622894,0.0001425229377105819,0.0016
3.545816633695918,10.217629178079317,0.1632,0.1633279883392078,0.0001279883392077963,0.0016
3.545816633695918,11.009282355581066,0.1968,0.1974246412564599,0.0006246412564598902,0.0016
3.545816633695918,11.862272144788507,0.232,0.23173389421269816,0.0002661057873018513,0.0016
3.545816633695918,12.781350853962953,0.2656,0.26624284646737706,0.0006428464673770562,0.0016
3.545816633695918,13.77163899614884,0.3008,0.30093923020891106,0.00013923020891104532,0.0016
3.545816633695918,14.838653817365689,0.336,0.335811399305171,0.00018860069482901087,0.0016
3.545816633695918,15.988340035139956,0.37120000000000003,0.37084831527992923,0.00035168472007079954,0.0016
3.545816633695918,17.227102958632177,0.40640000000000004,0.40603953101382123,0.00036046898617880796,0.0016
3.545816633695918,18.56184417488314,0.44160000000000005,0.44137517262240816,0.0002248273775918852,0.0016
3.545816633695918,20.000000000000004,0.4768,0.4768459199182212,4.591991822117114e-05,0.0016
3.798105458829285,0.1,0.0,0.0,0.0,0.0016
3.798105458829285,0.1077479145475366,0.0,0.0,0.0,0.0016
3.798105458829285,0.11609613089343249,0.0,0.0,0.0,0.0016
3.798105458829285,0.12509115990805186,0.0,0.0,0.0,0.0016
3.798105458829285,0.1347831160842501,0.0,0.0,0.0,0.0016
3.798105458829285,0.14522599674296482,0.0,0.0,0.0,0.0016
3.798105458829285,0.15647798287141804,0.0,0.0,0.0,0.0016
3.798105458829285,0.1686017632700044,0.0,0.0,0.0,0.0016
3.798105458829285,0.18166488381380433,0.0,0.0,0.0,0.0016
3.798105458829285,0.19574012377457947,0.0,0.0,0.0,0.0016
3.798105458829285,0.21090590129987632,0.0,0.0,0.0,0.0016
3.798105458829285,0.22724671030830257,0.0,0.0,0.0,0.0016
3.798105458829285,0.24485359123507788,0.0,0.0,0.0,0.0016
3.798105458829285,0.26382463825054625,0.0,0.0,0.0,0.0016
3.798105458829285,0.28426554577754615,0.0,0.0,0.0,0.0016
3.798105458829285,0.3062901973524789,0.0,0.0,0.0,0.0016
3.798105458829285,0.3300213001108302,0.0,0.0,0.0,0.0016
3.798105458829285,0.3555910684320866,0.0,0.0,0.0,0.0016
3.798105458829285,0.3831419605528771,0.0,0.0,0.0,0.0016
3.798105458829285,0.41282747225227034,0.0,0.0,0.0,0.0016
3.798105458829285,0.4448129920311316,0.0,0.0,0.0,0.0016
3.798105458829285,0.47927672255004444,0.0,0.0,0.0,0.0016
3.798105458829285,0.516410673459456,0.0,0.0,0.0,0.0016
3.798105458829285,0.5564217311534528,0.0,0.0,0.0,0.0016
3.798105458829285,0.5995328114071461,0.0,0.0,0.0,0.0016
3.798105458829285,0.6459841013194154,0.0,0.0,0.0,0.0016
3.798105458829285,0.696034397480316,0.0,0.0,0.0,0.0016
3.798105458829285,0.7499625478185521,0.0,0.0,0.0,0.0016
3.798105458829285,0.8080690051620618,0.0,0.0,0.0,0.0016
3.798105458829285,0.8706775011671474,0.0,0.0,0.0,0.0016
3.798105458829285,0.9381368499422049,0.0,0.0,0.0,0.0016
3.798105458829285,1.0108228914146788,0.0,0.0,0.0,0.0016
3.798105458829285,1.0891405852684266,0.0,0.0,0.0,0.0016
3.798105458829285,1.173526267117564,0.0,0.0,0.0,0.0016
3.798105458829285,1.264450079486729,0.0,0.0,0.0,0.0016
3.798105458829285,1.3624185911416191,0.0,0.0,0.0,0.0016
3.798105458829285,1.467977619363024,0.0,0.0,0.0,0.0016
3.798105458829285,1.581715270888233,0.0,0.0,0.0,0.0016
3.798105458829285,1.7042652184619906,0.0,0.0,0.0,0.0016
3.798105458829285,1.836310231251813,0.0,0.0,0.0,0.0016
3.798105458829285,1.9785859787968756,0.0,0.0,0.0,0.0016
3.798105458829285,2.1318851296835977,0.0,0.0,0.0,0.0016
3.798105458829285,2.297061767783123,0.0,0.0,0.0,0.0016
3.798105458829285,2.475036150655092,0.0,0.0,0.0,0.0016
3.798105458829285,2.6667998366284884,0.0,0.0,0.0,0.0016
3.798105458829285,2.8734212091243085,0.0,0.0,0.0,0.0016
3.798105458829285,3.0960514289980536,0.0,0.0,0.0,0.0016
3.798105458829285,3.3359308480646077,0.0,0.0,0.0,0.0016
3.798105458829285,3.5943959195375657,0.0,0.0,0.0,0.0016
3.798105458829285,3.8728866438834793,0.0,0.0,0.0,0.0016
3.798105458829285,4.172954591574528,0.0,0.0,0.0,0.0016
3.798105458829285,4.496271547437228,0.0,0.0,0.0,0.0016
3.798105458829285,4.844638824757865,0.0,0.0,0.0,0.0016
3.798105458829285,5.219997301036887,0.0,0.0,0.0,0.0016
3.798105458829285,5.62443823130494,0.0,0.0,0.0,0.0016
3.798105458829285,6.060214899245428,0.0,0.0,0.0,0.0016
3.798105458829285,6.529755171036042,0.0,0.0,0.0,0.0016
3.798105458829285,7.035675021851269,0.0,0.0,0.0,0.0016
3.798105458829285,7.58079311038668,0.0,0.0,0.0,0.0016
3.798105458829285,8.168146482604984,0.032,0.03220681112023233,0.00020681112023233222,0.0016
3.798105458829285,8.801007492194831,0.0656,0.06558183525880787,1.8164741192136513e-05,0.0016
3.798105458829285,9.482902032012383,0.09920000000000001,0.09921201840537573,1.201840537572163e-05,0.0016
3.798105458829285,10.217629178079317,0.1328,0.1330825296822941,0.0002825296822940859,0.0016
3.798105458829285,11.009282355581066,0.16640000000000002,0.16717918259954623,0.0007791825995462076,0.0016
3.798105458829285,11.862272144788507,0.2016,0.20148843555578447,0.00011156444421553391,0.0016
3.798105458829285,12.781350853962953,0.23520000000000002,0.23599738781046334,0.0007973878104633181,0.0016
3.798105458829285,13.77163899614884,0.27040000000000003,0.27069377155199736,0.00029377155199733496,0.0016
3.798105458829285,14.838653817365689,0.30560000000000004,0.3055659406482572,3.4059351742832256e-05,0.0016
3.798105458829285,15.988340035139956,0.3408,0.3406028566230154,0.0001971433769845654,0.0016
3.798105458829285,17.227102958632177,0.376,0.3757940723569075,0.00020592764309251832,0.0016
3.798105458829285,18.56184417488314,0.4112,0.4111297139654944,7.028603450559556e-05,0.0016
3.798105458829285,20.000000000000004,0.4464,0.44660046126130737,0.00020046126130734976,0.0016
4.068344916457948,0.1,0.0,0.0,0.0,0.0016
4.068344916457948,0.1077479145475366,0.0,0.0,0.0,0.0016
4.068344916457948,0.11609613089343249,0.0,0.0,0.0,0.0016
4.068344916457948,0.12509115990805186,0.0,0.0,0.0,0.0016
4.068344916457948,0.1347831160842501,0.0,0.0,0.0,0.0016
4.068344916457948,0.14522599674296482,0.0,0.0,0.0,0.0016
4.068344916457948,0.15647798287141804,0.0,0.0,0.0,0.0016
4.068344916457948,0.1686017632700044,0.0,0.0,0.0,0.0016
4.068344916457948,0.18166488381380433,0.0,0.0,0.0,0.0016
4.068344916457948,0.19574012377457947,0.0,0.0,0.0,0.0016
4.068344916457948,0.21090590129987632,0.0,0.0,0.0,0.0016
4.068344916457948,0.22724671030830257,0.0,0.0,0.0,0.0016
4.068344916457948,0.24485359123507788,0.0,0.0,0.0,0.0016
4.068344916457948,0.26382463825054625,0.0,0.0,0.0,0.0016
4.068344916457948,0.28426554577754615,0.0,0.0,0.0,0.0016
4.068344916457948,0.3062901973524789,0.0,0.0,0.0,0.0016
4.068344916457948,0.3300213001108302,0.0,0.0,0.0,0.0016
4.068344916457948,0.3555910684320866,0.0,0.0,0.0,0.0016
4.068344916457948,0.3831419605528771,0.0,0.0,0.0,0.0016
4.068344916457948,0.41282747225227034,0.0,0.0,0.0,0.0016
4.068344916457948,0.4448129920311316,0.0,0.0,0.0,0.0016
4.068344916457948,0.47927672255004444,0.0,0.0,0.0,0.0016
4.068344916457948,0.516410673459456,0.0,0.0,0.0,0.0016
4.068344916457948,0.5564217311534528,0.0,0.0,0.0,0.0016
4.068344916457948,0.5995328114071461,0.0,0.0,0.0,0.0016
4.068344916457948,0.6459841013194154,0.0,0.0,0.0,0.0016
4.068344916457948,0.696034397480316,0.0,0.0,0.0,0.0016
4.068344916457948,0.7499625478185521,0.0,0.0,0.0,0.0016
4.068344916457948,0.8080690051620618,0.0,0.0,0.0,0.0016
4.068344916457948,0.8706775011671474,0.0,0.0,0.0,0.0016
4.068344916457948,0.9381368499422049,0.0,0.0,0.0,0.0016
4.068344916457948,1.0108228914146788,0.0,0.0,0.0,0.0016
4.068344916457948,1.0891405852684266,0.0,0.0,0.0,0.0016
4.068344916457948,1.173526267117564,0.0,0.0,0.0,0.0016
4.068344916457948,1.264450079486729,0.0,0.0,0.0,0.0016
4.068344916457948,1.3624185911416191,0.0,0.0,0.0,0.0016
4.068344916457948,1.467977619363024,0.0,0.0,0.0,0.0016
4.068344916457948,1.581715270888233,0.0,0.0,0.0,0.0016
4.068344916457948,1.7042652184619906,0.0,0.0,0.0,0.0016
4.068344916457948,1.836310231251813,0.0,0.0,0.0,0.0016
4.068344916457948,1.9785859787968756,0.0,0.0,0.0,0.0016
4.068344916457948,2.1318851296835977,0.0,0.0,0.0,0.0016
4.068344916457948,2.297061767783123,0.0,0.0,0.0,0.0016
4.068344916457948,2.475036150655092,0.0,0.0,0.0,0.0016
4.068344916457948,2.6667998366284884,0.0,0.0,0.0,0.0016
4.068344916457948,2.8734212091243085,0.0,0.0,0.0,0.0016
4.068344916457948,3.0960514289980536,0.0,0.0,0.0,0.0016
4.068344916457948,3.3359308480646077,0.0,0.0,0.0,0.0016
4.068344916457948,3.5943959195375657,0.0,0.0,0.0,0.0016
4.068344916457948,3.8728866438834793,0.0,0.0,0.0,0.0016
4.068344916457948,4.172954591574528,0.0,0.0,0.0,0.0016
4.068344916457948,4.496271547437228,0.0,0.0,0.0,0.0016
4.068344916457948,4.844638824757865,0.0,0.0,0.0,0.0016
4.068344916457948,5.219997301036887,0.0,0.0,0.0,0.0016
4.068344916457948,5.62443823130494,0.0,0.0,0.0,0.0016
4.068344916457948,6.060214899245428,0.0,0.0,0.0,0.0016
4.068344916457948,6.529755171036042,0.0,0.0,0.0,0.0016
4.068344916457948,7.035675021851269,0.0,0.0,0.0,0.0016
4.068344916457948,7.58079311038668,0.0,0.0,0.0,0.0016
4.068344916457948,8.168146482604984,0.0016,0.0017184901363156138,0.0001184901363156137,0.0016
4.068344916457948,8.801007492194831,0.0352,0.035093514274891185,0.00010648572510881665,0.0016
4.068344916457948,9.482902032012383,0.0688,0.06872369742145898,7.630257854102096e-05,0.0016
4.068344916457948,10.217629178079317,0.1024,0.10259420869837745,0.00019420869837744048,0.0016
4.068344916457948,11.009282355581066,0.136,0.1366908616156295,0.0006908616156294789,0.0016
4.068344916457948,11.862272144788507,0.17120000000000002,0.17100011457186776,0.00019988542813226262,0.0016
4.068344916457948,12.781350853962953,0.2048,0.20550906682654663,0.0007090668265466171,0.0016
4.068344916457948,13.77163899614884,0.24000000000000002,0.24020545056808068,0.00020545056808066176,0.0016
4.068344916457948,14.838653817365689,0.2752,0.2750776196643405,0.0001223803356594777,0.0016
4.068344916457948,15.988340035139956,0.3104,0.3101145356390987,0.0002854643609013219,0.0016
4.068344916457948,17.227102958632177,0.3456,0.34530575137299074,0.0002942486270092748,0.0016
4.068344916457948,18.56184417488314,0.3808,0.3806413929815778,0.000158607018422241,0.0016
4.068344916457948,20.000000000000004,0.41600000000000004,0.4161121402773907,0.0001121402773906488,0.0016
4.35781221419033,0.1,0.0,0.0,0.0,0.0016
4.35781221419033,0.1077479145475366,0.0,0.0,0.0,0.0016
4.35781221419033,0.11609613089343249,0.0,0.0,0.0,0.0016
4.35781221419033,0.12509115990805186,0.0,0.0,0.0,0.0016
4.35781221419033,0.1347831160842501,0.0,0.0,0.0,0.0016
4.35781221419033,0.14522599674296482,0.0,0.0,0.0,0.0016
4.35781221419033,0.15647798287141804,0.0,0.0,0.0,0.0016
4.35781221419033,0.1686017632700044,0.0,0.0,0.0,0.0016
4.35781221419033,0.18166488381380433,0.0,0.0,0.0,0.0016
4.35781221419033,0.19574012377457947,0.0,0.0,0.0,0.0016
4.35781221419033,0.21090590129987632,0.0,0.0,0.0,0.0016
4.35781221419033,0.22724671030830257,0.0,0.0,0.0,0.0016
4.35781221419033,0.24485359123507788,0.0,0.0,0.0,0.0016
4.35781221419033,0.26382463825054625,0.0,0.0,0.0,0.0016
4.35781221419033,0.28426554577754615,0.0,0.0,0.0,0.0016
4.35781221419033,0.3062901973524789,0.0,0.0,0.0,0.0016
4.35781221419033,0.3300213001108302,0.0,0.0,0.0,0.0016
4.35781221419033,0.3555910684320866,0.0,0.0,0.0,0.0016
4.35781221419033,0.3831419605528771,0.0,0.0,0.0,0.0016
4.35781221419033,0.41282747225227034,0.0,0.0,0.0,0.0016
4.35781221419033,0.4448129920311316,0.0,0.0,0.0,0.0016
4.35781221419033,0.47927672255004444,0.0,0.0,0.0,0.0016
4.35781221419033,0.516410673459456,0.0,0.0,0.0,0.0016
4.35781221419033,0.5564217311534528,0.0,0.0,0.0,0.0016
4.35781221419033,0.5995328114071461,0.0,0.0,0.0,0.0016
4.35781221419033,0.6459841013194154,0.0,0.0,0.0,0.0016
4.35781221419033,0.696034397480316,0.0,0.0,0.0,0.0016
4.35781221419033,0.7499625478185521,0.0,0.0,0.0,0.0016
4.35781221419033,0.8080690051620618,0.0,0.0,0.0,0.0016
4.35781221419033,0.8706775011671474,0.0,0.0,0.0,0.0016
4.35781221419033,0.9381368499422049,0.0,0.0,0.0,0.0016
4.35781221419033,1.0108228914146788,0.0,0.0,0.0,0.0016
4.35781221419033,1.0891405852684266,0.0,0.0,0.0,0.0016
4.35781221419033,1.173526267117564,0.0,0.0,0.0,0.0016
4.35781221419033,1.264450079486729,0.0,0.0,0.0,0.0016
4.35781221419033,1.3624185911416191,0.0,0.0,0.0,0.0016
4.35781221419033,1.467977619363024,0.0,0.0,0.0,0.0016
4.35781221419033,1.581715270888233,0.0,0.0,0.0,0.0016
4.35781221419033,1.7042652184619906,0.0,0.0,0.0,0.0016
4.35781221419033,1.836310231251813,0.0,0.0,0.0,0.0016
4.35781221419033,1.9785859787968756,0.0,0.0,0.0,0.0016
4.35781221419033,2.1318851296835977,0.0,0.0,0.0,0.0016
4.35781221419033,2.297061767783123,0.0,0.0,0.0,0.0016
4.35781221419033,2.475036150655092,0.0,0.0,0.0,0.0016
4.35781221419033,2.6667998366284884,0.0,0.0,0.0,0.0016
4.35781221419033,2.8734212091243085,0.0,0.0,0.0,0.0016
4.35781221419033,3.0960514289980536,0.0,0.0,0.0,0.0016
4.35781221419033,3.3359308480646077,0.0,0.0,0.0,0.0016
4.35781221419033,3.5943959195375657,0.0,0.0,0.0,0.0016
4.35781221419033,3.8728866438834793,0.0,0.0,0.0,0.0016
4.35781221419033,4.172954591574528,0.0,0.0,0.0,0.0016
4.35781221419033,4.496271547437228,0.0,0.0,0.0,0.0016
4.35781221419033,4.844638824757865,0.0,0.0,0.0,0.0016
4.35781221419033,5.219997301036887,0.0,0.0,0.0,0.0016
4.35781221419033,5.62443823130494,0.0,0.0,0.0,0.0016
4.35781221419033,6.060214899245428,0.0,0.0,0.0,0.0016
4.35781221419033,6.529755171036042,0.0,0.0,0.0,0.0016
4.35781221419033,7.035675021851269,0.0,0.0,0.0,0.0016
4.35781221419033,7.58079311038668,0.0,0.0,0.0,0.0016
4.35781221419033,8.168146482604984,0.0,0.0,0.0,0.0016
4.35781221419033,8.801007492194831,0.0048000000000000004,0.004374915144250041,0.00042508485574995966,0.0016
4.35781221419033,9.482902032012383,0.038400000000000004,0.03800509829081788,0.0003949017091821258,0.0016
4.35781221419033,10.217629178079317,0.07200000000000001,0.07187560956773631,0.00012439043226369906,0.0016
4.35781221419033,11.009282355581066,0.1056,0.10597226248498834,0.00037226248498833936,0.0016
4.35781221419033,11.862272144788507,0.1408,0.14028151544122655,0.0005184845587734577,0.0016
4.35781221419033,12.781350853962953,0.1744,0.17479046769590545,0.00039046769590544983,0.0016
4.35781221419033,13.77163899614884,0.2096,0.20948685143743948,0.0001131485625605333,0.0016
4.35781221419033,14.838653817365689,0.24480000000000002,0.24435902053369943,0.0004409794663005895,0.0016
4.35781221419033,15.988340035139956,0.28,0.27939593650845757,0.0006040634915424614,0.0016
4.35781221419033,17.227102958632177,0.31520000000000004,0.31458715224234957,0.0006128477576504698,0.0016
4.35781221419033,18.56184417488314,0.3504,0.34992279385093655,0.00047720614906343606,0.0016
4.35781221419033,20.000000000000004,0.3856,0.3853935411467495,0.00020645885325049074,0.0016
4.667875434386787,0.1,0.0,0.0,0.0,0.0016
4.667875434386787,0.1077479145475366,0.0,0.0,0.0,0.0016
4.667875434386787,0.11609613089343249,0.0,0.0,0.0,0.0016
4.667875434386787,0.12509115990805186,0.0,0.0,0.0,0.0016
4.667875434386787,0.1347831160842501,0.0,0.0,0.0,0.0016
4.667875434386787,0.14522599674296482,0.0,0.0,0.0,0.0016
4.667875434386787,0.15647798287141804,0.0,0.0,0.0,0.0016
4.667875434386787,0.1686017632700044,0.0,0.0,0.0,0.0016
4.667875434386787,0.18166488381380433,0.0,0.0,0.0,0.0016
4.667875434386787,0.19574012377457947,0.0,0.0,0.0,0.0016
4.667875434386787,0.21090590129987632,0.0,0.0,0.0,0.0016
4.667875434386787,0.22724671030830257,0.0,0.0,0.0,0.0016
4.667875434386787,0.24485359123507788,0.0,0.0,0.0,0.0016
4.667875434386787,0.26382463825054625,0.0,0.0,0.0,0.0016
4.667875434386787,0.28426554577754615,0.0,0.0,0.0,0.0016
4.667875434386787,0.3062901973524789,0.0,0.0,0.0,0.0016
4.667875434386787,0.3300213001108302,0.0,0.0,0.0,0.0016
4.667875434386787,0.3555910684320866,0.0,0.0,0.0,0.0016
4.667875434386787,0.3831419605528771,0.0,0.0,0.0,0.0016
4.667875434386787,0.41282747225227034,0.0,0.0,0.0,0.0016
4.667875434386787,0.4448129920311316,0.0,0.0,0.0,0.0016
4.667875434386787,0.47927672255004444,0.0,0.0,0.0,0.0016
4.667875434386787,0.516410673459456,0.0,0.0,0.0,0.0016
4.667875434386787,0.5564217311534528,0.0,0.0,0.0,0.0016
4.667875434386787,0.5995328114071461,0.0,0.0,0.0,0.0016
4.667875434386787,0.6459841013194154,0.0,0.0,0.0,0.0016
4.667875434386787,0.696034397480316,0.0,0.0,0.0,0.0016
4.667875434386787,0.7499625478185521,0.0,0.0,0.0,0.0016
4.667875434386787,0.8080690051620618,0.0,0.0,0.0,0.0016
4.667875434386787,0.8706775011671474,0.0,0.0,0.0,0.0016
4.667875434386787,0.9381368499422049,0.0,0.0,0.0,0.0016
4.667875434386787,1.0108228914146788,0.0,0.0,0.0,0.0016
4.667875434386787,1.0891405852684266,0.0,0.0,0.0,0.0016
4.667875434386787,1.173526267117564,0.0,0.0,0.0,0.0016
4.667875434386787,1.264450079486729,0.0,0.0,0.0,0.0016
4.667875434386787,1.3624185911416191,0.0,0.0,0.0,0.0016
4.667875434386787,1.467977619363024,0.0,0.0,0.0,0.0016
4.667875434386787,1.581715270888233,0.0,0.0,0.0,0.0016
4.667875434386787,1.7042652184619906,0.0,0.0,0.0,0.0016
4.667875434386787,1.836310231251813,0.0,0.0,0.0,0.0016
4.667875434386787,1.9785859787968756,0.0,0.0,0.0,0.0016
4.667875434386787,2.1318851296835977,0.0,0.0,0.0,0.0016
4.667875434386787,2.297061767783123,0.0,0.0,0.0,0.0016
4.667875434386787,2.475036150655092,0.0,0.0,0.0,0.0016
4.667875434386787,2.6667998366284884,0.0,0.0,0.0,0.0016
4.667875434386787,2.8734212091243085,0.0,0.0,0.0,0.0016
4.667875434386787,3.0960514289980536,0.0,0.0,0.0,0.0016
4.667875434386787,3.3359308480646077,0.0,0.0,0.0,0.0016
4.667875434386787,3.5943959195375657,0.0,0.0,0.0,0.0016
4.667875434386787,3.8728866438834793,0.0,0.0,0.0,0.0016
4.667875434386787,4.172954591574528,0.0,0.0,0.0,0.0016
4.667875434386787,4.496271547437228,0.0,0.0,0.0,0.0016
4.667875434386787,4.844638824757865,0.0,0.0,0.0,0.0016
4.667875434386787,5.219997301036887,0.0,0.0,0.0,0.0016
4.667875434386787,5.62443823130494,0.0,0.0,0.0,0.0016
4.667875434386787,6.060214899245428,0.0,0.0,0.0,0.0016
4.667875434386787,6.529755171036042,0.0,0.0,0.0,0.0016
4.667875434386787,7.035675021851269,0.0,0.0,0.0,0.0016
4.667875434386787,7.58079311038668,0.0,0.0,0.0,0.0016
4.667875434386787,8.168146482604984,0.0,0.0,0.0,0.0016
4.667875434386787,8.801007492194831,0.0,0.0,0.0,0.0016
4.667875434386787,9.482902032012383,0.0064,0.007068354257566164,0.000668354257566164,0.0016
4.667875434386787,10.217629178079317,0.041600000000000005,0.04093886553448465,0.0006611344655153562,0.0016
4.667875434386787,11.009282355581066,0.0752,0.0750355184517367,0.00016448154826330386,0.0016
4.667875434386787,11.862272144788507,0.10880000000000001,0.10934477140797493,0.0005447714079749172,0.0016
4.667875434386787,12.781350853962953,0.14400000000000002,0.14385372366265378,0.00014627633734623502,0.0016
4.667875434386787,13.77163899614884,0.1792,0.1785501074041879,0.0006498925958121071,0.0016
4.667875434386787,14.838653817365689,0.21280000000000002,0.2134222765004478,0.0006222765004477715,0.0016
4.667875434386787,15.988340035139956,0.248,0.24845919247520593,0.0004591924752059273,0.0016
4.667875434386787,17.227102958632177,0.2832,0.2836504082090979,0.0004504082090979189,0.0016
4.667875434386787,18.56184417488314,0.3184,0.31898604981768497,0.0005860498176849527,0.0016
4.667875434386787,20.000000000000004,0.3552,0.35445679711349787,0.0007432028865021478,0.0016
5.000000000000001,0.1,0.0,0.0,0.0,0.0016
5.000000000000001,0.1077479145475366,0.0,0.0,0.0,0.0016
5.000000000000001,0.11609613089343249,0.0,0.0,0.0,0.0016
5.000000000000001,0.12509115990805186,0.0,0.0,0.0,0.0016
5.000000000000001,0.1347831160842501,0.0,0.0,0.0,0.0016
5.000000000000001,0.14522599674296482,0.0,0.0,0.0,0.0016
5.000000000000001,0.15647798287141804,0.0,0.0,0.0,0.0016
5.000000000000001,0.1686017632700044,0.0,0.0,0.0,0.0016
5.000000000000001,0.18166488381380433,0.0,0.0,0.0,0.0016
5.000000000000001,0.19574012377457947,0.0,0.0,0.0,0.0016
5.000000000000001,0.21090590129987632,0.0,0.0,0.0,0.0016
5.000000000000001,0.22724671030830257,0.0,0.0,0.0,0.0016
5.000000000000001,0.24485359123507788,0.0,0.0,0.0,0.0016
5.000000000000001,0.26382463825054625,0.0,0.0,0.0,0.0016
5.000000000000001,0.28426554577754615,0.0,0.0,0.0,0.0016
5.000000000000001,0.3062901973524789,0.0,0.0,0.0,0.0016
5.000000000000001,0.3300213001108302,0.0,0.0,0.0,0.0016
5.000000000000001,0.3555910684320866,0.0,0.0,0.0,0.0016
5.000000000000001,0.3831419605528771,0.0,0.0,0.0,0.0016
5.000000000000001,0.41282747225227034,0.0,0.0,0.0,0.0016
5.000000000000001,0.4448129920311316,0.0,0.0,0.0,0.0016
5.000000000000001,0.47927672255004444,0.0,0.0,0.0,0.0016
5.000000000000001,0.516410673459456,0.0,0.0,0.0,0.0016
5.000000000000001,0.5564217311534528,0.0,0.0,0.0,0.0016
5.000000000000001,0.5995328114071461,0.0,0.0,0.0,0.0016
5.000000000000001,0.6459841013194154,0.0,0.0,0.0,0.0016
5.000000000000001,0.696034397480316,0.0,0.0,0.0,0.0016
5.000000000000001,0.7499625478185521,0.0,0.0,0.0,0.0016
5.000000000000001,0.8080690051620618,0.0,0.0,0.0,0.0016
5.000000000000001,0.8706775011671474,0.0,0.0,0.0,0.0016
5.000000000000001,0.9381368499422049,0.0,0.0,0.0,0.0016
5.000000000000001,1.0108228914146788,0.0,0.0,0.0,0.0016
5.000000000000001,1.0891405852684266,0.0,0.0,0.0,0.0016
5.000000000000001,1.173526267117564,0.0,0.0,0.0,0.0016
5.000000000000001,1.264450079486729,0.0,0.0,0.0,0.0016
5.000000000000001,1.3624185911416191,0.0,0.0,0.0,0.0016
5.000000000000001,1.467977619363024,0.0,0.0,0.0,0.0016
5.000000000000001,1.581715270888233,0.0,0.0,0.0,0.0016
5.000000000000001,1.7042652184619906,0.0,0.0,0.0,0.0016
5.000000000000001,1.836310231251813,0.0,0.0,0.0,0.0016
5.000000000000001,1.9785859787968756,0.0,0.0,0.0,0.0016
5.000000000000001,2.1318851296835977,0.0,0.0,0.0,0.0016
5.000000000000001,2.297061767783123,0.0,0.0,0.0,0.0016
5.000000000000001,2.475036150655092,0.0,0.0,0.0,0.0016
5.000000000000001,2.6667998366284884,0.0,0.0,0.0,0.0016
5.000000000000001,2.8734212091243085,0.0,0.0,0.0,0.0016
5.000000000000001,3.0960514289980536,0.0,0.0,0.0,0.0016
5.000000000000001,3.3359308480646077,0.0,0.0,0.0,0.0016
5.000000000000001,3.5943959195375657,0.0,0.0,0.0,0.0016
5.000000000000001,3.8728866438834793,0.0,0.0,0.0,0.0016
5.000000000000001,4.172954591574528,0.0,0.0,0.0,0.0016
5.000000000000001,4.496271547437228,0.0,0.0,0.0,0.0016
5.000000000000001,4.844638824757865,0.0,0.0,0.0,0.0016
5.000000000000001,5.219997301036887,0.0,0.0,0.0,0.0016
5.000000000000001,5.62443823130494,0.0,0.0,0.0,0.0016
5.000000000000001,6.060214899245428,0.0,0.0,0.0,0.0016
5.000000000000001,6.529755171036042,0.0,0.0,0.0,0.0016
5.000000000000001,7.035675021851269,0.0,0.0,0.0,0.0016
5.000000000000001,7.58079311038668,0.0,0.0,0.0,0.0016
5.000000000000001,8.168146482604984,0.0,0.0,0.0,0.0016
5.000000000000001,8.801007492194831,0.0,0.0,0.0,0.0016
5.000000000000001,9.482902032012383,0.0,0.0,0.0,0.0016
5.000000000000001,10.217629178079317,0.009600000000000001,0.009795650883512922,0.00019565088351292115,0.0016
5.000000000000001,11.009282355581066,0.0432,0.04389230380076504,0.0006923038007650359,0.0016
5.000000000000001,11.862272144788507,0.0784,0.07820155675700323,0.00019844324299676808,0.0016
5.000000000000001,12.781350853962953,0.112,0.11271050901168216,0.0007105090116821533,0.0016
5.000000000000001,13.77163899614884,0.1472,0.1474068927532162,0.00020689275321619793,0.0016
5.000000000000001,14.838653817365689,0.1824,0.1822790618494761,0.00012093815052391377,0.0016
5.000000000000001,15.988340035139956,0.21760000000000002,0.21731597782423426,0.00028402217576575794,0.0016
5.000000000000001,17.227102958632177,0.2528,0.25250719355812623,0.0002928064418737941,0.0016
5.000000000000001,18.56184417488314,0.28800000000000003,0.2878428351667133,0.00015716483328676034,0.0016
5.000000000000001,20.000000000000004,0.32320000000000004,0.32331358246252623,0.00011358246252618498,0.0016
