regime,radius,total,temporal,spatial,mc_total,mT,mS
local,0.0,0.25,0.0,0.25,0.2517638733703757,10.0,0.6666666666666666
local,0.002,0.26387275413272204,0.019801326693244747,0.24407142743947732,0.2642926762198285,10.0,0.6631229282973254
local,0.004,0.277494007617053,0.03921056084767682,0.23828344676937618,0.27865743243623925,10.0,0.6596026864316434
local,0.006,0.2908681903685527,0.05823546641575128,0.23263272395280143,0.29214503710440837,10.0,0.6561057360371585
local,0.008,0.3039996576305408,0.07688365361336424,0.22711600401717655,0.3052169815033032,10.0,0.6526318744154184
local,0.01,0.31689269114332974,0.09516258196404037,0.22173010917928937,0.3167421412203941,10.0,0.6491809011688172
local,0.012,0.3295515002976438,0.11307956328284252,0.21647193701480125,0.3271123182052112,10.0,0.6457526181679976
local,0.014,0.34198022327235883,0.13064176460119414,0.2113384586711647,0.3441758668244638,10.0,0.6423468295198036
local,0.016,0.35418292815670926,0.14785621103378865,0.2063267171229206,0.35362150725674496,10.0,0.6389633415357789
local,0.018000000000000002,0.3661636140570979,0.164729788588728,0.2014338254683699,0.36711695341980166,10.0,0.6356019627011937
local,0.02,0.3779262121886565,0.18126924692201818,0.19665696526663834,0.379111108454597,10.0,0.6322625036445951
local,0.022,0.38947458695169807,0.1974812020375215,0.19199338491417656,0.39139637741442124,10.0,0.6289447771078676
local,0.024,0.40081253699320685,0.21337213893344653,0.18744039805976034,0.39784164678055745,10.0,0.6256485979167935
local,0.026000000000000002,0.41194379625351185,0.22894841419643375,0.18299538205707813,0.41481776638331386,10.0,0.6223737829521061
local,0.028,0.42287203499828885,0.24421625854427453,0.17865577645401434,0.41995457852661044,10.0,0.6191201511210244
local,0.03,0.4336008608360399,0.2591817793182821,0.17441908151775776,0.4372142142878888,10.0,0.6158875233292588
local,0.032,0.4441338197211958,0.27385096292630906,0.17028285679488678,0.447290343507593,10.0,0.6126757224534816
local,0.034,0.4544743969429908,0.28822967723739035,0.16624471970560045,0.45358835070227166,10.0,0.6094845733142513
local,0.036000000000000004,0.46462601810025583,0.302323673928969,0.16230234417128683,0.4663115346561567,10.0,0.6063139026493823
local,0.038,0.47459205006228133,0.31613859078764406,0.15845345927463728,0.47346363017109244,10.0,0.6031635390877514
local,0.04,0.4843758019158959,0.3296799539643607,0.1546958479515352,0.48346812717261317,10.0,0.6000333131235341
local,0.042,0.4939805258989094,0.34295318018494325,0.15102734571396617,0.4935448145482399,10.0,0.5969230570908601
local,0.044,0.5034094183200712,0.3559635789168586,0.14744583940321263,0.5103962945881874,10.0,0.5938326051388827
local,0.046,0.5126656204656902,0.36871635449307405,0.14394926597261612,0.5214249196178476,10.0,0.5907617932072518
local,0.048,0.5217522194930648,0.38121660819385916,0.1405356112992056,0.5227553525615384,10.0,0.5877104590019845
local,0.05,0.5306722493108732,0.3934693402873666,0.1372029090235066,0.525037221722989,10.0,0.5846784419717257
local,0.052000000000000005,0.5394286914466696,0.4054794520298056,0.133949239416864,0.5330526096050551,10.0,0.5816655832843908
local,0.054,0.5480244759016355,0.41725174762601025,0.13077272827562522,0.5498533541359103,10.0,0.5786717258041824
local,0.056,0.5564624819927321,0.42879093615118513,0.12767154584154697,0.5586011531402003,10.0,0.5756967140689772
local,0.058,0.5647455391824021,0.44010163343459796,0.12464390574780414,0.5640110349461773,10.0,0.5727403942680723
local,0.06,0.5728764278959664,0.4511883639059735,0.12168806398999292,0.5744215894057807,10.0,0.5698026142202877
local,0.062,0.5808578803268616,0.4620555624053255,0.11880231792153612,0.580297100135767,10.0,0.5668832233524147
local,0.064,0.5886925812298631,0.47270757595695145,0.11598500527291167,0.5845109279299742,10.0,0.5639820726780084
local,0.066,0.5963831687024402,0.4831486655083008,0.11323450319413941,0.604580184514906,10.0,0.561099014776513
local,0.068,0.6039322349543851,0.49338300763441045,0.11054922731997464,0.6052092154789095,10.0,0.5582339037727181
local,0.07,0.6113423270658604,0.5034146962085906,0.10792763085726992,0.6122487309756369,10.0,0.5553865953165367
local,0.07200000000000001,0.6186159477340077,0.5132477440400284,0.1053682036939794,0.6133447400428891,10.0,0.5525569465631011
local,0.074,0.6257555560082582,0.5228860844789656,0.10286947152929266,0.6254843784620864,10.0,0.5497448161531697
local,0.076,0.6327635680144872,0.5323335729900907,0.10042999502439652,0.6341647785771917,10.0,0.5469500641938402
local,0.078,0.6396423576681527,0.5415939886947765,0.09804836897337625,0.6432358649897173,10.0,0.5441725522395617
local,0.08,0.6463942573765564,0.5506710358827784,0.09572322149377802,0.646932204291423,10.0,0.5414121432734429
local,0.082,0.6530215587303674,0.5595683454940007,0.09345321323636663,0.6544522882536632,10.0,0.5386687016888481
local,0.084,0.6595265131845438,0.5682894765709203,0.09123703661362344,0.6666270808996413,10.0,0.5359420932712791
local,0.08600000000000001,0.6659113327287909,0.5768379176822511,0.0890734150465397,0.6653104531305319,10.0,0.5332321851805347
local,0.088,0.6721781905476905,0.5852170883184186,0.08696110222927188,0.6660552695244897,10.0,0.5305388459331453
local,0.09,0.6783292216706356,0.5934303402594008,0.08489888141123479,0.6807159996193822,10.0,0.5278619453850752
local,0.092,0.6843665236117058,0.6014809589154858,0.08288556469621994,0.6823276202142288,10.0,0.5252013547146919
local,0.094,0.6902921569996131,0.6093721646414789,0.08091999235813419,0.6899102232631572,10.0,0.5225569464059913
local,0.096,0.6961081461978536,0.6171071140248879,0.07900103217296563,0.6973936544906537,10.0,0.5199285942320816
local,0.098,0.7018164799151916,0.6246889011486004,0.07712757876659118,0.7023822997382637,10.0,0.5173161732389154
local,0.1,0.7074191118066082,0.6321205588285577,0.07529855297805052,0.7025152252382718,10.0,0.5147195597292687
local,0.10200000000000001,0.7129179610648413,0.6394050598269216,0.07351290123791959,0.7139016285999296,10.0,0.5121386312469618
local,0.10400000000000001,0.7183149130026453,0.6465453180412198,0.07176959496142542,0.7174891236741647,10.0,0.5095732665613171
local,0.106,0.7236118196258954,0.6535441896699425,0.07006762995595289,0.7203876069758723,10.0,0.507023345651851
local,0.108,0.7288105001976628,0.6604044743550608,0.06840602584260203,0.7274858052060499,10.0,0.504488749693195
local,0.11,0.733912741793383,0.6671289163019204,0.0667838254914626,0.7418216464223133,10.0,0.5019693610402411
local,0.112,0.7389202998472414,0.6737202053769604,0.06520009447028093,0.741705260436314,10.0,0.4994650632135101
local,0.114,0.743834898689897,0.680180978183696,0.06365392050620096,0.7485510212658174,10.0,0.49697574088473606
local,0.116,0.7486582320776647,0.6865138191173947,0.06214441296026993,0.7465407431286779,10.0,0.49450127986266534
local,0.11800000000000001,0.7533919637132744,0.6927212613988687,0.06067070231440574,0.7541018230869971,10.0,0.49204156707906554
local,0.12,0.7580377277583282,0.6988057880877978,0.059231939670530455,0.7564022697659599,10.0,0.4895964905749409
local,0.122,0.7625971293375672,0.7047698330759857,0.05782729626158147,0.7624056811342556,10.0,0.48716593948695014
local,0.124,0.7670717450350683,0.7106157820609493,0.05645596297411896,0.7708321558211276,10.0,0.4847498040340245
local,0.126,0.7714631233824836,0.7163459735002295,0.05511714988225398,0.7757281077553154,10.0,0.48234797550418157
local,0.128,0.7757727853394352,0.7219626995468058,0.0538100857926294,0.7814818058424899,10.0,0.4799603462415313
local,0.13,0.7800022247661786,0.7274682069659875,0.05253401780019118,0.7814016081209638,10.0,0.4775868096334717
local,0.132,0.784152908888644,0.7328646980341497,0.05128821085449428,0.7724350949862999,10.0,0.4752272600980716
local,0.134,0.7882262787559673,0.738154331419674,0.05007194733629326,0.7877923176194265,10.0,0.4728815930716349
local,0.136,0.7922237496906179,0.7433392230464442,0.04888452664417373,0.7924791719092285,10.0,0.47054970499644583
local,0.138,0.7961467117312301,0.7484214469402435,0.047725264790986564,0.8089333821151157,10.0,0.4682314933086907
local,0.14,0.799996530068246,0.7534030360583935,0.046593494009852486,0.8016285959464207,10.0,0.4659268564265541
local,0.14200000000000002,0.8037745454724733,0.7582859831029636,0.04548856236950973,0.7998846476520997,10.0,0.46363569373848545
local,0.14400000000000002,0.807482074716662,0.7630722413178783,0.044409833398783724,0.8118156487672521,10.0,0.4613579055916338
local,0.146,0.8111204109902033,0.7677637252702412,0.043356685719962096,0.8048375528518733,10.0,0.45909339328044896
local,0.148,0.814690824307051,0.7723623116161872,0.04232851269086381,0.8129533418244724,10.0,0.4568420590354437
local,0.15,0.8181945619069667,0.7768698398515701,0.04132472205539665,0.8156598350248572,10.0,0.4546038060121173
local,0.152,0.8216328486501865,0.7812881130477852,0.04034473560240124,0.8259165241743878,10.0,0.45237853828003527
local,0.154,0.8250068874056076,0.785618898573022,0.039387988832585485,0.8235300336721656,10.0,0.45016616081206434
local,0.156,0.8283178594325926,0.7898639287992353,0.03845393063335733,0.8277530479101897,10.0,0.4479665794737594
local,0.158,0.8315669247564852,0.7940249017951165,0.037542022961368667,0.8266916790912452,10.0,0.4457797010129
local,0.16,0.8347552225379321,0.7981034820053445,0.03665174053258754,0.8358449256125827,10.0,0.44360543304917444
local,0.162,0.8378838714361053,0.8021013009163853,0.035782570519719954,0.8349257087129519,10.0,0.44144368406400714
local,0.164,0.8409539699659153,0.8060199577091081,0.03493401225680724,0.8439198945354243,10.0,0.43929436339053085
local,0.166,0.8439665968493081,0.8098610198984795,0.03410557695082856,0.8381538545643475,10.0,0.4371573812036965
local,0.168,0.8469228113607327,0.81362602396059,0.03329678740014265,0.8517877081742624,10.0,0.43503264851052226
local,0.17,0.8498236536668717,0.8173164759472653,0.03250717771960648,0.8505479067663538,10.0,0.43292007714047775
local,0.17200000000000001,0.8526701451607193,0.8209338520885068,0.031736293072212506,0.8568920599173602,10.0,0.4308195797360014
local,0.17400000000000002,0.8554632887900931,0.8244795993830032,0.030983689407090006,0.8602953036988321,10.0,0.42873106974314934
local,0.176,0.858204069380669,0.8279551361769495,0.03024893320371949,0.8512563130032561,10.0,0.42665446140237323
local,0.178,0.8608934539536173,0.8313618527314044,0.029531601222212874,0.8546431542577979,10.0,0.4245896697394251
local,0.18,0.8635323920379291,0.8347011117784134,0.028831280259515632,0.8674995633677647,10.0,0.422536610556387
local,0.182,0.8661218159775096,0.8379742490661192,0.028147566911390424,0.8563771516587949,10.0,0.42049520042282434
local,0.184,0.8686626412331243,0.8411825738930793,0.027480067340045038,0.8723627086972853,10.0,0.4184653566670587
local,0.186,0.8711557666792736,0.8443273696320026,0.026828397047271014,0.8697105749265429,10.0,0.4164469973675618
local,0.188,0.8736020748960781,0.8474098942431161,0.026192180652961982,0.8809789922713519,10.0,0.4144400413444648
local,0.19,0.8760024324562493,0.8504313807773649,0.025571051678884366,0.8751788549719646,10.0,0.4124444081511841
local,0.192,0.8783576902072256,0.8533930378696498,0.024964652337575804,0.8882786347871371,10.0,0.4104600180661601
local,0.194,0.8806686835485467,0.856296050222297,0.024372633326249643,0.8754012628078879,10.0,0.4084867920847079
local,0.196,0.8829362327045418,0.8591415790789549,0.023794653625586904,0.8821087389571641,10.0,0.4065246519109778
local,0.198,0.8851611429924069,0.8619307626891072,0.02323038030329972,0.8904349197470518,10.0,0.4045735199500242
local,0.2,0.8873442050857404,0.8646647167633873,0.022679488322353128,0.8853550814143558,10.0,0.4026333192999811
local,0.202,0.8894861952736131,0.8673445349198783,0.022141660353734736,0.8858070848175457,10.0,0.4007039737443417
local,0.20400000000000001,0.8915878757152386,0.8699712891215741,0.02161658659366448,0.9002470155665167,10.0,0.39878540774434285
local,0.20600000000000002,0.8936499946903184,0.8725460301051793,0.02110396458513903,0.8989077864545946,10.0,0.3968775464314491
local,0.20800000000000002,0.8956732868451258,0.8750697878014175,0.020603499043708243,0.8987346847649408,10.0,0.39498031559993874
local,0.21,0.8976584734344011,0.877543571747018,0.020114901687383113,0.8995905610742806,10.0,0.3930936416995866
local,0.212,0.8996062625591206,0.8799683714885432,0.019637891070577392,0.9015874338991486,10.0,0.391217451828445
local,0.214,0.901517349400208,0.8823451569782208,0.01917219242198716,0.8949663855492608,10.0,0.3893516737257199
local,0.216,0.9033924164482524,0.8846748789619374,0.018717537486314943,0.9057252899915191,10.0,0.3874962357647408
local,0.218,0.9052321337292975,0.8869584693595501,0.01827366436974726,0.9122172692757956,10.0,0.3856510669460232
local,0.22,0.9070371590267626,0.8891968416376661,0.01784031738909652,0.9061332723051574,10.0,0.38381609689042273
local,0.222,0.9088081380995625,0.891390891175042,0.017417246924520468,0.9086327823924568,10.0,0.38199125583237814
local,0.224,0.9105457048964813,0.8935414956207471,0.017004209275734226,0.9120257638306694,10.0,0.38017647461324366
local,0.226,0.9122504817668672,0.895649515245235,0.016600966521632215,0.9078358875364091,10.0,0.37837168467470755
local,0.228,0.9139230796677015,0.8977157932844625,0.016207286383238997,0.9177135401318763,10.0,0.37657681805229654
local,0.23,0.9155640983671064,0.8997411562771962,0.015822942089910183,0.8981840014727769,10.0,0.3747918073689655
local,0.232,0.9171741266443447,0.9017264143956385,0.01544771224870626,0.9171757228321402,10.0,0.37301658582876873
local,0.234,0.9187537424863711,0.9036723617695069,0.01508138071686414,0.9182972139988897,10.0,0.3712510872106144
local,0.23600000000000002,0.9203035132809906,0.9055797768036976,0.014723736477292951,0.9115363434612694,10.0,0.36949524586209925
local,0.23800000000000002,0.9218239960066792,0.9074494224896568,0.014374573517022371,0.9195076686543826,10.0,0.36774899669342226
local,0.24,0.923315737419121,0.9092820467105875,0.014033690708533431,0.9175723148202377,10.0,0.3660122751713773
local,0.242,0.9247792742345172,0.9110783825406137,0.013700891693903539,0.916004452815986,10.0,0.36428501731342205
local,0.244,0.9262151333097176,0.9128391485380187,0.013375984771698862,0.9273896536610098,10.0,0.3625671596818239
local,0.246,0.9276238318192278,0.9145650490326788,0.01305878278654901,0.9394467921999455,10.0,0.3608586393778792
local,0.248,0.9290058774291444,0.9162567744078041,0.012749103021340366,0.9248076313377134,10.0,0.35915939403620745
local,0.25,0.9303617684680672,0.9179150013761012,0.012446767091965986,0.9269246331195885,10.0,0.35746936181911754
local,0.252,0.931691994095039,0.9195403932504675,0.012151600844571401,0.9347211501781941,10.0,0.3557884814110453
local,0.254,0.9329970344645623,0.9211336002093251,0.0118634342552372,0.9373391364731118,10.0,0.3541166920130618
local,0.256,0.9342773608887408,0.9226952595567003,0.011582101332040544,0.937816328952974,10.0,0.3524539333374508
local,0.258,0.9355334359965937,0.9242259959771545,0.01130744001943923,0.9405996573013679,10.0,0.3508001456023551
local,0.26,0.9367657138905894,0.9257264217856661,0.011039292104923217,0.93883032849699,10.0,0.34915526952648956
local,0.262,0.9379746403004443,0.9271971371725645,0.010777503127879846,0.9353658875644006,10.0,0.34751924632392067
local,0.264,0.9391606527342341,0.9286387304436139,0.010521922290620262,0.9340799260446045,10.0,0.34589201769891215
local,0.266,0.9403241806268604,0.9300517782553447,0.01027240237151577,0.9395100079766852,10.0,0.3442735258408344
local,0.268,0.9414656454859162,0.9314368458457221,0.010028799640194104,0.9399003471370816,10.0,0.34266371341913743
local,0.27,0.9425854610349971,0.9327944872602503,0.009790973774746766,0.9313051228785211,10.0,0.3410625235783867
local,0.272,0.9436840333544968,0.9341252455735971,0.009558787780899724,0.9374843811693917,10.0,0.33946989993336046
local,0.274,0.9447617610199325,0.9354296531068316,0.009332107913100915,0.9435993911110375,10.0,0.3378857865642082
local,0.276,0.9458190352378385,0.9367082316403593,0.00911080359747913,0.9478323852640747,10.0,0.3363101280116685
local,0.278,0.9468562399792716,0.9379614926226417,0.008894747356629826,0.9403356502510188,10.0,0.3347428692723463
local,0.28,0.9478737521109667,0.9391899373747821,0.008683814736184637,0.9383700689927021,10.0,0.33318395579404825
local,0.28200000000000003,0.9488719415241829,0.9403940572910606,0.00847788423312221,0.9399079644467452,10.0,0.3316333334711755
local,0.28400000000000003,0.9498511712612783,0.9415743340354992,0.008276837225779106,0.9519636774118333,10.0,0.3300909486401729
local,0.28600000000000003,0.9508117976400531,0.9427312397345327,0.008080557905520439,0.9498848837307184,10.0,0.32855674807503427
local,0.28800000000000003,0.9517541703758973,0.9438652371658663,0.007888933210030908,0.9553557134912671,10.0,0.327030678982862
local,0.29,0.9526786327017805,0.9449767799435927,0.007701852758187773,0.9555257286706945,10.0,0.3255126889994813
local,0.292,0.9535855214861222,0.9460663126996439,0.007519208786478263,0.9550616245055692,10.0,0.32400272618510806
local,0.294,0.9544751673485744,0.9471342712616496,0.007340896086924837,0.9471945084587501,10.0,0.32250073902006826
local,0.296,0.9553478947737566,0.9481810828272741,0.007166811946482474,0.9618716834942498,10.0,0.32100667640057085
local,0.298,0.9562040222229746,0.9492071661351015,0.006996856087873105,0.9616593194965796,10.0,0.31952048763453017
local,0.3,0.9570438622439592,0.950212931632136,0.006830930611823144,0.960736866714111,10.0,0.31804212243744034
local,0.302,0.9578677215786577,0.951198781637987,0.006668939940670787,0.9592988476270009,10.0,0.3165715309282976
local,0.304,0.9586759012691123,0.9521651105058017,0.006510790763310649,0.9612676546216385,10.0,0.3151086636255736
local,0.306,0.9594686967614555,0.9531123047800115,0.006356391981443977,0.949717074742354,10.0,0.3136534714432357
local,0.308,0.9602463980080593,0.9540407433509558,0.006205654657103516,0.950695490059827,10.0,0.3122059056868153
local,0.31,0.961009289567865,0.9549507976064422,0.006058491961422782,0.9600610404133891,10.0,0.3107659180495231
local,0.312,0.9617576507049274,0.9558428315803071,0.005914819124620228,0.9647327436533393,10.0,0.30933346060841116
local,0.314,0.9624917554852036,0.9567172020980341,0.005774553387169516,0.9608386340293629,10.0,0.30790848582057995
local,0.316,0.9632118728716162,0.9575742589194886,0.005637613952127729,0.9659132663107706,10.0,0.30649094651943076
local,0.318,0.9639182668174209,0.9584143448788268,0.005503921938594112,0.9669008725812375,10.0,0.30508079591096293
local,0.32,0.9646111963579062,0.9592377960216337,0.005373400336272481,0.967340142058462,10.0,0.3036779875701144
local,0.322,0.9652909157004572,0.9600449417393461,0.005245973961111167,0.9699251484163363,10.0,0.30228247543714526
local,0.324,0.9659576743130078,0.9608361049010129,0.005121569411994926,0.9606329520232989,10.0,0.300894213814065
local,0.326,0.9666117170109118,0.9616116019824479,0.005000115028463866,0.9690224747135602,10.0,0.2995131573611005
local,0.328,0.9672532840422589,0.9623717431928238,0.004881540849435035,0.9765594955924222,10.0,0.29813926109320643
local,0.33,0.967882611171663,0.96311683259876,0.004765778572902909,0.9718853279877261,10.0,0.29677248037661597
local,0.332,0.9684999297625492,0.9638471682459536,0.004652761516595554,0.9690558671263237,10.0,0.29541277092543244
local,0.334,0.9691054668579652,0.9645630422784014,0.004542424579563776,0.9710475218428518,10.0,0.2940600887982598
local,0.336,0.9696994452599426,0.9652647410552614,0.004434704204681194,0.9735973661876303,10.0,0.2927143903948735
local,0.338,0.9702820836074342,0.9659525452654006,0.004329538342033564,0.9650453748226544,10.0,0.2913756324529292
local,0.34,0.9708535964528502,0.9666267300396739,0.004226866413176319,0.967284664202303,10.0,0.2900437720447102
local,0.342,0.97141419433722,0.9672875650609802,0.004126629276239712,0.9676228789512411,10.0,0.2887187665739121
local,0.34400000000000003,0.9719640838640007,0.9679353146721392,0.0040287691918614536,0.9753198774116569,10.0,0.2874005737724648
local,0.34600000000000003,0.9725034677715596,0.9685702379816323,0.003933229789927258,0.9634961663832728,10.0,0.2860891516973916
local,0.34800000000000003,0.973032545004349,0.9691925889672489,0.003839956037100086,0.9754396509219887,10.0,0.2847844587277035
local,0.35000000000000003,0.973551510782801,0.9698026165776815,0.0037488942051194262,0.9664883480150778,10.0,0.28348645356133034
local,0.352,0.9740605566719603,0.970400564832108,0.0036599918398523344,0.9577753904739492,10.0,0.28219509521208613
local,0.354,0.9745598706488814,0.9709866729178029,0.0035731977310783924,0.9663525134055935,10.0,0.28091034300666945
local,0.356,0.9750496371688068,0.9715611752858155,0.0034884618829912196,0.9722469832134019,10.0,0.27963215658169865
local,0.358,0.9755300372301524,0.972124301744753,0.003405735485399496,0.9849129430761415,10.0,0.27836049588078027
local,0.36,0.9760012484383184,0.9726762775527075,0.003324970885610944,0.9762299560904629,10.0,0.2770953211516107
local,0.362,0.9764634450683448,0.9732173235073618,0.0032461215609830645,0.9739660549201604,10.0,0.2758365929431112
local,0.364,0.9769167981264368,0.973747656034312,0.003169142092124804,0.9707703095618302,10.0,0.27458427210259534
local,0.366,0.9773614754103739,0.9742674872736401,0.0030939881367337296,0.9758783871281428,10.0,0.2733383197729683
local,0.368,0.9777976415688264,0.9747770251647728,0.003020616404053641,0.9754345214864221,10.0,0.2720986973899579
local,0.37,0.9782254581595985,0.9752764735296606,0.002948984629937892,0.9813463057886612,10.0,0.2708653666793767
local,0.372,0.978645083706813,0.9757660321543089,0.0028790515525040803,0.9669053082996218,10.0,0.26963828965441533
local,0.374,0.9790566737570611,0.976245896868695,0.002810776888366057,0.9735389073448517,10.0,0.2684174286129656
local,0.376,0.9794603809345326,0.976716259625103,0.002744121309429584,0.9775573929635063,10.0,0.2672027461349742
local,0.378,0.9798563549951453,0.977177308574907,0.0026790464202382644,0.9916073705828622,10.0,0.2659942050798255
local,0.38,0.9802447428796911,0.9776292281438344,0.0026155147358567004,0.9775358119004711,10.0,0.2647917685837544
local,0.382,0.9806256887660165,0.9780721991057384,0.0025534896602781294,0.9825560089721979,10.0,0.2635954000572865
local,0.384,0.9809993341202542,0.9785063986549101,0.0024929354653441165,0.9909990679536009,10.0,0.2624050631827085
local,0.386,0.9813658177471227,0.9789320004769586,0.0024338172701641445,0.9898821082173574,10.0,0.2612207219115656
local,0.388,0.9817252758393107,0.9793491748182874,0.002376101021023259,0.9910646776565674,10.0,0.26004234046218666
local,0.39,0.9820778420259618,0.9797580885541957,0.002319753471766185,0.9861359248840381,10.0,0.25886988331723765
local,0.392,0.9824236474202764,0.9801589052556298,0.002264742164646624,0.9815357536875884,10.0,0.2577033152213007
local,0.394,0.9827628206662453,0.9805517852546146,0.0022110354116306936,0.9857092761892678,10.0,0.25654260117848104
local,0.396,0.9830954879845321,0.9809368857083883,0.0021586022761437428,0.9847822773533178,10.0,0.25538770645003983
local,0.398,0.9834217732175172,0.9813143606622672,0.0021074125552500325,0.9806923143026829,10.0,0.2542385965520527
local,0.4,0.9837417978735208,0.9816843611112658,0.002057436762255007,0.9878458559496418,10.0,0.25309523725309463
local,0.402,0.9840556811702174,0.9820470350604972,0.0020086461097201455,0.9798376543721898,10.0,0.2519575945719493
local,0.404,0.9843635400772572,0.9824025275843766,0.0019610124928805947,0.9787131871155202,10.0,0.25082563477534403
local,0.406,0.9846654893581098,0.9827509808846537,0.0019145084734560592,0.9943333409047963,10.0,0.2496993243757097
local,0.40800000000000003,0.9849616416111403,0.9830925343472947,0.0018691072638455796,0.9919370096909306,10.0,0.24857863012896406
local,0.41000000000000003,0.985252107309936,0.9834273245982388,0.0018247827116971464,0.984002686523085,10.0,0.24746351903232003
local,0.41200000000000003,0.9855369948428934,0.9837554855580501,0.0017815092848432097,0.9866231692026027,10.0,0.24635395832211715
local,0.41400000000000003,0.9858164105520818,0.9840771484954883,0.0017392620565934594,0.9939083226645005,10.0,0.24524991547167707
local,0.41600000000000004,0.9860904587713936,0.9843924420800172,0.0016980166913763456,0.9773377456497508,10.0,0.24415135818918163
local,0.418,0.9863592418639956,0.9847014924332744,0.0016577494307211333,0.9798915315476621,10.0,0.24305825441557413
local,0.42,0.9866228602590946,0.9850044231795223,0.0016184370795723525,0.9870113127521846,10.0,0.24197057232248317
local,0.422,0.9868814124880271,0.9853013554950982,0.0015800569929288115,0.992179179038081,10.0,0.24088828031016862
local,0.424,0.9871349952196871,0.9855924081568876,0.0015425870627994533,0.9818994148296729,10.0,0.23981134700548995
local,0.426,0.9873837032953046,0.985877697589836,0.001506005705468532,0.9876422858597931,10.0,0.23873974125989592
local,0.428,0.9876276297625832,0.9861573379135204,0.0014702918490628073,0.9875673937696693,10.0,0.23767343214743586
local,0.43,0.9878668659092127,0.9864314409877991,0.001435424921413551,0.9965167764631758,10.0,0.2366123889627925
local,0.432,0.9881015012957626,0.9867001164575562,0.0014013848382064206,0.9933946795982156,10.0,0.23555658121933512
local,0.434,0.9883316237879747,0.9869634717965623,0.0013681519914123276,0.977529820655487,10.0,0.23450597864719386
local,0.436,0.9885573195884569,0.9872216123504642,0.001335707237992682,0.9827326014174835,10.0,0.23346055119135437
local,0.438,0.9887786732677981,0.9874746413789256,0.0013040318888724613,0.9744062494620247,10.0,0.23242026900977253
local,0.44,0.9889957677951063,0.9877226600969315,0.0012731076981747987,0.9913346956034694,10.0,0.2313851024715091
local,0.442,0.989208684567987,0.9879657677152762,0.001242916852710841,0.9894073333990159,10.0,0.23035502215488407
local,0.444,0.9894175034419673,0.9882040614802484,0.0012134419617188708,0.9918364791410184,10.0,0.22932999884565064
local,0.446,0.9896223027593782,0.9884376367125315,0.0011846660468467368,0.9782542392480628,10.0,0.228310003535188
local,0.448,0.9898231593777045,0.9886665868453326,0.0011565725323718636,0.983529876599671,10.0,0.22729500741871342
local,0.45,0.990020148697411,0.9888910034617577,0.001129145235653167,1.0011135344976734,10.0,0.22628498189351284
local,0.452,0.9902133446892549,0.9891109763314455,0.0011023683578094143,0.9962200971651485,10.0,0.22527989855719022
local,0.454,0.9904028199210957,0.9893265934464771,0.0010762264746186246,0.9976475073227591,10.0,0.22427972920593484
local,0.456,0.9905886455842066,0.9895379410565732,0.0010507045276332968,0.9958210172487015,10.0,0.22328444583280696
local,0.458,0.9907708915191024,0.989745103703596,0.0010257878155063218,0.9944382737193216,10.0,0.22229402062604098
local,0.46,0.9909496262408891,0.9899481642553665,0.0010014619855226049,0.9925076889616765,10.0,0.2213084259673666
local,0.462,0.9911249169641442,0.9901472039388127,0.000977713025331501,0.9932881869177669,10.0,0.22032763443034706
local,0.464,0.9912968296273376,0.9903423023724622,0.0009545272548753176,0.9851759279934421,10.0,0.2193516187787348
local,0.466,0.9914654289167989,0.9905335375982897,0.0009318913185092178,0.9804758111154935,10.0,0.21838035196484384
local,0.468,0.9916307782902433,0.9907209861129352,0.000909792177308006,0.9871877558952388,10.0,0.2174138071279391
local,0.47000000000000003,0.9917929399998595,0.9909047228983042,0.0008882171015553399,0.9784600768935275,10.0,0.21645195759264266
local,0.47200000000000003,0.9919519751149715,0.9910848214515604,0.0008671536634110684,0.9937895042249099,10.0,0.2154947768673554
local,0.47400000000000003,0.9921079435442792,0.9912613538145267,0.0008465897297524458,0.992297712422385,10.0,0.2145422386426961
local,0.47600000000000003,0.9922609040576871,0.9914343906025019,0.0008265134551851235,1.0004544695075477,10.0,0.2135943167899553
local,0.47800000000000004,0.9924109143077284,0.9916040010325086,0.0008069132752198699,0.994817344297569,10.0,0.21265098535956597
local,0.48,0.9925580308505911,0.99177025295098,0.0007877778996111104,0.99406061218458,10.0,0.2117122185795892
local,0.482,0.9927023091667538,0.9919332128609004,0.0007690963058534282,0.9909494295288911,10.0,0.21077799085421522
local,0.484,0.9928438036812389,0.9920929459484066,0.0007508577328322999,0.9913459167128069,10.0,0.20984827676228035
local,0.486,0.9929825677834887,0.9922495161088632,0.0007330516746253969,0.9772430109853253,10.0,0.2089230510557982
local,0.488,0.9931186538468733,0.9924029859724224,0.0007156678744508791,0.9837113344388381,10.0,0.20800228865850617
local,0.49,0.9932521132478348,0.9925534169290756,0.0006986963187592113,0.9968257021963747,10.0,0.2070859646644268
local,0.492,0.9933829963846765,0.9927008691532114,0.0006821272314650748,0.9878567819079508,10.0,0.2061740543364431
local,0.494,0.9935113526960015,0.9928454016276854,0.0006659510683160784,1.0005766605303146,10.0,0.20526653310488877
local,0.496,0.9936372306788096,0.9929870721674146,0.0006501585113950003,0.9950730538272387,10.0,0.2043633765661524
local,0.498,0.9937606779062562,0.9931259374425038,0.0006347404637524139,0.9947657853892324,10.0,0.20346456048129563
local,0.5,0.9938817410450811,0.9932620530009145,0.0006196880441665896,0.9965880278835247,10.0,0.20257006077468526
local,0.502,0.9940004658727128,0.9933954732906852,0.0006049925820276699,0.9919673423604506,10.0,0.201679853532639
local,0.504,0.9941168972940537,0.9935262516817106,0.0005906456123431536,0.990889407802653,10.0,0.2007939150020849
local,0.506,0.9942310793579526,0.9936544404870908,0.0005766388708618309,0.9951824125701249,10.0,0.1999122215892338
local,0.508,0.9943430552733707,0.9937800909840574,0.0005629642893133417,0.9847549936977498,10.0,0.19903474985826555
local,0.51,0.994452867425245,0.9939032534344844,0.000549613990760633,0.9950754392083709,10.0,0.1981614765300277
local,0.512,0.9945605573900567,0.994023977104994,0.0005365802850626213,0.9787757995477975,10.0,0.1972923784807475
local,0.514,0.9946661659511088,0.9941423102866643,0.0005238556644444628,0.9838953478456092,10.0,0.1964274327407566
local,0.516,0.9947697331135187,0.9942583003143458,0.0005114327991728633,0.9831546862113317,10.0,0.1955666164932282
local,0.518,0.9948712981189298,0.9943719935855959,0.0004993045333339534,0.9993520378942544,10.0,0.19470990707292687
local,0.52,0.9949708994599505,0.9944834355792392,0.0004874638807112802,0.9947891345367839,10.0,0.19385728196497065
local,0.522,0.9950685748943207,0.9945926708735591,0.0004759040207615572,1.0143960709659372,10.0,0.19300871880360512
local,0.524,0.9951643614588154,0.9946997431641296,0.0004646182946858395,0.9914161316238188,10.0,0.19216419537098992
local,0.526,0.9952582954828887,0.9948046952812948,0.00045360020159387443,1.0021641652727693,10.0,0.19132368959599674
local,0.528,0.9953504126020603,0.9949075692073008,0.00044284339475940616,0.9838781833236091,10.0,0.1904871795530195
local,0.53,0.9954407477710541,0.9950084060930898,0.0004323416779642891,0.9905636790834862,10.0,0.18965464346079572
local,0.532,0.9955293352766899,0.9951072462747605,0.00042208900192929126,1.0013193814210197,10.0,0.18882605968123983
local,0.534,0.9956162087505331,0.9952041292897036,0.0004120794608295459,0.9921802642763519,10.0,0.1880014067182875
local,0.536,0.9957014011813095,0.9952990938924168,0.00040230728889262957,0.9949047945003953,10.0,0.18718066321675136
local,0.538,0.9957849449270846,0.9953921780700072,0.00039276685707732124,1.0091185244482177,10.0,0.18636380796118798
local,0.54,0.9958668717272184,0.9954834190573874,0.0003834526698311157,0.9962035129941822,10.0,0.1855508198747755
local,0.542,0.9959472127140931,0.9955728533521685,0.0003743593619246362,0.9947643964661166,10.0,0.1847416780182024
local,0.544,0.9960259984246222,0.9956605167292611,0.0003654816953611114,0.996505856990089,10.0,0.18393636158856697
local,0.546,0.996103258811544,0.9957464442551849,0.0003568145563591468,0.9916287730943871,10.0,0.18313484991828716
local,0.548,0.996179023254503,0.9958306703020959,0.00034835295240704295,0.9836783889846038,10.0,0.1823371224740212
local,0.55,0.996253320570923,0.995913228561536,0.0003400920093869733,0.9896699588040697,10.0,0.1815431588555987
local,0.552,0.9963261790266769,0.9959941520579095,0.00033202696876735466,1.0163041065833232,10.0,0.18075293879496152
local,0.554,0.9963976263465562,0.9960734731616944,0.0003241531848618042,0.9952903914825872,10.0,0.17996644215511523
local,0.556,0.9964676897245426,0.9961512236023895,0.00031646612215309314,1.0032616698344976,10.0,0.17918364892909058
local,0.558,0.9965363958338883,0.9962274344812078,0.0003089613526805659,0.9948526940255158,10.0,0.17840453923891453
local,0.56,0.9966037708370066,0.996302136283517,0.00030163455348950987,0.9950605857415841,10.0,0.17762909333459154
local,0.562,0.9966698403951753,0.9963753588910342,0.0002944815041410163,0.9867860951866521,10.0,0.17685729159309427
local,0.5640000000000001,0.9967346296780595,0.9964471315937786,0.00028749808428088866,0.9890543680811354,10.0,0.17608911451736406
local,0.5660000000000001,0.9967981633730545,0.9965174831017883,0.00028068027126620677,0.9977927293660325,10.0,0.17532454273532064
local,0.5680000000000001,0.9968604656944527,0.9965864415566046,0.0002740241378481711,0.9923097368069742,10.0,0.17456355699888143
local,0.5700000000000001,0.9969215603924386,0.9966540345425288,0.00026752584990990093,1.0088620276464864,10.0,0.17380613818299023
local,0.5720000000000001,0.9969814707619143,0.9967202890976564,0.00026118166425787546,0.9903337860347744,10.0,0.17305226728465478
local,0.5740000000000001,0.9970402196511589,0.9967852317246931,0.000254987926465752,1.008349436754864,10.0,0.17230192542199343
local,0.5760000000000001,0.9970978294703249,0.9968488884015556,0.00024894106876931416,1.0033636655392382,10.0,0.1715550938332912
local,0.578,0.9971543221997746,0.9969112845917633,0.00024303760801134278,0.9968135504690739,10.0,0.17081175387606415
local,0.58,0.9972097193982593,0.9969724452546241,0.00023727414363521843,0.9986233717058928,10.0,0.17007188702613274
local,0.582,0.9972640422109452,0.9970323948552191,0.00023164735572610924,0.9940244014892287,10.0,0.16933547487670417
local,0.584,0.997317311377286,0.9970911573741874,0.00022615400309860756,1.0009102458112054,10.0,0.1686024991374629
local,0.586,0.99736954723875,0.9971487563173204,0.0002207909214297164,0.9932768200805386,10.0,0.1678729416336697
local,0.588,0.9974207697463993,0.9972052147249632,0.00021555502143611355,0.9990163859429305,10.0,0.16714678430526947
local,0.59,0.9974709984683262,0.9972605551812316,0.0002104432870946374,1.010174081241618,10.0,0.16642400920600683
local,0.592,0.9975202525969511,0.9973147998230462,0.00020545277390497562,1.0029553819577564,10.0,0.1657045985025504
local,0.594,0.9975685509561804,0.9973679703489868,0.0002005806071935503,1.0001188822315896,10.0,0.16498853447362488
local,0.596,0.9976159120084304,0.9974200880279728,0.00019582398045762776,0.9890320779479644,10.0,0.16427579950915136
local,0.598,0.9976623538615195,0.9974711737077707,0.000191180153748694,1.0004023794992893,10.0,0.16356637610939553
local,0.6,0.9977078942754278,0.9975212478233336,0.00018664645209417004,0.9978526288306598,10.0,0.16286024688412365
local,0.602,0.997752550668932,0.9975703304049754,0.00018222026395655228,0.9917392895445503,10.0,0.16215739455176645
local,0.604,0.9977963401261122,0.9976184410863831,0.00017789903972909631,0.9922385197004124,10.0,0.1614578019385908
local,0.606,0.9978392794027381,0.9976655991124709,0.00017368029026717122,0.9931373287367492,10.0,0.16076145197787864
local,0.608,0.9978813849325323,0.9977118233470779,0.00016956158545444505,0.9878470844169287,10.0,0.16006832770911372
local,0.61,0.9979226728333173,0.9977571322805142,0.0001655405528030692,1.006930677727297,10.0,0.15937841227717586
local,0.612,0.9979631589130444,0.9978015440369574,0.00016161487608706113,0.9936722370288106,10.0,0.1586916889315423
local,0.614,0.9980028586757105,0.9978450763817024,0.000157782294008093,0.9993092235893177,10.0,0.15800814102549668
local,0.616,0.9980417873271602,0.9978877467282673,0.00015404059889292224,0.9973872105945673,10.0,0.15732775201534474
local,0.618,0.9980799597807815,0.9979295721453597,0.00015038763542170997,1.0020136828050519,10.0,0.15665050545963788
local,0.62,0.9981173906630908,0.9979705693637043,0.00014682129938649785,0.9940982456658688,10.0,0.155976385018403
local,0.622,0.998154094319214,0.9980107547827348,0.0001433395364791255,1.0003171677167435,10.0,0.15530537445237996
local,0.624,0.9981900848182628,0.9980501444771549,0.00013994034110789282,0.9977035098227119,10.0,0.1546374576222654
local,0.626,0.9982253759586097,0.9980887542033674,0.000136621755242283,0.9912066478575838,10.0,0.15397261848796406
local,0.628,0.9982599812730626,0.9981265994057775,0.00013338186728508372,0.9997876123030975,10.0,0.1533108411078461
local,0.63,0.9982939140339424,0.9981636952229711,0.00013021881097125316,1.0011662974948323,10.0,0.15265210963801182
local,0.632,0.9983271872580624,0.9982000564937694,0.00012713076429290095,0.984280344171762,10.0,0.15199640833156242
local,0.634,0.9983598137116154,0.9982356977631657,0.00012411594844976022,0.9929634868848862,10.0,0.15134372153787776
local,0.636,0.9983918059149673,0.9982706332881428,0.0001211726268245503,0.9944495376438224,10.0,0.15069403370190043
local,0.638,0.9984231761473594,0.9983048770433768,0.00011829910398263632,1.0081843859673758,10.0,0.15004732936342607
local,0.64,0.9984539364515215,0.998338442726826,0.00011549372469541286,0.9980144393485333,10.0,0.14940359315640028
local,0.642,0.9984840986381986,0.9983713437652117,0.00011275487298684565,0.9943453182538992,10.0,0.1487628098082218
local,0.644,0.9985136742905903,0.9984035933193878,0.00011008097120262558,1.000221471903437,10.0,0.1481249641390518
local,0.646,0.9985426747687073,0.9984352042896059,0.00010747047910139523,0.9995785149501004,10.0,0.14749004106112923
local,0.648,0.9985711112136431,0.9984661893206755,0.00010492189296752826,0.9970434425126411,10.0,0.14685802557809252
local,0.65,0.9985989945517674,0.9984965608070224,0.00010243374474494666,1.0048390914087577,10.0,0.14622890278430717
local,0.652,0.9986263354988375,0.998526330897646,0.00010000460119148083,0.9979788825346104,10.0,0.14560265786419926
local,0.654,0.9986531445640328,0.9985555115009794,9.763306305328147e-05,0.9997158256381777,10.0,0.1449792760915948
local,0.656,0.9986794320539121,0.9985841142896532,9.531776425881164e-05,1.001226056003552,10.0,0.14435874282906525
local,0.658,0.998705208076296,0.9986121507051641,9.305737113195098e-05,0.9894507660670333,10.0,0.14374104352727834
local,0.66,0.9987304825440758,0.9986396319624521,9.085058162376197e-05,0.9997718882051676,10.0,0.143126163724355
local,0.662,0.9987552651789492,0.9986665690543867,8.86961245624733e-05,0.9911670471620737,10.0,0.14251408904523177
local,0.664,0.9987795655150848,0.9986929727561636,8.659275892125021e-05,0.9875356876457838,10.0,0.14190480520102874
local,0.666,0.9988033929027191,0.9987188536296158,8.453927310332825e-05,1.0032967805779935,10.0,0.14129829798842333
local,0.668,0.9988267565116817,0.9987442220274376,8.25344842441006e-05,0.999285591512627,10.0,0.1406945532890292
local,0.67,0.9988496653348563,0.9987690880973266,8.057723752975469e-05,1.0018400589874454,10.0,0.1400935570687807
local,0.672,0.9988721281915741,0.998793461786042,7.866640553206823e-05,1.0036258454434233,10.0,0.13949529537732303
local,0.674,0.9988941537309435,0.9988173528433845,7.680088755897872e-05,0.9980248681670882,10.0,0.13889975434740698
local,0.676,0.998915750435116,0.9988407708260955,7.497960902055496e-05,0.9948270683181609,10.0,0.13830692019428986
local,0.678,0.9989369266224902,0.9988637251016802,7.3201520810003e-05,0.9938453266587824,10.0,0.13771677921514078
local,0.68,0.9989576904508545,0.9988862248521552,7.146559869935219e-05,0.9973639697467475,10.0,0.13712931778845172
local,0.682,0.99897804992047,0.9989082790777205,6.977084274947093e-05,0.9929466185188678,10.0,0.13654452237345324
local,0.684,0.9989980128770944,0.9989298966003604,6.811627673407474e-05,1.0088555255020484,10.0,0.13596237950953577
local,0.686,0.9990175870149497,0.9989510860673723,6.650094757739229e-05,1.0023578313352814,10.0,0.13538287581567526
local,0.6880000000000001,0.9990367798796305,0.9989718559548253,6.492392480516798e-05,1.0002086897525815,10.0,0.13480599798986426
local,0.6900000000000001,0.9990555988709601,0.9989922145709514,6.338430000868253e-05,1.0036886772478535,10.0,0.1342317328085478
local,0.6920000000000001,0.9990740512457902,0.9990121700594687,6.188118632148492e-05,1.0014000666359864,10.0,0.13366006712606404
local,0.6940000000000001,0.9990921441207471,0.9990317304028385,6.04137179085323e-05,1.0030591035446004,10.0,0.1330909878740896
local,0.6960000000000001,0.9991098844749265,0.9990509034254591,5.898104946744559e-05,0.9942264164714084,10.0,0.1325244820610901
local,0.6980000000000001,0.9991272791525366,0.999069696796795,5.7582355741591457e-05,0.9941023497952279,10.0,0.13196053677177486
local,0.7000000000000001,0.9991443348654903,0.9990881180344455,5.621683104471206e-05,0.9984572565025585,10.0,0.13139913916655657
local,0.7020000000000001,0.9991610581959479,0.9991061745071511,5.488368879682716e-05,0.9995875577499628,10.0,0.13084027648101568
local,0.704,0.9991774555988129,0.9991238734377418,5.358216107114271e-05,0.9955325683335778,10.0,0.1302839360253688
local,0.706,0.9991935334041773,0.9991412219060256,5.2311498151703143e-05,0.996979304039675,10.0,0.1297301051839424
local,0.708,0.999209297819723,0.9991582268516215,5.107096810153509e-05,0.9962687868570232,10.0,0.12917877141465042
local,0.71,0.999224754933075,0.9991748950767341,4.9859856341030704e-05,0.9864107646677246,10.0,0.1286299222484764
local,0.712,0.9992399107141122,0.9991912332488759,4.867746523633058e-05,1.0074814881301735,10.0,0.1280835452889603
local,0.714,0.999254771017231,0.9992072479035335,4.7523113697466934e-05,1.0031174389574675,10.0,0.1275396282116892
local,0.716,0.9992693415835684,0.9992229454467824,4.6396136786037345e-05,0.9995911876758781,10.0,0.1269981587637927
local,0.718,0.9992836280431814,0.9992383321578492,4.52958853321815e-05,0.9887422647914622,10.0,0.12645912476344237
local,0.72,0.9992976359171839,0.9992534141916233,4.42217255606417e-05,1.008547778806047,10.0,0.12592251409935543
local,0.722,0.9993113706198452,0.9992681975811195,4.317303872569055e-05,0.9997331362297478,10.0,0.12538831473030268
local,0.724,0.9993248374606454,0.9992826882398906,4.214922075471652e-05,0.9993610468240769,10.0,0.12485651468462058
local,0.726,0.9993380416462938,0.9992968919643935,4.11496819002612e-05,1.003774013928919,10.0,0.12432710205972716
local,0.728,0.9993509882827075,0.9993108144363072,4.017384640030871e-05,1.0013817647700325,10.0,0.1238000650216424
local,0.73,0.9993636823769527,0.9993244612248061,3.922115214663061e-05,1.0112059543493486,10.0,0.12327539180451226
local,0.732,0.9993761288391487,0.9993378377887877,3.8291050360996226e-05,1.000737251884486,10.0,0.1227530707101369
local,0.734,0.999388332484335,0.9993509494790559,3.738300527906104e-05,0.989623564718528,10.0,0.12223309010750275
local,0.736,0.9994002980343032,0.9993638015404614,3.6496493841751784e-05,0.9960710817059061,10.0,0.1217154384323184
local,0.738,0.9994120301193945,0.9993763991140006,3.5631005393969795e-05,0.9896044970921007,10.0,0.12120010418655458
local,0.74,0.9994235332802608,0.9993887472388704,3.478604139043971e-05,0.9974350186714094,10.0,0.12068707593798766
local,0.742,0.9994348119695943,0.9994008508544857,3.396111510853343e-05,1.0040320333562376,10.0,0.12017634231974719
local,0.744,0.9994458705538218,0.999412714802454,3.3155751367904625e-05,0.9976097836909583,10.0,0.11966789202986695
local,0.746,0.9994567133147695,0.9994243438285128,3.236948625677153e-05,1.0036573842557799,10.0,0.11916171383084004
local,0.748,0.999467344451292,0.9994357425844274,3.16018668646911e-05,0.998687062347101,10.0,0.11865779654917716
local,0.75,0.9994777680808739,0.9994469156298522,3.085245102166989e-05,1.0004817802901451,10.0,0.118156129074969
local,0.752,0.9994879882411979,0.9994578674341544,3.0120807043462132e-05,0.9819072441007214,10.0,0.11765670036145207
local,0.754,0.9994980088916847,0.9994686023782018,2.940651348290745e-05,1.000658207698515,10.0,0.11715949942457782
local,0.756,0.9995078339150022,0.999479124756115,2.8709158887165837e-05,0.9868555283898577,10.0,0.11666451534258579
local,0.758,0.9995174671185463,0.9994894387769856,2.802834156070928e-05,1.0091129018313756,10.0,0.11617173725557987
local,0.76,0.9995269122358934,0.9994995485665594,2.7363669333934173e-05,0.9946167235165986,10.0,0.11568115436510819
local,0.762,0.9995361729282243,0.999509458168887,2.6714759337260654e-05,1.0076711034529977,10.0,0.11519275593374638
local,0.764,0.9995452527857221,0.9995191715479416,2.6081237780589265e-05,0.9967036618633378,10.0,0.11470653128468433
local,0.766,0.9995541553289422,0.9995286925892042,2.546273973798738e-05,0.9950049922768426,10.0,0.1142224698013161
local,0.768,0.9995628840101558,0.9995380251012184,2.4858908937481936e-05,0.9985104647985488,10.0,0.11374056092683349
local,0.77,0.9995714422146691,0.9995471728171132,2.4269397555836776e-05,0.9937536289543043,10.0,0.1132607941638226
local,0.772,0.9995798332621153,0.9995561393960971,2.3693866018196986e-05,0.9980012177761253,10.0,0.11278315907386383
local,0.774,0.9995880604077237,0.9995649284249213,2.3131982802484244e-05,0.9990613236787519,10.0,0.11230764527713506
local,0.776,0.9995961268435628,0.9995735434193144,2.2583424248431094e-05,0.9905788584009907,10.0,0.11183424245201806
local,0.778,0.9996040356997601,0.999581987825389,2.204787437114352e-05,0.9968426961773181,10.0,0.11136294033470814
local,0.78,0.9996117900456993,0.9995902650210202,2.1525024679085078e-05,0.993479928142859,10.0,0.11089372871882677
local,0.782,0.9996193928911931,0.9995983783171967,2.101457399637708e-05,1.009441772341401,10.0,0.11042659745503754
local,0.784,0.9996268471876343,0.9996063309593449,2.051622828931311e-05,0.9926646263508689,10.0,0.10996153645066493
local,0.786,0.999634155829125,0.999614126128628,2.0029700496987338e-05,1.0001730871623418,10.0,0.1094985356693166
local,0.788,0.9996413216535833,0.9996217669432174,1.955471036593964e-05,1.003146713909295,10.0,0.10903758513050808
local,0.79,0.9996483474438297,0.9996292564595409,1.9090984288721717e-05,1.0098052819953014,10.0,0.10857867490929105
local,0.792,0.9996552359286512,0.999636597673505,1.863825514629179e-05,0.9997196736473393,10.0,0.10812179513588424
local,0.794,0.9996619897838471,0.999643793521693,1.8196262154146478e-05,0.9867968193306683,10.0,0.10766693599530737
local,0.796,0.9996686116332523,0.9996508468825401,1.7764750712101882e-05,0.9974354376989164,10.0,0.10721408772701804
local,0.798,0.9996751040497427,0.999657760577485,1.7343472257636703e-05,1.0047855535681824,10.0,0.10676324062455153
local,0.8,0.9996814695562202,0.9996645373720975,1.6932184122713468e-05,0.9999022834451361,10.0,0.10631438503516333
local,0.802,0.9996877106265799,0.9996711799771859,1.6530649393994927e-05,1.0007188009496788,10.0,0.10586751135947471
local,0.804,0.9996938296866574,0.999677691049881,1.6138636776375495e-05,1.0084478087846633,10.0,0.10542261005112083
local,0.806,0.9996998291151582,0.9996840731946984,1.5755920459748827e-05,1.0006110766669791,10.0,0.10497967161640198
local,0.808,0.9997057112445703,0.9996903289645813,1.5382279988935058e-05,0.9939158506425684,10.0,0.10453868661393728
local,0.81,0.9997114783620578,0.9996964608619211,1.5017500136692354e-05,0.9913128041509283,10.0,0.10409964565432117
local,0.812,0.9997171327103382,0.9997024713395585,1.46613707797402e-05,0.9882929519662511,10.0,0.10366253939978287
local,0.8140000000000001,0.9997226764885422,0.9997083628017644,1.4313686777722513e-05,1.0052020278261764,10.0,0.10322735856384804
local,0.8160000000000001,0.9997281118530575,0.9997141376052026,1.3974247855041233e-05,1.0036765084022008,10.0,0.10279409391100361
local,0.8180000000000001,0.9997334409183568,0.9997197980598713,1.3642858485491878e-05,0.9972845234275084,10.0,0.1023627362563648
local,0.8200000000000001,0.9997386657578075,0.9997253464300279,1.3319327779635161e-05,1.0084751420694475,10.0,0.10193327646534515
local,0.8220000000000001,0.9997437884044692,0.9997307849350944,1.3003469374839332e-05,0.9937254320184187,10.0,0.10150570545332875
local,0.8240000000000001,0.9997488108518733,0.9997361157505453,1.2695101327930262e-05,0.9962316788890598,10.0,0.10108001418534539
local,0.8260000000000001,0.9997537350547884,0.999741341008778,1.2394046010386978e-05,1.0010058435954097,10.0,0.10065619367574788
local,0.8280000000000001,0.9997585629299713,0.9997464627999653,1.2100130006022838e-05,0.99905252286708,10.0,0.10023423498789227
local,0.8300000000000001,0.9997632963569032,0.9997514831728921,1.1813184011092967e-05,0.9997520572722142,10.0,0.09981412923382024
local,0.8320000000000001,0.9997679371785112,0.9997564041357744,1.1533042736770689e-05,0.9994511113586038,10.0,0.09939586757394411
local,0.834,0.999772487201877,0.999761227657063,1.125954481393648e-05,1.0006086696087761,10.0,0.09897944121673433
local,0.836,0.999776948198931,0.9997659556662308,1.0992532700224968e-05,1.0039790081253817,10.0,0.09856484141840921
local,0.838,0.9997813219071338,0.9997705900545445,1.0731852589276164e-05,1.000584228983755,10.0,0.0981520594826273
local,0.84,0.9997856100301433,0.9997751326758212,1.047735432213874e-05,1.0039992697896147,10.0,0.09774108676018199
local,0.842,0.9997898142384706,0.9997795853471698,1.0228891300774305e-05,1.0086304132196657,10.0,0.09733191464869849
local,0.844,0.9997939361701221,0.9997839498497185,9.986320403612952e-06,1.0023661276826772,10.0,0.09692453459233308
local,0.846,0.9997979774312296,0.9997882279293264,9.749501903111167e-06,0.9896259570053584,10.0,0.09651893808147488
local,0.848,0.9998019395966675,0.9997924212972823,9.518299385264976e-06,1.0057505342612933,10.0,0.0961151166524497
local,0.85,0.9998058242106604,0.9997965316309894,9.292579671031677e-06,1.007733810676655,10.0,0.09571306188722632
local,0.852,0.9998096327873754,0.9998005605746358,9.072212739615084e-06,1.009105623595462,10.0,0.09531276541312486
local,0.854,0.9998133668115066,0.999804509739853,8.857071653569862e-06,0.9952756096954039,10.0,0.0949142189025275
local,0.856,0.9998170277388453,0.9998083807063596,8.647032485682117e-06,1.007992333485593,10.0,0.09451741407259147
local,0.858,0.9998206169968412,0.9998121750225937,8.441974247583851e-06,0.9926030348149665,10.0,0.09412234268496397
local,0.86,0.9998241359851525,0.9998158942063324,8.241778820060397e-06,0.9992181680808946,10.0,0.09372899654549968
local,0.862,0.9998275860761839,0.9998195397452989,8.046330885010372e-06,0.9891730055003826,10.0,0.09333736750397995
local,0.864,0.9998309686156164,0.9998231130977574,7.85551785901934e-06,1.0040260728373644,10.0,0.09294744745383446
local,0.866,0.999834284922925,0.9998266156930965,7.66922982850862e-06,0.9926813234788264,10.0,0.09255922833186495
local,0.868,0.9998375362918874,0.999830048932401,7.487359486422069e-06,1.00145216506291,10.0,0.09217270211797081
local,0.87,0.9998407239910828,0.9998334141890124,7.309802070414189e-06,0.9988457650126065,10.0,0.09178786083487714
local,0.872,0.9998438492643806,0.9998367128090782,7.136455302504155e-06,0.9942189316427085,10.0,0.09140469654786446
local,0.874,0.9998469133314206,0.9998399461120905,6.967219330160855e-06,0.9994829467817374,10.0,0.09102320136450075
local,0.876,0.9998499173880823,0.9998431153914135,6.801996668785118e-06,1.0090853294151525,10.0,0.09064336743437544
local,0.878,0.9998528626069467,0.9998462219148012,6.6406921455558175e-06,0.9978759083776416,10.0,0.09026518694883526
local,0.88,0.9998557501377491,0.9998492669249045,6.483212844607738e-06,1.008786400028879,10.0,0.0898886521407223
local,0.882,0.9998585811078214,0.999852251639768,6.32946805350945e-06,0.9974780616352003,10.0,0.08951375528411387
local,0.884,0.9998613566225283,0.9998551772533173,6.179369211010489e-06,0.9849215448307025,10.0,0.08914048869406445
local,0.886,0.999864077765693,0.999858044935837,6.0328298560275506e-06,1.0028028988085835,10.0,0.08876884472634934
local,0.888,0.9998667456000161,0.9998608558344383,5.889765577840564e-06,0.9935426726281593,10.0,0.08839881577721058
local,0.89,0.9998693611674854,0.999863611073518,5.7500939674697704e-06,0.992296401841796,10.0,0.08803039428310443
local,0.892,0.9998719254897788,0.9998663117552086,5.613734570205901e-06,0.9988130933440935,10.0,0.0876635727204509
local,0.894,0.9998744395686581,0.9998689589598188,5.480608839265981e-06,1.000424476874389,10.0,0.0872983436053852
local,0.896,0.9998769043863561,0.9998715537462656,5.350640090548263e-06,0.9910588010637604,10.0,0.08693469949351088
local,0.898,0.9998793209059568,0.9998740971524983,5.223753458460028e-06,0.9971807030235303,10.0,0.08657263297965485
local,0.9,0.9998816900717662,0.9998765901959134,5.099875852792985e-06,0.999830567992865,10.0,0.08621213669762445
local,0.902,0.9998840128096779,0.9998790338737612,4.9789359166212234e-06,0.9978290103893535,10.0,0.08585320331996589
local,0.904,0.9998862900275308,0.9998814291635456,4.8608639851977e-06,1.0192764778773975,10.0,0.08549582555772482
local,0.906,0.9998885226154604,0.9998837770234146,4.74559204582539e-06,1.0019117523710008,10.0,0.08513999616020863
local,0.908,0.9998907114462419,0.9998860783925432,4.633053698680131e-06,0.994834689997262,10.0,0.0847857079147503
local,0.91,0.9998928573756285,0.9998883341915099,4.52318411856244e-06,0.9964389020105969,10.0,0.08443295364647425
local,0.912,0.9998949612426818,0.9998905453226643,4.415920017556438e-06,1.00025993223517,10.0,0.08408172621806374
local,0.914,0.9998970238700968,0.9998927126704883,4.31119960857424e-06,0.9899590725663183,10.0,0.08373201852952995
local,0.916,0.9998990460645198,0.99989483710195,4.208962569764925e-06,1.0035124243994031,10.0,0.08338382351798308
local,0.918,0.9999010286168601,0.9998969194668503,4.109150009767425e-06,0.9943064977943981,10.0,0.08303713415740463
local,0.92,0.9999029723025966,0.9998989605981629,4.011704433787512e-06,1.0021298537894863,10.0,0.08269194345842173
local,0.922,0.999904877882078,0.9999009613123676,3.916569710479188e-06,0.9923546934054167,10.0,0.08234824446808302
local,0.924,0.9999067461008162,0.9999029224097766,3.823691039611506e-06,0.9961665494365503,10.0,0.08200603026963604
local,0.926,0.9999085776897758,0.9999048446748553,3.733014920502078e-06,0.9882798509062783,10.0,0.0816652939823065
local,0.928,0.9999103733656562,0.9999067288765351,3.644489121199238e-06,1.0051750286950438,10.0,0.08132602876107886
local,0.93,0.9999121338311703,0.9999085757685219,3.5580626483949726e-06,1.005634491263531,10.0,0.08098822779647875
local,0.932,0.9999138597753151,0.999910386089597,3.4736857180513937e-06,1.002874479084769,10.0,0.08065188431435678
local,0.934,0.9999155518736399,0.9999121605639132,3.3913097267237197e-06,0.9934907426459637,10.0,0.08031699157567421
local,0.936,0.9999172107885073,0.9999138999012837,3.310887223563369e-06,1.0004665681358655,10.0,0.07998354287628963
local,0.9380000000000001,0.9999188371693496,0.9999156047974667,3.2323718829849532e-06,1.0031912698640084,10.0,0.07965153154674795
local,0.9400000000000001,0.9999204316529213,0.9999172759344434,3.1557184779814763e-06,1.0058550511907096,10.0,0.07932095095207017
local,0.9420000000000001,0.9999219948635449,0.9999189139806909,3.0808828540722962e-06,0.9961940056340689,10.0,0.07899179449154514
local,0.9440000000000001,0.9999235274133533,0.9999205195914495,3.0078219038689463e-06,0.9942331601299711,10.0,0.07866405559852267
local,0.9460000000000001,0.9999250299025271,0.9999220934089849,2.936493542244076e-06,1.002530883564992,10.0,0.07833772774020806
local,0.9480000000000001,0.9999265029195271,0.9999236360628451,2.8668566820892767e-06,0.9972114424084068,10.0,0.0780128044174583
local,0.9500000000000001,0.999927947041323,0.9999251481701124,2.798871210647736e-06,1.0100374676020287,10.0,0.07768927916457952
local,0.9520000000000001,0.999929362833616,0.9999266303356495,2.732497966408205e-06,1.0057707142584782,10.0,0.077367145549126
local,0.9540000000000001,0.9999307508510593,0.9999280831523427,2.667698716546874e-06,1.005721130498181,10.0,0.07704639717170071
local,0.9560000000000001,0.9999321116374728,0.9999295072013379,2.6044361349042297e-06,0.9889484129828997,10.0,0.07672702766575701
local,0.9580000000000001,0.9999334457260542,0.9999309030522737,2.5426737804841234e-06,1.0023917084618688,10.0,0.07640903069740207
local,0.96,0.9999347536395856,0.9999322712635091,2.4823760764627707e-06,1.005211285332566,10.0,0.07609239996520152
local,0.962,0.9999360358906366,0.9999336123823469,2.4235082896955107e-06,1.001381445597508,10.0,0.07577712919998544
local,0.964,0.9999372929817631,0.9999349269452524,2.3660365107095595e-06,1.0048284136245458,10.0,0.075463212164656
local,0.966,0.9999385254057026,0.9999362154780684,2.309927634171211e-06,0.9969803459031874,10.0,0.07515064265399612
local,0.968,0.999939733645565,0.9999374784962252,2.255149339816246e-06,1.0029353064376516,10.0,0.07483941449447973
local,0.97,0.9999409181750206,0.9999387165049468,2.201670073832585e-06,0.9953388432017316,10.0,0.07452952154408325
local,0.972,0.9999420794584839,0.9999399299994532,2.1494590306843947e-06,0.9980694427478797,10.0,0.07422095769209858
local,0.974,0.9999432179512939,0.9999411194651585,2.098486135367263e-06,0.9846006036096729,10.0,0.07391371685894713
local,0.976,0.9999443340998909,0.9999422853778648,2.048722026084158e-06,0.9991814671077844,10.0,0.07360779299599537
local,0.978,0.99994542834199,0.9999434282039527,2.000138037332235e-06,0.9996538459986336,10.0,0.07330318008537173
local,0.98,0.9999465011067512,0.9999445484005678,1.9527061833906936e-06,0.9905260895439177,10.0,0.07299987213978455
local,0.982,0.9999475528149461,0.9999456464158039,1.906399142200242e-06,1.00163495797433,10.0,0.07269786320234156
local,0.984,0.999948583879121,0.9999467226888814,1.8611902396248303e-06,1.007987398343547,10.0,0.07239714734637046
local,0.986,0.9999495947037583,0.9999477776503243,1.8170534340866218e-06,0.996450057054444,10.0,0.07209771867524083
local,0.988,0.9999505856854325,0.9999488117221309,1.7739633015653048e-06,1.0033390877729709,10.0,0.07179957132218728
local,0.99,0.9999515572129648,0.9999498253179439,1.7318950209531683e-06,1.0062918305651967,10.0,0.0715026994501339
local,0.992,0.9999525096675747,0.9999508188432149,1.6908243597574507e-06,1.0079801262223709,10.0,0.07120709725151977
local,0.994,0.9999534434230277,0.9999517926953676,1.6507276601417663e-06,0.993055362125839,10.0,0.07091275894812586
local,0.996,0.999954358845781,0.9999527472639557,1.611581825298518e-06,1.0078125918962324,10.0,0.07061967879090307
local,0.998,0.9999552562951254,0.9999536829308192,1.5733643061445112e-06,0.9941934072083334,10.0,0.0703278510598014
local,1.0,0.9999561361233258,0.9999546000702375,1.5360530883320527e-06,1.002276643850629,10.0,0.07003727006360048
local,1.002,0.9999569986757582,0.9999554990490785,1.499626679568087e-06,0.9948416957576763,10.0,0.0697479301397411
local,1.004,0.9999578442910432,0.999956380226946,1.4640640972340273e-06,0.9978179809665779,10.0,0.06945982565415804
local,1.006,0.9999586733011787,0.9999572439563225,1.4293448562991956e-06,0.9912791126394955,10.0,0.06917295100111387
local,1.008,0.999959486031669,0.9999580905827115,1.3954489575208753e-06,0.9925992328145394,10.0,0.06888730060303425
local,1.01,0.9999602828016507,0.9999589204447747,1.362356875924203e-06,0.9898625834198376,10.0,0.06860286891034394
local,1.012,0.9999610639240177,0.9999597338744681,1.3300495495552289e-06,1.0031065869527005,10.0,0.06831965040130425
local,1.014,0.9999618297055429,0.9999605311971744,1.298508368500715e-06,0.9948761323439234,10.0,0.06803763958185155
local,1.016,0.9999625804469976,0.9999613127318334,1.2677151641683034e-06,0.9940820539418467,10.0,0.06775683098543674
local,1.018,0.9999633164432681,0.9999620787910692,1.2376521988209173e-06,1.0123360785251718,10.0,0.06747721917286605
local,1.02,0.9999640379834712,0.9999628296813159,1.208302155359317e-06,0.9969781260422028,10.0,0.06719879873214278
local,1.022,0.9999647453510667,0.9999635657029394,1.1796481273469827e-06,0.9978805905384125,10.0,0.06692156427831017
local,1.024,0.9999654388239676,0.9999642871503583,1.1516736092715361e-06,0.9844301917356723,10.0,0.0666455104532953
local,1.026,0.9999661186746482,0.9999649943121612,1.124362487037115e-06,1.0010234900969743,10.0,0.06637063192575421
local,1.028,0.999966785170251,0.9999656874712223,1.0976990286821986e-06,1.001553926946529,10.0,0.06609692339091787
local,1.03,0.9999674385726897,0.9999663669048143,1.0716678753175684e-06,0.9964435668345519,10.0,0.06582437957043938
local,1.032,0.9999680791387521,0.9999670328847198,1.0462540322791615e-06,0.9998297593376765,10.0,0.06555299521224207
local,1.034,0.9999687071202,0.9999676856773395,1.0214428604907363e-06,1.0080899868842832,10.0,0.06528276509036876
local,1.036,0.9999693227638675,0.9999683255437994,9.972200680313478e-07,0.9906772077219842,10.0,0.06501368400483194
local,1.038,0.9999699263117564,0.9999689527400545,9.735717019028154e-07,0.9943883056538997,10.0,0.06474574678146507
local,1.04,0.9999705180011316,0.9999695675169916,9.504841399924047e-07,0.990952222429577,10.0,0.06447894827177476
local,1.042,0.9999710980646129,0.9999701701205297,9.279440832261212e-07,0.9946370418403577,10.0,0.0642132833527941
local,1.044,0.9999716667302663,0.9999707607917183,9.059385479080666e-07,0.9992496845217368,10.0,0.06394874692693682
local,1.046,0.9999722242216921,0.9999713397668338,8.84454858241477e-07,0.9908946369561344,10.0,0.06368533392185265
local,1.048,0.9999727707581128,0.9999719072774738,8.634806390271102e-07,0.9990614831375146,10.0,0.06342303929028337
local,1.05,0.9999733065544588,0.9999724635506503,8.430038085347958e-07,0.9949513834191785,10.0,0.06316185800992016
local,1.052,0.9999738318214514,0.9999730088088798,8.230125715440142e-07,1.0035790845404156,10.0,0.0629017850832616
local,1.054,0.9999743467656855,0.999973543270273,8.034954125495303e-07,1.0022457332005215,10.0,0.06264281553747288
local,1.056,0.9999748515897107,0.9999740671486216,7.844410891281412e-07,1.0136821075173577,10.0,0.06238494442424572
local,1.058,0.9999753464921093,0.9999745806534838,7.658386254627351e-07,1.001220184418914,10.0,0.06212816681965951
local,1.06,0.9999758316675745,0.9999750839902685,7.476773060199083e-07,1.0140044468252403,10.0,0.061872477824043086
local,1.062,0.9999763073069864,0.9999755773603171,7.299466693775281e-07,0.9958342936488604,10.0,0.061617872561837615
local,1.064,0.9999767735974864,0.9999760609609841,7.12636502198661e-07,1.0008181025262357,10.0,0.0613643461814604
local,1.066,0.9999772307225498,0.9999765349857165,6.957368333484139e-07,0.9944881503797708,10.0,0.06111189385516949
local,1.068,0.9999776788620582,0.9999769996241301,6.792379281502768e-07,1.0094090480448248,10.0,0.060860510778929254
local,1.07,0.9999781181923696,0.9999774550620868,6.631302827786851e-07,1.0134682879658932,10.0,0.06061019217227687
local,1.072,0.9999785488863865,0.9999779014817677,6.474046187845509e-07,0.9896930870872416,10.0,0.060360933278189664
local,1.074,0.9999789711136243,0.9999783390617466,6.320518777506242e-07,1.0032315255709345,10.0,0.060112729362953345
local,1.076,0.9999793850402775,0.9999787679770614,6.170632160735877e-07,1.0000838656861595,10.0,0.05986557571603113
local,1.078,0.9999797908292839,0.999979188399284,6.024299998699011e-07,1.0046205362388119,10.0,0.059619467649933706
local,1.08,0.9999801886403888,0.9999796004965888,5.881438000024427e-07,1.00085867362852,10.0,0.05937440050009008
local,1.082,0.9999805786302075,0.9999800044338203,5.74196387225099e-07,0.9961799690240545,10.0,0.05913036962471924
local,1.084,0.9999809609522861,0.9999804003725586,5.605797274424832e-07,0.995502432297417,10.0,0.058887370404702745
local,1.086,0.9999813357571617,0.9999807884711847,5.472859770820803e-07,1.0127480680119902,10.0,0.0586453982434581
local,1.088,0.9999817031924215,0.9999811688849429,5.34307478576129e-07,1.008744462372315,10.0,0.05840444856681293
local,1.09,0.9999820634027601,0.9999815417660042,5.216367559506553e-07,1.0072566253417785,10.0,0.05816451682288006
local,1.092,0.9999824165300363,0.9999819072635258,5.09266510519099e-07,0.9992258140371708,10.0,0.057925598481933384
local,1.094,0.9999827627133282,0.9999822655237115,4.971896166780725e-07,0.9966044574213757,10.0,0.057687689036284524
local,1.096,0.999983102088988,0.9999826166898702,4.853991178028142e-07,0.9913124263322234,10.0,0.05745078400016034
local,1.098,0.9999834347906953,0.9999829609024731,4.7388822223998373e-07,0.9899274398635757,10.0,0.05721487890958124
local,1.1,0.9999837609495091,0.9999832982992097,4.626502993954766e-07,1.0003443484991594,10.0,0.05697996932224021
local,1.102,0.9999840806939194,0.9999836290150435,4.516788759150223e-07,0.9952447422806399,10.0,0.05674605081738275
local,1.104,0.9999843941498968,0.9999839531822649,4.4096763195535157e-07,1.004650102791013,10.0,0.056513118995687533
local,1.106,0.9999847014409428,0.9999842709305452,4.3051039754379517e-07,0.9905043000548686,10.0,0.056281169479147825
local,1.108,0.9999850026881371,0.9999845823869881,4.20301149024204e-07,1.0028074319743754,10.0,0.0560501979109537
local,1.11,0.9999852980101857,0.9999848876761801,4.103340055871599e-07,0.9991014585857012,10.0,0.05582019995537504
local,1.112,0.9999855875234671,0.9999851869202412,4.006032258824658e-07,0.9983175445611738,10.0,0.055591171297645285
local,1.114,0.9999858713420775,0.9999854802388728,3.911032047119714e-07,1.005005958195251,10.0,0.055363107643845895
local,1.116,0.9999861495778762,0.9999857677494064,3.8182846980082e-07,1.0083595149372209,10.0,0.05513600472079162
local,1.118,0.9999864223405286,0.99998604956685,3.727736786452702e-07,1.0010643616316341,10.0,0.05490985827591648
local,1.12,0.9999866897375498,0.9999863258039343,3.639336154352639e-07,1.0038373459485235,10.0,0.054684664077160494
local,1.122,0.9999869518743459,0.9999865965711578,3.553031880499788e-07,0.996230024144638,10.0,0.05446041791285713
local,1.124,0.9999872088542563,0.9999868619768312,3.468774251246216e-07,1.0050030587493548,10.0,0.0542371155916215
local,1.1260000000000001,0.9999874607785932,0.99998712212712,3.386514731867874e-07,0.9991534126241942,10.0,0.05401475294223928
local,1.1280000000000001,0.999987707746682,0.9999873771260881,3.3062059386072387e-07,0.9964804880823016,10.0,0.053793325813556246
local,1.1300000000000001,0.9999879498558993,0.9999876270757382,3.2278016113789843e-07,0.9960054896111015,10.0,0.053572830074368756
local,1.1320000000000001,0.9999881872017123,0.9999878720760537,3.1512565871228564e-07,0.9957753075071193,10.0,0.05335326161331461
local,1.1340000000000001,0.9999884198777151,0.9999881122250378,3.076526773788526e-07,1.0011942154061158,10.0,0.053134616338764915
local,1.1360000000000001,0.999988647975666,0.9999883476187535,3.003569124937338e-07,0.9996227043608925,10.0,0.052916890178716446
local,1.1380000000000001,0.9999888715855229,0.9999885783513613,2.932341614946393e-07,1.0030622689014193,10.0,0.05270007908068479
local,1.1400000000000001,0.9999890907954788,0.9999888045151574,2.8628032148005946e-07,0.9972230281286719,10.0,0.05248417901159812
local,1.1420000000000001,0.9999893056919971,0.9999890262006103,2.7949138684588243e-07,1.0035919613651796,10.0,0.05226918595769168
local,1.1440000000000001,0.999989516359844,0.9999892434963971,2.7286344697805436e-07,0.9979771136412688,10.0,0.05205509592440295
local,1.1460000000000001,0.999989722882123,0.9999894564894389,2.6639268399995954e-07,1.002813368879713,10.0,0.05184190493626746
local,1.1480000000000001,0.9999899253403066,0.999989665264936,2.6007537057321506e-07,0.9987416951073995,10.0,0.05162960903681525
local,1.1500000000000001,0.9999901238142691,0.9999898699064014,2.5390786775062267e-07,0.9956635441840563,10.0,0.05141820428846803
local,1.1520000000000001,0.999990318382317,0.9999900704956941,2.478866228800337e-07,0.9945511590780747,10.0,0.05120768677243696
local,1.154,0.9999905091212203,0.9999902671130528,2.420081675579255e-07,0.997409514850753,10.0,0.05099805258862111
local,1.156,0.9999906961062425,0.9999904598371269,2.3626911563150047e-07,1.00218208473792,10.0,0.050789297855506475
local,1.158,0.9999908794111699,0.9999906487450086,2.306661612481731e-07,1.0001147035690463,10.0,0.050581418710065815
local,1.16,0.9999910591083406,0.9999908339122637,2.251960769513051e-07,1.0009058809099705,10.0,0.050374411307658906
local,1.162,0.9999912352686734,0.9999910154129615,2.1985571182110137e-07,1.0166331650215956,10.0,0.05016827182193359
local,1.164,0.9999914079616943,0.9999911933197047,2.1464198965959444e-07,0.9946616015305982,10.0,0.04996299644472735
local,1.166,0.9999915772555655,0.9999913677036583,2.095519072186671e-07,1.001940770457263,10.0,0.04975858138596953
local,1.168,0.9999917432171107,0.9999915386345782,2.0458253247010003e-07,1.0064013614788843,10.0,0.04955502287358422
local,1.17,0.9999919059118422,0.9999917061808392,1.9973100291664183e-07,0.9989296327456391,10.0,0.04935231715339368
local,1.172,0.999992065403986,0.999991870409462,1.9499452394313283e-07,0.9972106212201866,10.0,0.04915046048902242
local,1.174,0.9999922217565074,0.9999920313861401,1.9037036720672716e-07,1.0016589166687833,10.0,0.04894944916180183
local,1.176,0.9999923750311355,0.9999921891752664,1.8585586906529353e-07,1.000982430642962,10.0,0.04874927947067547
local,1.178,0.9999925252883878,0.9999923438399587,1.814484290430829e-07,0.9960249146008262,10.0,0.048549947732104935
local,1.18,0.9999926725875933,0.9999924954420849,1.771455083327839e-07,0.992431826218215,10.0,0.04835145027997624
local,1.182,0.9999928169869162,0.9999926440422879,1.7294462833309763e-07,0.9981852641436123,10.0,0.04815378346550691
local,1.184,0.9999929585433789,0.9999927897000097,1.6884336922099612e-07,0.9978921158331288,10.0,0.04795694365715353
local,1.186,0.999993097312884,0.9999929324735154,1.6483936855783673e-07,0.9870222581378048,10.0,0.04776092724051996
local,1.188,0.9999932333502362,0.9999930724199162,1.609303199285333e-07,0.998541636608399,10.0,0.04756573061826608
local,1.19,0.9999933667091643,0.9999932095951927,1.5711397161299564e-07,1.0039465951933961,10.0,0.047371350210017094
local,1.192,0.9999934974423419,0.9999933440542166,1.5338812528907752e-07,0.9978194124370499,10.0,0.04717778245227343
local,1.194,0.9999936256014083,0.9999934758507735,1.4975063476628196e-07,0.9974707252555869,10.0,0.04698502379832117
local,1.196,0.9999937512369885,0.9999936050375837,1.4619940474949708e-07,1.0009817836698702,10.0,0.04679307071814304
local,1.198,0.9999938743987135,0.9999937316663238,1.4273238963204669e-07,0.9986480695381167,10.0,0.046601919698329955
local,1.2,0.999993995135239,0.9999938557876467,1.393475923173652e-07,1.0026946291134227,10.0,0.04641156724199315
local,1.202,0.9999941134942658,0.9999939774512028,1.360430630686145e-07,0.9951412106473561,10.0,0.04622200986867674
local,1.204,0.9999942295225573,0.999994096705659,1.3281689838558239e-07,1.0005998547237598,10.0,0.046033244114270976
local,1.206,0.9999943432659588,0.9999942135987189,1.2966723990821246e-07,1.0048608743256686,10.0,0.04584526653092589
local,1.208,0.9999944547694143,0.999994328177141,1.2659227334613836e-07,1.0033824916673708,10.0,0.04565807368696556
local,1.21,0.9999945640769857,0.9999944404867583,1.235902274336018e-07,0.9969603776188111,10.0,0.045471662166802894
local,1.212,0.9999946712318692,0.9999945505724963,1.2065937290915542e-07,0.9965457534692779,10.0,0.045286028570854876
local,1.214,0.9999947762764122,0.9999946584783906,1.177980215195591e-07,0.9976572109868168,10.0,0.04510116951545841
local,1.216,0.99999487925213,0.999994764247605,1.1500452504730028e-07,0.9968860335596273,10.0,0.04491708163278665
local,1.218,0.999994980199723,0.9999948679224486,1.1227727436117466e-07,0.9966098457778401,10.0,0.04473376157076579
local,1.22,0.9999950791590915,0.9999949695443929,1.0961469848938297e-07,1.0011104212666342,10.0,0.04455120599299248
local,1.222,0.9999951761693515,0.9999950691540878,1.0701526371460652e-07,0.9894421639573813,10.0,0.044369411578651624
local,1.224,0.9999952712688512,0.9999951667913786,1.044774726905445e-07,0.9930274167472293,10.0,0.04418837502243474
local,1.226,0.999995364495185,0.9999952624953214,1.0199986357940069e-07,1.002854061175051,10.0,0.044008093034458816
local,1.228,0.9999954558852086,0.9999953563041993,9.958100920982519e-08,0.99205520073272,10.0,0.04382856234018566
local,1.23,0.9999955454750531,0.9999954482555369,9.721951625482312e-08,0.9908664209462898,10.0,0.043649779680341706
local,1.232,0.9999956333001405,0.9999955383861161,9.491402442916063e-08,0.9961965424939442,10.0,0.04347174181083838
local,1.234,0.9999957193951958,0.9999956267319902,9.26632057058025e-08,0.9904268912640667,10.0,0.04329444550269286
local,1.236,0.9999958037942622,0.9999957133284987,9.04657635509326e-08,0.9998879239876023,10.0,0.043117887541949375
local,1.238,0.9999958865307137,0.9999957982102815,8.832043217711347e-08,0.9870126516062887,10.0,0.04294206472960097
local,1.24,0.9999959676372683,0.9999958814112925,8.622597581415855e-08,0.9916890789413522,10.0,0.04276697388151173
local,1.242,0.999996047146001,0.999995962964813,8.418118799729398e-08,0.9858997890712682,10.0,0.04259261182833949
local,1.244,0.9999961250883564,0.9999960429034656,8.218489087220219e-08,1.0038244387882467,10.0,0.04241897541545899
local,1.246,0.9999962014951614,0.9999961212592269,8.023593451654428e-08,1.0002939829881816,10.0,0.04224606150288554
local,1.248,0.9999962763966362,0.99999619806344,7.833319627757358e-08,0.9912696450316203,10.0,0.042073866965199075
local,1.25,0.999996349822408,0.999996273346828,7.647558012545645e-08,1.0035169208045918,10.0,0.04190238869146872
local,1.252,0.9999964218015208,0.9999963471395048,7.466201602192914e-08,1.0057956980750635,10.0,0.04173162358517779
local,1.254,0.9999964923624481,0.9999964194709888,7.289145930392552e-08,0.9985063190779494,10.0,0.04156156856414924
local,1.256,0.9999965615331037,0.9999964903702135,7.116289008182272e-08,1.0049565417299982,10.0,0.041392220560471586
local,1.258,0.9999966293408522,0.9999965598655396,6.947531265195628e-08,0.9943369770360589,10.0,0.0412235765204252
local,1.26,0.9999966958125208,0.9999966279847659,6.782775492306784e-08,1.0058052858224737,10.0,0.041055633404409146
local,1.262,0.9999967609744089,0.9999966947551411,6.621926785635283e-08,0.998506941074712,10.0,0.040888388186868366
local,1.264,0.9999968248522992,0.9999967602033744,6.464892491878855e-08,0.9948159899107014,10.0,0.040721837856221334
local,1.266,0.9999968874714673,0.9999968243556457,6.311582154942519e-08,0.9951071326615226,10.0,0.04055597941478819
local,1.268,0.9999969488566918,0.9999968872376171,6.161907463833415e-08,0.9939221246543586,10.0,0.04039080987871919
local,1.27,0.9999970090322641,0.999996948874442,6.015782201791167e-08,0.9929377188396952,10.0,0.04022632627792369
local,1.272,0.999997068021998,0.999997009290776,5.8731221966246905e-08,1.0074719538649906,10.0,0.0400625256559995
local,1.274,0.999997125849239,0.9999970685107863,5.733845272226659e-08,1.0054611804349942,10.0,0.039899405070162666
local,1.276,0.999997182536874,0.999997126558162,5.5978712012378396e-08,0.9935416043752899,10.0,0.03973696159117767
local,1.278,0.9999972381073391,0.9999971834561225,5.465121658833846e-08,1.0063992085845497,10.0,0.03957519230328802
local,1.28,0.9999972925826298,0.999997239227428,5.3355201776079265e-08,1.0099657201137628,10.0,0.039414094304147336
local,1.282,0.9999973459843087,0.9999972938943876,5.2089921035235945e-08,0.9970629297147179,10.0,0.039253664704750696
local,1.284,0.9999973983335144,0.9999973474788689,5.085464552911879e-08,0.9875735900097986,10.0,0.03909390062936657
local,1.286,0.9999974496509701,0.9999974000023064,4.9648663704882646e-08,0.9973166225156628,10.0,0.03893479921546894
local,1.288,0.9999974999569909,0.9999974514857101,4.847128088365313e-08,1.0040354671708862,10.0,0.038776357613670084
local,1.29,0.9999975492714931,0.9999975019496742,4.7321818860372214e-08,0.994766255553264,10.0,0.03861857298765349
local,1.292,0.9999975976140002,0.9999975514143847,4.619961551313373e-08,1.000606914169308,10.0,0.038461442514107325
local,1.294,0.9999976450036528,0.9999975998996284,4.51040244217823e-08,0.9916354190398139,10.0,0.03830496338265829
local,1.296,0.9999976914592145,0.9999976474248,4.4034414495557826e-08,1.0119687911134625,10.0,0.03814913279580577
local,1.298,0.9999977369990798,0.9999976940089101,4.2990169609569584e-08,1.006706877979841,10.0,0.037993947968856495
local,1.3,0.9999977816412813,0.999997739670593,4.197068824989156e-08,0.9973968338515928,10.0,0.037839406129859456
local,1.302,0.9999978254034972,0.999997784428114,4.0975383167073346e-08,1.0016605552210163,10.0,0.037685504519541294
local,1.304,0.9999978683030578,0.9999978282993768,4.0003681037868513e-08,1.0013018209658289,10.0,0.03753224039124206
local,1.306,0.9999979103569524,0.9999978713019303,3.905502213498442e-08,1.003109896555414,10.0,0.03737961101085128
local,1.308,0.9999979515818361,0.9999979134529762,3.8128860004664146e-08,0.9972272713198514,10.0,0.03722761365674447
local,1.31,0.9999979919940366,0.9999979547693755,3.722466115191351e-08,0.9891951775344263,10.0,0.03707624561971999
local,1.312,0.9999980316095599,0.9999979952676552,3.6341904733193563e-08,0.999668814915901,10.0,0.036925504202936256
local,1.314,0.9999980704440975,0.9999980349640153,3.548008225640015e-08,1.000035057359831,10.0,0.036775386721849344
local,1.316,0.9999981085130321,0.9999980738743348,3.463869728795865e-08,1.0158435119810683,10.0,0.03662589050415094
local,1.318,0.9999981458314435,0.9999981120141783,3.3817265166864094e-08,0.9955684124652626,10.0,0.03647701288970663
local,1.32,0.9999981824141151,0.9999981493988024,3.301531272550335e-08,1.0027220103198269,10.0,0.03632875123049458
local,1.322,0.9999982182755393,0.9999981860431613,3.223237801709732e-08,0.9932829419316133,10.0,0.03618110289054459
local,1.324,0.9999982534299233,0.9999982219619132,3.146801004960711e-08,1.0042219860368764,10.0,0.036034065245877434
local,1.326,0.9999982878911949,0.9999982571694264,3.072176852594971e-08,1.0061045573703342,10.0,0.035887635684444606
local,1.328,0.9999983216730074,0.9999982916797838,2.999322359037503e-08,0.9948677427689891,10.0,0.035741811606068395
local,1.33,0.9999983547887461,0.9999983255067906,2.9281955580856916e-08,0.9955325111061191,10.0,0.03559659042238229
local,1.332,0.9999983872515325,0.9999983586639777,2.858755478735648e-08,0.9858150917431805,10.0,0.0354519695567718
local,1.334,0.9999984190742296,0.9999983911646084,2.790962121581745e-08,1.0078355550805984,10.0,0.03530794644431547
local,1.336,0.999998450269448,0.9999984230216836,2.7247764357758756e-08,1.0148459669092222,10.0,0.035164518531726446
local,1.338,0.9999984808495493,0.9999984542479464,2.660160296533073e-08,1.004503744779626,10.0,0.035021683277294116
local,1.34,0.9999985108266527,0.9999984848558878,2.597076483170603e-08,0.9974477721245598,10.0,0.034879438150826385
local,1.342,0.9999985402126379,0.9999985148577514,2.5354886576677885e-08,1.0029497527451343,10.0,0.03473778063359197
local,1.344,0.9999985690191517,0.9999985442655382,2.4753613437343264e-08,1.0030119341372623,10.0,0.0345967082182633
local,1.346,0.999998597257611,0.9999985730910119,2.416659906374956e-08,0.9995553914373818,10.0,0.03445621840885957
local,1.348,0.9999986249392083,0.999998601345703,2.3593505319387574e-08,1.000901793769335,10.0,0.03431630872069013
local,1.35,0.9999986520749157,0.9999986290409136,2.3034002086415317e-08,1.003453969037436,10.0,0.03417697668029836
local,1.352,0.9999986786754894,0.9999986561877223,2.248776707550115e-08,1.000705335804892,10.0,0.03403821982540561
local,1.354,0.999998704751474,0.9999986827969883,2.1954485640176158e-08,1.0040383723799005,10.0,0.03390003570485572
local,1.356,0.9999987303132061,0.9999987088793555,2.1433850595589215e-08,0.9904744033266611,10.0,0.03376242187855961
local,1.358,0.9999987553708192,0.9999987344452571,2.0925562041559815e-08,1.0074253926628802,10.0,0.03362537591744041
local,1.36,0.9999987799342472,0.99999875950492,2.0429327189827398e-08,0.9992576150427669,10.0,0.033488895403378745
local,1.362,0.9999988040132286,0.9999987840683684,1.9944860195397166e-08,1.015677196119199,10.0,0.033352977929158395
local,1.364,0.9999988276173098,0.9999988081454279,1.9471881991885606e-08,0.9918482222556283,10.0,0.03321762109841227
local,1.366,0.9999988507558497,0.9999988317457296,1.9010120130770298e-08,1.0104992829531079,10.0,0.03308282252556865
local,1.368,0.9999988734380227,0.9999988548787141,1.855930862445221e-08,1.001436812558484,10.0,0.03294857983579777
local,1.37,0.9999988956728226,0.9999988775536348,1.811918779303939e-08,1.0030458959244626,10.0,0.03281489066495868
local,1.372,0.999998917469066,0.9999988997795619,1.768950411476431e-08,0.998002700092555,10.0,0.03268175265954644
local,1.374,0.9999989388353964,0.9999989215653863,1.7270010079948143e-08,0.9925507316704365,10.0,0.03254916347663956
local,1.3760000000000001,0.9999989597802864,0.9999989429198224,1.6860464048428426e-08,0.9927984810395284,10.0,0.032417120783847786
local,1.3780000000000001,0.9999989803120424,0.9999989638514123,1.6460630110367637e-08,1.003049090824118,10.0,0.032285622259260176
local,1.3800000000000001,0.999999000438807,0.999998984368529,1.6070277950362688e-08,1.0045348420864355,10.0,0.0321546655913934
local,1.3820000000000001,0.9999990201685622,0.9999990044793795,1.5689182714776727e-08,1.008954086104315,10.0,0.03202424847914045
local,1.3840000000000001,0.9999990395091335,0.9999990241920086,1.5317124882217323e-08,1.0135073342526573,10.0,0.03189436863171951
local,1.3860000000000001,0.9999990584681916,0.9999990435143015,1.4953890137086056e-08,0.9956240886540874,10.0,0.03176502376862326
local,1.3880000000000001,0.9999990770532564,0.9999990624539872,1.4599269246126864e-08,1.0090467820047961,10.0,0.03163621161956827
local,1.3900000000000001,0.9999990952717001,0.9999990810186421,1.4253057937901788e-08,0.9992722942493527,10.0,0.031507929924444886
local,1.3920000000000001,0.999999113130749,0.9999990992156922,1.3915056785125057e-08,0.9941285091316512,10.0,0.03138017643326725
local,1.3940000000000001,0.9999991306374876,0.9999991170524165,1.358507108978741e-08,0.9977572321009064,10.0,0.031252948906123665
local,1.3960000000000001,0.9999991477988609,0.9999991345359501,1.3262910771004761e-08,0.9965986288498143,10.0,0.031126245113127185
local,1.3980000000000001,0.9999991646216767,0.9999991516732865,1.2948390255526209e-08,0.994603725440042,10.0,0.03100006283436658
local,1.4000000000000001,0.9999991811126092,0.9999991684712809,1.2641328370838807e-08,1.0025249064056239,10.0,0.030874399859857463
local,1.4020000000000001,0.999999197278201,0.9999991849366527,1.2341548240807145e-08,1.0017899522049085,10.0,0.030749253989493748
local,1.4040000000000001,0.9999992131248656,0.9999992010759884,1.2048877183787885e-08,0.9933722065372362,10.0,0.030624623032999378
local,1.4060000000000001,0.9999992286588902,0.9999992168957437,1.1763146613160238e-08,0.9988873067188414,10.0,0.0305005048098803
local,1.408,0.9999992438864388,0.9999992324022469,1.1484191940215522e-08,0.9894145322042427,10.0,0.030376897149376747
local,1.41,0.9999992588135532,0.9999992476017008,1.1211852479349377e-08,1.012320598919384,10.0,0.03025379789041567
local,1.412,0.9999992734461567,0.9999992625001853,1.0945971355502567e-08,1.0003276422132126,10.0,0.03013120488156365
local,1.414,0.9999992877900555,0.9999992771036601,1.0686395413796573e-08,0.9934972699521081,10.0,0.030009115980979845
local,1.416,0.9999993018509418,0.9999992914179666,1.0432975131312059e-08,0.9938942740199197,10.0,0.02988752905636933
local,1.418,0.9999993156343955,0.999999305448831,1.0185564530959615e-08,1.0042175788376975,10.0,0.029766441984936644
local,1.42,0.9999993291458866,0.9999993192018656,9.94402109739288e-09,0.9970050922639646,10.0,0.029645852653339622
local,1.422,0.9999993423907776,0.9999993326825719,9.708205694915838e-09,1.0003785763463948,10.0,0.02952575895764347
local,1.424,0.9999993553743248,0.9999993458963423,9.477982487336689e-09,1.0036437466234118,10.0,0.02940615880327507
local,1.426,0.9999993681016813,0.9999993588484625,9.253218859722538e-09,0.9931665397090416,10.0,0.029287050104977588
local,1.428,0.9999993805778989,0.9999993715441136,9.033785342009477e-09,1.0019341768930379,10.0,0.02916843078676528
local,1.43,0.9999993928079294,0.9999993839883738,8.819555534424323e-09,1.0003586848504713,10.0,0.02905029878187858
local,1.432,0.9999994047966274,0.9999993961862214,8.610406034674752e-09,0.9911002830993235,10.0,0.02893265203273943
local,1.434,0.9999994165487516,0.9999994081425352,8.40621636686623e-09,0.9923613514610135,10.0,0.02881548849090683
local,1.436,0.9999994280689672,0.9999994198620983,8.20686891210454e-09,0.9968738134390317,10.0,0.02869880611703267
local,1.438,0.9999994393618472,0.9999994313495983,8.012248840744105e-09,0.991694766270578,10.0,0.028582602880817782
local,1.44,0.9999994504318748,0.9999994426096307,7.822244046242848e-09,0.9964728857538143,10.0,0.028466876760968228
local,1.442,0.9999994612834446,0.9999994536466995,7.636745080585782e-09,0.9991094967514902,10.0,0.02835162574515185
local,1.444,0.9999994719208648,0.9999994644652197,7.455645091239903e-09,1.000107697914939,10.0,0.02823684782995502
local,1.446,0.9999994823483586,0.9999994750695188,7.278839759604225e-09,0.9858566200386948,10.0,0.02812254102083967
local,1.448,0.999999492570066,0.9999994854638388,7.106227240919303e-09,0.9974276602157008,10.0,0.02800870333210054
local,1.45,0.9999995025900456,0.9999994956523375,6.937708105601894e-09,0.9922251039766887,10.0,0.027895332786822626
local,1.452,0.9999995124122755,0.9999995056390902,6.773185281970736e-09,1.0024330598535396,10.0,0.027782427416838923
local,1.454,0.9999995220406562,0.9999995154280922,6.6125640003306284e-09,0.9887072750906255,10.0,0.02766998526268833
local,1.456,0.9999995314790106,0.9999995250232588,6.45575173838239e-09,0.9997810308476703,10.0,0.027558004373573846
local,1.458,0.9999995407310865,0.9999995344284284,6.3026581679275115e-09,0.997671338432245,10.0,0.027446482807320954
local,1.46,0.9999995498005583,0.9999995436473632,6.153195102836587e-09,0.9950412090418955,10.0,0.027335418630336228
local,1.462,0.9999995586910273,0.9999995526837508,6.007276448251712e-09,1.0003461262008209,10.0,0.027224809917566213
local,1.464,0.9999995674060242,0.9999995615412061,5.864818150993397e-09,0.9983977348040793,10.0,0.02711465475245645
local,1.466,0.99999957594901,0.9999995702232719,5.72573815114366e-09,1.0014268480340593,10.0,0.027004951226910795
local,1.468,0.9999995843233777,0.9999995787334213,5.58995633477722e-09,1.0009357326944162,10.0,0.026895697441250917
local,1.47,0.999999592532453,0.9999995870750584,5.457394487813703e-09,0.992258458836038,10.0,0.02678689150417603
local,1.472,0.9999996005794963,0.99999959525152,5.327976250964104e-09,0.9866553709290218,10.0,0.02667853153272284
local,1.474,0.9999996084677041,0.999999603266077,5.2016270757457784e-09,0.9949276182785438,10.0,0.026570615652225703
local,1.476,0.9999996162002092,0.999999611121935,5.078274181540418e-09,0.9975774136657012,10.0,0.026463141996277
local,1.478,0.999999623780083,0.9999996188222365,4.957846513670455e-09,1.0013917368901337,10.0,0.026356108706687736
local,1.48,0.9999996312103367,0.999999626370062,4.840274702469538e-09,0.9973265810685533,10.0,0.026249513933448335
local,1.482,0.9999996384939215,0.9999996337684305,4.725491023323728e-09,0.9982248480448022,10.0,0.026143355834689654
local,1.484,0.9999996456337308,0.9999996410203015,4.613429357660229e-09,1.0002017373517895,10.0,0.026037632576644206
local,1.486,0.9999996526326008,0.9999996481285757,4.504025154861295e-09,1.0086102539234907,10.0,0.025932342333607583
local,1.488,0.9999996594933122,0.9999996550960968,4.397215395081239e-09,1.0032713539730098,10.0,0.02582748328790012
local,1.49,0.9999996662185902,0.9999996619256516,4.292938552945294e-09,1.0013522942269886,10.0,0.025723053629828692
local,1.492,0.9999996728111068,0.9999996686199722,4.191134562109283e-09,1.0077518436787358,10.0,0.025619051557648806
local,1.494,0.9999996792734812,0.9999996751817364,4.091744780659768e-09,0.999125804342693,10.0,0.025515475277526817
local,1.496,0.999999685608281,0.999999681613569,3.994711957334644e-09,1.0029889666993603,10.0,0.025412323003502407
local,1.498,0.999999691818023,0.9999996879180427,3.8999801985448616e-09,1.0008133622811906,10.0,0.025309592957451214
local,1.5,0.9999996979051745,0.9999996940976795,3.807494936178157e-09,1.008807088838984,10.0,0.025207283369047696
local,1.502,0.9999997038721542,0.9999997001549513,3.717202896166339e-09,0.996095157364531,10.0,0.025105392475728176
local,1.504,0.9999997097213331,0.9999997060922811,3.6290520677979115e-09,1.0152798543821746,10.0,0.025003918522654094
local,1.506,0.9999997154550355,0.9999997119120438,3.5429916737584946e-09,0.9883622075480564,10.0,0.02490285976267544
local,1.508,0.9999997210755397,0.9999997176165676,3.458972140881671e-09,1.0067110693017425,10.0,0.02480221445629439
local,1.51,0.9999997265850792,0.9999997232081341,3.376945071593498e-09,0.9934122659392188,10.0,0.024701980871629142
local,1.512,0.9999997319858436,0.9999997286889803,3.296863216034133e-09,1.006404453517453,10.0,0.024602157284377927
local,1.514,0.9999997372799789,0.9999997340612985,3.2186804448406293e-09,1.0044571938946876,10.0,0.02450274197778324
local,1.516,0.9999997424695892,0.9999997393272375,3.1423517225751326e-09,0.9953780287231849,10.0,0.024403733242596218
local,1.518,0.9999997475567372,0.999999744488904,3.0678330817832536e-09,0.9930027788879322,10.0,0.02430512937704124
local,1.52,0.9999997525434444,0.9999997495483628,2.995081597667559e-09,1.0016502499580924,10.0,0.024206928686780708
local,1.522,0.9999997574316928,0.9999997545076375,2.924055363361727e-09,0.989246414866447,10.0,0.024109129484880004
local,1.524,0.9999997622234253,0.9999997593687119,2.8547134657910212e-09,0.9937778246929327,10.0,0.024011730091772647
local,1.526,0.9999997669205466,0.9999997641335306,2.7870159621052495e-09,0.9988319471394542,10.0,0.023914728835225604
local,1.528,0.9999997715249235,0.9999997688039997,2.720923856670547e-09,0.9994168187267836,10.0,0.023818124050304836
local,1.53,0.9999997760383863,0.9999997733819872,2.6563990786068344e-09,0.9929766701270043,10.0,0.023721914079340968
local,1.532,0.999999780462729,0.9999997778693245,2.5934044598579257e-09,1.007318774728359,10.0,0.02362609727189517
local,1.534,0.9999997847997103,0.9999997822678066,2.531903713781724e-09,1.0018381293064385,10.0,0.02353067198472525
local,1.536,0.9999997890510542,0.9999997865791929,2.4718614142480775e-09,0.9948963549837898,10.0,0.023435636581751813
local,1.538,0.999999793218451,0.9999997908052081,2.413242975232375e-09,1.0179719912260576,10.0,0.023340989434024757
local,1.54,0.999999797303557,0.9999997949475424,2.3560146308930248e-09,1.0013403947445434,10.0,0.023246728919689798
local,1.542,0.9999998013079966,0.9999997990078532,2.3001434161214165e-09,0.9933022735332683,10.0,0.023152853423955275
local,1.544,0.9999998052333614,0.9999998029877643,2.2455971475530803e-09,0.9958921614453418,10.0,0.02305936133905906
local,1.546,0.9999998090812123,0.9999998068888679,2.1923444050291966e-09,0.9992630595075509,10.0,0.022966251064235683
local,1.548,0.9999998128530792,0.9999998107127246,2.1403545134977076e-09,1.0034782834238243,10.0,0.02287352100568361
local,1.55,0.9999998165504612,0.9999998144608637,2.089597525343655e-09,0.9965605903373318,10.0,0.022781169576532694
local,1.552,0.999999820174829,0.9999998181347848,2.040044203138502e-09,0.9991218989603596,10.0,0.022689195196811812
local,1.554,0.9999998237276234,0.9999998217359574,1.9916660027985815e-09,1.006868000323118,10.0,0.022597596293416636
local,1.556,0.9999998272102569,0.9999998252658219,1.944435057142909e-09,1.005087279112779,10.0,0.022506371300077602
local,1.558,0.9999998306241146,0.9999998287257904,1.8983241598409266e-09,1.0009886225327447,10.0,0.02241551865732804
local,1.56,0.9999998339705537,0.999999832117247,1.8533067497408866e-09,1.0005794445156242,10.0,0.022325036812472478
local,1.562,0.9999998372509051,0.9999998354415482,1.8093568955699065e-09,0.9880864297813899,10.0,0.022234924219555068
local,1.564,0.9999998404664733,0.999999838700024,1.7664492809968312e-09,1.0064910884732974,10.0,0.02214517933932823
local,1.566,0.9999998436185366,0.9999998418939774,1.7245591900493405e-09,1.006346737858753,10.0,0.022055800639221447
local,1.568,0.999999846708349,0.9999998450246864,1.6836624928768466e-09,1.0157161941603292,10.0,0.02196678659331017
local,1.57,0.9999998497371388,0.9999998480934033,1.6437356318510436e-09,0.9978430493889627,10.0,0.02187813568228498
local,1.572,0.999999852706111,0.9999998511013554,1.6047556079960595e-09,0.9970553248833967,10.0,0.021789846393420808
local,1.574,0.9999998556164461,0.9999998540497461,1.5666999677404187e-09,1.0169116834611134,10.0,0.021701917220546377
local,1.576,0.9999998584693016,0.9999998569397548,1.5295467899831492e-09,1.0005857874202915,10.0,0.021614346664013816
local,1.578,0.9999998612658121,0.9999998597725374,1.493274673466631e-09,0.9964287052018431,10.0,0.021527133230668336
local,1.58,0.99999986400709,0.9999998625492272,1.4578627244488783e-09,1.0071358910312347,10.0,0.0214402754338182
local,1.582,0.9999998666942255,0.9999998652709349,1.4232905446681732e-09,1.0060923338824215,10.0,0.021353771793204714
local,1.584,0.9999998693282873,0.9999998679387491,1.3895382195930893e-09,1.0021684352567308,10.0,0.021267620834972484
local,1.586,0.9999998719103234,0.9999998705537371,1.3565863069511815e-09,0.9962657616192259,10.0,0.021181821091639744
local,1.588,0.9999998744413606,0.9999998731169448,1.3244158255296936e-09,1.0078792550626332,10.0,0.02109637110206888
local,1.59,0.9999998769224059,0.9999998756293976,1.2930082442418646e-09,0.9888483073974432,10.0,0.021011269411437102
local,1.592,0.999999879354446,0.9999998780921006,1.2623454714524977e-09,0.984437951093374,10.0,0.02092651457120724
local,1.594,0.9999998817384486,0.9999998805060387,1.2324098445566847e-09,0.9960475091564384,10.0,0.020842105139098732
local,1.596,0.9999998840753618,0.9999998828721777,1.203184119805656e-09,1.0098472121704951,10.0,0.020758039679058718
local,1.598,0.9999998863661155,0.999999885191464,1.174651462373911e-09,1.0022301603459336,10.0,0.02067431676123333
local,1.6,0.9999998886116207,0.9999998874648253,1.1467954366618801e-09,0.9984859027135684,10.0,0.020590934961939065
local,1.602,0.999999890812771,0.999999889693171,1.1195999968285756e-09,1.007469472412826,10.0,0.02050789286363436
local,1.604,0.999999892970442,0.9999998918773926,1.0930494775487394e-09,1.0017386372416992,10.0,0.02042518905489131
local,1.606,0.9999998950854923,0.9999998940183636,1.0671285849891836e-09,1.0069996101139373,10.0,0.020342822130367484
local,1.608,0.999999897158763,0.9999998961169406,1.0418223879991189e-09,1.0023169704062043,10.0,0.02026079069077793
local,1.61,0.9999998991910793,0.9999998981739631,1.0171163095093965e-09,0.996237080978974,10.0,0.020179093342867306
local,1.612,0.9999999011832498,0.9999999001902536,9.92996118135727e-10,1.0072191000030009,10.0,0.020097728699382162
local,1.614,0.999999903136067,0.999999902166619,9.694479199809873e-10,0.9988032596921625,10.0,0.020016695379043336
local,1.616,0.999999905050308,0.9999999041038499,9.464581506319675e-10,1.0020373359147812,10.0,0.019935992006518535
local,1.618,0.9999999069267343,0.9999999060027208,9.240135673458891e-10,0.9882887901563255,10.0,0.01985561721239501
local,1.62,0.9999999087660929,0.9999999078639916,9.021012414222195e-10,1.0010927633805922,10.0,0.01977556963315241
local,1.622,0.9999999105691154,0.9999999096884069,8.80708550755383e-10,0.9954623236685413,10.0,0.019695847911135732
local,1.624,0.9999999123365194,0.9999999114766962,8.598231725640792e-10,1.0085113420583158,10.0,0.019616450694528456
local,1.6260000000000001,0.9999999140690081,0.999999913229575,8.394330762930167e-10,1.0018236021515594,10.0,0.019537376637325785
local,1.6280000000000001,0.9999999157672712,0.9999999149477447,8.195265166829934e-10,1.0168351472810637,10.0,0.019458624399308008
local,1.6300000000000001,0.9999999174319841,0.9999999166318921,8.000920270052835e-10,0.9975364565235119,10.0,0.01938019264601403
local,1.6320000000000001,0.9999999190638096,0.9999999182826912,7.811184124564981e-10,1.002292847205037,10.0,0.01930208004871505
local,1.6340000000000001,0.9999999206633972,0.9999999199008024,7.625947437100638e-10,1.0082879060778158,10.0,0.01922428528438829
local,1.6360000000000001,0.9999999222313831,0.9999999214868728,7.44510350620631e-10,1.0023826291183708,10.0,0.01914680703569096
local,1.6380000000000001,0.9999999237683916,0.9999999230415368,7.268548160777729e-10,1.0029226320053461,10.0,0.019069643990934273
local,1.6400000000000001,0.9999999252750345,0.9999999245654165,7.096179700054434e-10,1.0034157728590738,10.0,0.018992794844057654
local,1.6420000000000001,0.9999999267519113,0.9999999260591214,6.927898835037291e-10,1.0031312281813038,10.0,0.018916258294603024
local,1.6440000000000001,0.9999999281996097,0.9999999275232488,6.763608631295377e-10,1.0004661279054683,10.0,0.018840033047689258
local,1.6460000000000001,0.9999999296187061,0.9999999289583846,6.603214453128931e-10,1.0069505026186443,10.0,0.01876411781398674
local,1.6480000000000001,0.9999999310097654,0.9999999303651029,6.446623909056666e-10,0.9976482317660618,10.0,0.01868851130969206
local,1.6500000000000001,0.999999932373341,0.9999999317439663,6.293746798595698e-10,0.9894545137201936,10.0,0.018613212256502847
local,1.6520000000000001,0.9999999337099758,0.9999999330955263,6.144495060303573e-10,0.9959219252937709,10.0,0.018538219381592717
local,1.6540000000000001,0.9999999350202019,0.9999999344203236,5.998782721052444e-10,1.0071777530612125,10.0,0.01846353141758633
local,1.6560000000000001,0.9999999363045409,0.9999999357188882,5.856525846506171e-10,1.003617197346824,10.0,0.018389147102534607
local,1.6580000000000001,0.9999999375635038,0.9999999369917395,5.717642492771799e-10,1.0053840550434194,10.0,0.018315065179890056
local,1.6600000000000001,0.9999999387975919,0.9999999382393866,5.582052659197701e-10,0.9940325984372443,10.0,0.018241284398482216
local,1.6620000000000001,0.9999999400072965,0.9999999394623287,5.449678242290855e-10,1.0042492439265795,10.0,0.018167803512493218
local,1.6640000000000001,0.9999999411930992,0.9999999406610549,5.320442990727165e-10,0.9886792830954962,10.0,0.018094621281433496
local,1.666,0.9999999423554721,0.9999999418360448,5.194272461428587e-10,0.9957730670527681,10.0,0.018021736470117608
local,1.668,0.9999999434948776,0.9999999429877683,5.071093976681754e-10,1.000058267668348,10.0,0.017949147848640108
local,1.67,0.9999999446117697,0.999999944116686,4.950836582273808e-10,0.9862818491110104,10.0,0.01787685419235171
local,1.672,0.999999945706593,0.9999999452232499,4.833431006620608e-10,1.0054054878610632,10.0,0.017804854281835363
local,1.674,0.9999999467797831,0.9999999463079021,4.718809620864488e-10,0.9968614468444847,10.0,0.01773314690288261
local,1.676,0.9999999478317675,0.9999999473710769,4.60690639991814e-10,0.9960531750517848,10.0,0.01766173084646997
local,1.678,0.9999999488629651,0.9999999484131994,4.4976568844323386e-10,1.0003020717455307,10.0,0.017590604908735468
local,1.68,0.9999999498737864,0.9999999494346865,4.390998143665574e-10,0.9918931638720819,10.0,0.017519767890955294
local,1.682,0.9999999508646337,0.9999999504359468,4.286868739234209e-10,1.0077164589423055,10.0,0.017449218599520554
local,1.684,0.9999999518359017,0.9999999514173809,4.1852086897222506e-10,1.0050035823032046,10.0,0.01737895584591416
local,1.686,0.999999952787977,0.9999999523793811,4.0859594361304584e-10,0.9932930160206646,10.0,0.017308978446687804
local,1.688,0.999999953721239,0.9999999533223326,3.9890638081446537e-10,1.0002235911355735,10.0,0.017239285223439083
local,1.69,0.9999999546360588,0.9999999542466123,3.894465991204093e-10,1.0008517792924005,10.0,0.01716987500278872
local,1.692,0.9999999555328013,0.9999999551525901,3.80211149435073e-10,1.0044131393880766,10.0,0.017100746616357868
local,1.694,0.999999956411823,0.9999999560406283,3.7119471188409087e-10,1.004915414409016,10.0,0.017031898900745596
local,1.696,0.9999999572734743,0.9999999569110822,3.623920927501425e-10,1.0069723819135175,10.0,0.01696333069750642
local,1.698,0.9999999581180982,0.9999999577643,3.537982214812271e-10,1.0009110369547491,10.0,0.01689504085312797
local,1.7,0.999999958946031,0.9999999586006229,3.454081477698847e-10,1.005176982598211,10.0,0.01682702821900879
local,1.702,0.9999999597576025,0.9999999594203854,3.3721703870168693e-10,0.9950197032490592,10.0,0.016759291651436203
local,1.704,0.9999999605531358,0.9999999602239156,3.2922017597133687e-10,0.9900953840726594,10.0,0.01669183001156431
local,1.706,0.9999999613329479,0.9999999610115349,3.214129531648005e-10,1.0047642878906702,10.0,0.01662464216539211
local,1.708,0.9999999620973491,0.9999999617835582,3.1379087310588314e-10,0.9990991069162007,10.0,0.01655772698374171
local,1.71,0.9999999628466439,0.9999999625402944,3.063495452657313e-10,1.0075614858016333,10.0,0.016491083342236628
local,1.712,0.999999963581131,0.9999999632820463,2.9908468323376735e-10,1.006184056505432,10.0,0.01642471012128023
local,1.714,0.9999999643011026,0.9999999640091105,2.919921022485982e-10,1.0006348550649755,10.0,0.016358606206034288
local,1.716,0.9999999650068456,0.9999999647217779,2.8506771678747577e-10,0.9977156561902683,10.0,0.016292770486397573
local,1.718,0.9999999656986409,0.9999999654203334,2.7830753821292757e-10,0.9993236204119273,10.0,0.01622720185698464
local,1.72,0.9999999663767644,0.9999999661050567,2.717076724751846e-10,0.9944119458525155,10.0,0.01616189921710465
local,1.722,0.999999967041486,0.9999999667762216,2.6526431786910533e-10,1.007610792864826,10.0,0.01609686147074033
local,1.724,0.9999999676930702,0.9999999674340965,2.589737628442872e-10,0.9866029842304168,10.0,0.016032087526527027
local,1.726,0.999999968331777,0.9999999680789445,2.5283238386711155e-10,0.99538203674564,10.0,0.015967576297731875
local,1.728,0.9999999689578605,0.9999999687110238,2.468366433334873e-10,1.0006967113172165,10.0,0.015903326702233038
local,1.73,0.9999999695715702,0.9999999693305871,2.409830875310937e-10,0.9943894811261937,10.0,0.015839337662499085
local,1.732,0.9999999701731505,0.9999999699378821,2.3526834464994546e-10,0.9966065619289269,10.0,0.01577560810556844
local,1.734,0.9999999707628411,0.9999999705331519,2.2968912284014047e-10,1.0026688169886213,10.0,0.01571213696302895
local,1.736,0.9999999713408768,0.9999999711166346,2.2424220831565825e-10,1.0056174128019175,10.0,0.01564892317099756
local,1.738,0.999999971907488,0.9999999716885636,2.189244635031335e-10,0.9981644570756212,10.0,0.015585965670100042
local,1.74,0.9999999724629004,0.9999999722491676,2.1373282523452624e-10,1.014930876036519,10.0,0.015523263405450885
local,1.742,0.9999999730073352,0.9999999727986709,2.0866430298265277e-10,1.0033891545974059,10.0,0.015460815326633242
local,1.744,0.9999999735410092,0.9999999733372933,2.0371597713855867e-10,1.0035191163503545,10.0,0.015398620387678984
local,1.746,0.9999999740641353,0.9999999738652503,1.9888499732974384e-10,1.003601595558923,10.0,0.015336677547048849
local,1.748,0.9999999745769216,0.999999974382753,1.9416858077826825e-10,1.010366531172142,10.0,0.015274985767612702
local,1.75,0.9999999750795725,0.9999999748900085,1.8956401069779766e-10,0.9948316056112713,10.0,0.015213544016629874
local,1.752,0.9999999755722883,0.9999999753872196,1.850686347286554e-10,0.9856895431243841,10.0,0.015152351265729594
local,1.754,0.9999999760552652,0.9999999758745853,1.8067986340999266e-10,0.9926423160328095,10.0,0.015091406490891541
local,1.756,0.9999999765286957,0.9999999763523005,1.7639516868818688e-10,1.005297660747037,10.0,0.015030708672426465
local,1.758,0.9999999769927684,0.9999999768205563,1.7221208246061275e-10,0.9965531992839789,10.0,0.014970256794956909
local,1.76,0.9999999774476682,0.99999997727954,1.6812819515394696e-10,1.006337502259377,10.0,0.014910049847398023
local,1.762,0.9999999778935764,0.9999999777294353,1.641411543361875e-10,0.9899240652018066,10.0,0.014850086822938492
local,1.764,0.9999999783306708,0.9999999781704221,1.6024866336158683e-10,0.9995410734776479,10.0,0.014790366719021513
local,1.766,0.9999999787591252,0.9999999786026766,1.5644848004772317e-10,1.0005529987538258,10.0,0.014730888537325914
local,1.768,0.9999999791791104,0.999999979026372,1.5273841538393756e-10,0.9914973814645008,10.0,0.014671651283747311
local,1.77,0.9999999795907941,0.9999999794416777,1.4911633227040594e-10,0.9987003240584134,10.0,0.014612653968379415
local,1.772,0.9999999799943399,0.9999999798487598,1.4558014428710957e-10,0.9945200876570658,10.0,0.01455389560549538
local,1.774,0.9999999803899089,0.999999980247781,1.4212781449199966e-10,0.9920100674865377,10.0,0.014495375213529258
local,1.776,0.9999999807776585,0.9999999806389012,1.387573542476624e-10,0.9957849948986733,10.0,0.014437091815057559
local,1.778,0.9999999811577435,0.9999999810222766,1.354668220758088e-10,1.0001824157115882,10.0,0.01437904443678087
local,1.78,0.999999981530315,0.9999999813980607,1.32254322538929e-10,1.009907975222808,10.0,0.014321232109505597
local,1.782,0.9999999818955219,0.9999999817664038,1.2911800514846982e-10,0.9962340267272624,10.0,0.014263653868125753
local,1.784,0.9999999822535093,0.9999999821274532,1.2605606329889932e-10,1.0083526300003938,10.0,0.014206308751604873
local,1.786,0.9999999826044201,0.9999999824813534,1.230667332270539e-10,1.0081489830387624,10.0,0.014149195802957999
local,1.788,0.9999999829483941,0.9999999828282458,1.2014829299616166e-10,1.0005217133402142,10.0,0.01409231406923374
local,1.79,0.9999999832855684,0.9999999831682693,1.1729906150395895e-10,0.9983930443094368,10.0,0.014035662601496449
local,1.792,0.9999999836160773,0.9999999835015599,1.1451739751432928e-10,0.9997077030881513,10.0,0.013979240454808452
local,1.794,0.9999999839400526,0.999999983828251,1.1180169871190566e-10,1.0086636076313922,10.0,0.013923046688212376
local,1.796,0.9999999842576234,0.999999984148473,1.0915040077909242e-10,0.9965743914696635,10.0,0.013867080364713576
local,1.798,0.9999999845689163,0.9999999844623543,1.0656197649497652e-10,0.9899911618426991,10.0,0.013811340551262615
local,1.8,0.9999999848740552,0.9999999847700203,1.0403493485560386e-10,0.9985127171607232,10.0,0.013755826318737868
local,1.802,0.9999999851731619,0.999999985071594,1.015678202151211e-10,0.9863817398650585,10.0,0.01370053674192816
local,1.804,0.9999999854663555,0.9999999853671963,9.91592114472833e-11,0.990746698622864,10.0,0.013645470899515538
local,1.806,0.9999999857537529,0.9999999856569453,9.680772112684562e-11,0.9969861266074205,10.0,0.013590627874058082
local,1.808,0.9999999860354687,0.9999999859409567,9.451199473036827e-11,1.0050712003018132,10.0,0.01353600675197283
local,1.81,0.9999999863116152,0.9999999862193445,9.22707098559734e-11,1.0066892658957076,10.0,0.013481606623518766
local,1.812,0.9999999865823023,0.9999999864922197,9.008257546160483e-11,1.0051493028945306,10.0,0.013427426582779891
local,1.814,0.999999986847638,0.9999999867596917,8.794633112135334e-11,0.9941712420061344,10.0,0.013373465727648394
local,1.816,0.9999999871077281,0.9999999870218673,8.586074629941458e-11,1.0091851046193776,10.0,0.013319723159807858
local,1.818,0.9999999873626763,0.9999999872788516,8.382461964126779e-11,0.9995820980573352,10.0,0.01326619798471661
local,1.82,0.999999987612584,0.9999999875307473,8.183677828166194e-11,0.9959650591306021,10.0,0.013212889311591093
local,1.822,0.9999999878575511,0.999999987777655,7.989607716901303e-11,0.9954157809905199,10.0,0.01315979625338934
local,1.824,0.999999988097675,0.9999999880196736,7.800139840582261e-11,1.0026911853477594,10.0,0.013106917926794534
local,1.826,0.9999999883330516,0.9999999882569,7.6151650604738e-11,0.9989891125493335,10.0,0.013054253452198643
local,1.828,0.9999999885637747,0.999999988489429,7.434576825988273e-11,0.996370066834143,10.0,0.013001801953686108
local,1.83,0.9999999887899362,0.9999999887173535,7.258271113309669e-11,1.0030054207178307,10.0,0.01294956255901765
local,1.832,0.9999999890116263,0.9999999889407649,7.086146365472865e-11,0.9986489498401118,10.0,0.012897534399614117
local,1.834,0.9999999892289334,0.9999999891597524,6.918103433864109e-11,0.9961143331525115,10.0,0.01284571661054043
local,1.836,0.9999999894419441,0.9999999893744037,6.754045521108653e-11,0.9953793362470861,10.0,0.012794108330489596
local,1.838,0.9999999896507434,0.9999999895848046,6.593878125312793e-11,1.016187381490402,10.0,0.012742708701766796
local,1.84,0.9999999898554144,0.9999999897910393,6.437508985628155e-11,0.9927382588381377,10.0,0.01269151687027355
local,1.842,0.9999999900560388,0.9999999899931903,6.284848029106905e-11,1.0014573404145761,10.0,0.012640531985491959
local,1.844,0.9999999902526964,0.9999999901913383,6.135807318817213e-11,1.003519944110504,10.0,0.012589753200469025
local,1.846,0.9999999904454658,0.9999999903855629,5.990301003189239e-11,1.002144211293533,10.0,0.012539179671801029
local,1.848,0.9999999906344239,0.9999999905759415,5.848245266562125e-11,0.9897423340487569,10.0,0.012488810559618002
local,1.85,0.9999999908196459,0.9999999907625503,5.709558280903941e-11,1.0058416742692373,10.0,0.012438645027568255
local,1.852,0.9999999910012057,0.9999999909454641,5.574160158676455e-11,0.9968472652026945,10.0,0.012388682242802986
local,1.854,0.9999999911791756,0.9999999911247559,5.4419729068177056e-11,1.005829275386553,10.0,0.01233892137596097
local,1.856,0.9999999913536267,0.9999999913004975,5.312920381815838e-11,1.0003335312992336,10.0,0.01228936160115331
local,1.858,0.9999999915246285,0.9999999914727592,5.186928245848341e-11,1.0027037187980077,10.0,0.01224000209594825
local,1.86,0.9999999916922492,0.9999999916416099,5.063923923961379e-11,0.9983497086778017,10.0,0.012190842041356087
local,1.862,0.9999999918565554,0.9999999918071171,4.943836562264694e-11,1.0059063181586385,10.0,0.012141880621814132
local,1.864,0.999999992017613,0.9999999919693471,4.826596987117691e-11,0.9989309768399525,10.0,0.01209311702517174
local,1.866,0.9999999921754861,0.9999999921283647,4.712137665283583e-11,0.9945263270138399,10.0,0.012044550442675434
local,1.868,0.9999999923302374,0.9999999922842334,4.600392665028363e-11,1.004457122533338,10.0,0.01199618006895407
local,1.87,0.9999999924819288,0.9999999924370159,4.491297618142298e-11,1.0001473704957264,10.0,0.01194800510200409
local,1.872,0.9999999926306209,0.999999992586773,4.384789682862062e-11,1.0097195757165538,10.0,0.011900024743174835
local,1.874,0.9999999927763729,0.9999999927335648,4.280807507672148e-11,0.999903088237053,10.0,0.011852238197153937
local,1.8760000000000001,0.9999999929192427,0.9999999928774498,4.1792911959646775e-11,0.9906138595072927,10.0,0.011804644671952772
local,1.8780000000000001,0.9999999930592876,0.9999999930184857,4.0801822715373584e-11,0.987568789726666,10.0,0.01175724337889197
local,1.8800000000000001,0.9999999931965632,0.9999999931567289,3.9834236449094904e-11,0.9988754284342874,10.0,0.011710033532587023
local,1.8820000000000001,0.9999999933311243,0.9999999932922348,3.888959580436901e-11,1.0113943083237948,10.0,0.011663014350933925
local,1.8840000000000001,0.9999999934630249,0.9999999934250575,3.796735664206663e-11,0.9968648216175451,10.0,0.01161618505509491
local,1.8860000000000001,0.9999999935923171,0.99999999355525,3.7066987726931705e-11,1.0057473885811234,10.0,0.011569544869484234
local,1.8880000000000001,0.9999999937190526,0.9999999936828646,3.618797042157525e-11,0.9990316589157295,10.0,0.011523093021754038
local,1.8900000000000001,0.9999999938432822,0.9999999938079523,3.532979838772584e-11,1.0053050386935596,10.0,0.011476828742780262
local,1.8920000000000001,0.999999993965055,0.999999993930563,3.449197729456465e-11,0.9918806388497832,10.0,0.011430751266648645
local,1.8940000000000001,0.9999999940844201,0.999999994050746,3.367402453397776e-11,0.9957561439170587,10.0,0.011384859830640772
local,1.8960000000000001,0.9999999942014246,0.9999999941685491,3.287546894255974e-11,1.0092054779201545,10.0,0.011339153675220193
local,1.8980000000000001,0.9999999943161154,0.9999999942840195,3.2095850530211056e-11,1.0047613623247935,10.0,0.011293632044018613
local,1.9000000000000001,0.9999999944285383,0.9999999943972036,3.133472021517089e-11,1.0134297178368252,10.0,0.011248294183822125
local,1.9020000000000001,0.999999994538738,0.9999999945081464,3.059163956533363e-11,0.9987400969580031,10.0,0.011203139344557541
local,1.9040000000000001,0.9999999946467586,0.9999999946168924,2.986618054569989e-11,0.9933336558715362,10.0,0.011158166779278757
local,1.9060000000000001,0.9999999947526429,0.999999994723485,2.9157925271816496e-11,1.0060212047761006,10.0,0.011113375744153189
local,1.9080000000000001,0.9999999948564334,0.999999994827967,2.846646576906336e-11,0.9972736432890286,10.0,0.011068765498448282
local,1.9100000000000001,0.9999999949581716,0.9999999949303802,2.7791403737649266e-11,0.9878358958258698,10.0,0.011024335304518068
local,1.9120000000000001,0.9999999950578976,0.9999999950307653,2.713235032317954e-11,1.0046091275866822,10.0,0.010980084427789798
local,1.9140000000000001,0.9999999951556517,0.9999999951291628,2.6488925892665587e-11,0.9918421064475054,10.0,0.010936012136750627
local,1.9160000000000001,0.9999999952514725,0.9999999952256118,2.5860759815845696e-11,0.9915971327538918,10.0,0.010892117702934363
local,1.9180000000000001,0.9999999953453985,0.999999995320151,2.5247490251691746e-11,0.9951358817786431,10.0,0.010848400400908289
local,1.92,0.999999995437467,0.9999999954128183,2.4648763939978793e-11,0.9944190896530951,10.0,0.010804859508260023
local,1.922,0.9999999955277147,0.9999999955036505,2.4064235997797368e-11,1.0016460409345733,10.0,0.010761494305584447
local,1.924,0.9999999956161778,0.9999999955926843,2.3493569720891445e-11,0.9950711885033293,10.0,0.010718304076470725
local,1.926,0.9999999957028913,0.9999999956799549,2.293643638970744e-11,1.0000959406427996,10.0,0.010675288107489335
local,1.928,0.9999999957878901,0.9999999957654976,2.2392515080042676e-11,1.003359481414483,10.0,0.010632445688179192
local,1.93,0.9999999958712078,0.9999999958493463,2.186149247818416e-11,0.987817899706018,10.0,0.010589776111034817
local,1.932,0.9999999959528778,0.9999999959315348,2.1343062700431227e-11,0.9941995182978425,10.0,0.010547278671493573
local,1.934,0.9999999960329327,0.9999999960120958,2.0836927116897994e-11,1.0000372324686504,10.0,0.010504952667922958
local,1.936,0.9999999961114044,0.9999999960910616,2.0342794179494595e-11,1.0021502386281886,10.0,0.010462797401607946
local,1.938,0.999999996188324,0.9999999961684637,1.9860379253986956e-11,1.0041304930545556,10.0,0.010420812176738408
local,1.94,0.9999999962637226,0.9999999962443332,1.9389404456039922e-11,1.0158613484529664,10.0,0.010378996300396567
local,1.942,0.99999999633763,0.9999999963187004,1.8929598491148114e-11,0.993796309870851,10.0,0.010337349082544526
local,1.944,0.9999999964100756,0.999999996391595,1.8480696498362792e-11,1.004694755929593,10.0,0.010295869836011853
local,1.946,0.9999999964810887,0.9999999964630463,1.8042439897724632e-11,1.0049070006572582,10.0,0.010254557876483215
local,1.948,0.9999999965506972,0.9999999965330826,1.7614576241314524e-11,1.0000971762074662,10.0,0.010213412522486079
local,1.95,0.9999999966189291,0.9999999966017322,1.7196859067836503e-11,0.9925442525218617,10.0,0.010172433095378451
local,1.952,0.9999999966858114,0.9999999966690224,1.6789047760649507e-11,0.9994172394504188,10.0,0.010131618919336697
local,1.954,0.9999999967513711,0.9999999967349802,1.6390907409165146e-11,0.9918743744725005,10.0,0.010090969321343405
local,1.956,0.9999999968156341,0.9999999967996319,1.6002208673532978e-11,0.9986934332230144,10.0,0.0100504836311753
local,1.958,0.9999999968786262,0.9999999968630034,1.5622727652534323e-11,1.0023152391344468,10.0,0.010010161181391222
local,1.96,0.9999999969403723,0.9999999969251201,1.5252245754608994e-11,1.0053636303116882,10.0,0.009970001307320153
local,1.962,0.9999999970008974,0.9999999969860068,1.4890549571940506e-11,0.9871675334364365,10.0,0.00993000334704931
local,1.964,0.9999999970602254,0.9999999970456879,1.4537430757527276e-11,1.0068653212394214,10.0,0.009890166641412276
local,1.966,0.9999999971183798,0.9999999971041872,1.4192685905168935e-11,0.9995773661414588,10.0,0.0098504905339772
local,1.968,0.9999999971753842,0.9999999971615281,1.3856116432298936e-11,0.9980066114042755,10.0,0.009810974371035036
local,1.97,0.9999999972312611,0.9999999972177336,1.35275284655952e-11,1.0023969064692972,10.0,0.009771617501587858
local,1.972,0.999999997286033,0.9999999972728262,1.3206732729303938e-11,0.9993711568677188,10.0,0.009732419277337206
local,1.974,0.9999999973397214,0.9999999973268279,1.2893544436211511e-11,0.995460585890805,10.0,0.009693379052672495
local,1.976,0.999999997392348,0.9999999973797602,1.2587783181201902e-11,0.9991521684640681,10.0,0.00965449618465948
local,1.978,0.9999999974439338,0.9999999974316445,1.228927283733838e-11,0.9928927917357137,10.0,0.009615770033028768
local,1.98,0.9999999974944991,0.9999999974825012,1.1997841454409501e-11,1.0047205028982045,10.0,0.009577199960164377
local,1.982,0.9999999975440644,0.9999999975323511,1.171332115988101e-11,0.9991719926093754,10.0,0.009538785331092368
local,1.984,0.9999999975926493,0.9999999975812138,1.1435548062196772e-11,0.9925066844634303,10.0,0.00950052551346951
local,1.986,0.9999999976402734,0.999999997629109,1.1164362156372465e-11,0.9966753832423233,10.0,0.009462419877571996
local,1.988,0.9999999976869554,0.9999999976760557,1.089960723182844e-11,0.9982935655326034,10.0,0.009424467796284221
local,1.99,0.9999999977327141,0.9999999977220729,1.0641130782408077e-11,0.999949946592662,10.0,0.009386668645087614
local,1.992,0.9999999977775678,0.999999997767179,1.0388783918530009e-11,1.002111735902672,10.0,0.009349021802049494
local,1.994,0.9999999978215341,0.9999999978113917,1.0142421281423629e-11,1.0147440526457787,10.0,0.009311526647812015
local,1.996,0.999999997864631,0.9999999978547292,9.901900959398394e-12,0.994030551410389,10.0,0.009274182565581133
local,1.998,0.9999999979068753,0.9999999978972083,9.667084406098757e-12,1.0043894445987869,10.0,0.009236988941115633
local,2.0,0.9999999979482842,0.9999999979388464,9.437836360697744e-12,1.002871511970944,10.0,0.009199945162716206
interior,0.0,0.7,0.0,0.7,0.7066636567383204,0.5,4.666666666666666
interior,0.002,0.6975082356015025,0.000999500166624978,0.6965087354348776,0.694099443247718,0.5,4.605141808206778
interior,0.004,0.6950328849570846,0.001998001332666921,0.6930348836244177,0.6941575527136122,0.5,4.5449810778902675
interior,0.006,0.6925738622187708,0.0029955044966269995,0.6895783577221438,0.6974334876213002,0.5,4.48614007058087
interior,0.008,0.6901310819707371,0.003992010656008516,0.6861390713147286,0.6907533363375463,0.5,4.428576287538025
interior,0.01,0.6877044592271505,0.00498752080731768,0.6827169384198328,0.6906458039234631,0.5,4.372249035194595
interior,0.012,0.6852939094300203,0.005982035946064723,0.6793118734839556,0.6844541780634008,0.5,4.3171193303162365
interior,0.014,0.6828993484470613,0.0069755570667648925,0.6759237913802965,0.6755313023720606,0.5,4.263149811077911
interior,0.016,0.6805206925695655,0.007968085162939342,0.6725526074066261,0.682223518870435,0.5,4.210304653631266
interior,0.018000000000000002,0.6781578585102862,0.008959621227116354,0.6691982372831699,0.6746341762267047,0.5,4.1585494937713605
interior,0.02,0.6758107634013316,0.009950166250831893,0.6658605971504997,0.6809388163166693,0.5,4.10785135334277
interior,0.022,0.67347932479207,0.010939721224631271,0.6625396035674387,0.671097298668858,0.5,4.058178571053916
interior,0.024,0.6711634606470436,0.011928287138069482,0.6592351735089741,0.6750897059114083,0.5,4.009500737394542
interior,0.026000000000000002,0.6688630893438947,0.012915864979712421,0.6559472243641823,0.6689121669937771,0.5,3.961788633375283
interior,0.028,0.6665781296713018,0.013902455737138109,0.6526756739341637,0.6674662788176818,0.5,3.915014172829963
interior,0.03,0.6643085008269244,0.014888060396937353,0.649420440429987,0.6691889742672753,0.5,3.8691503480411886
interior,0.032,0.6620541224153599,0.015872679944714863,0.646181442470645,0.6606309279010023,0.5,3.824171178468101
interior,0.034,0.6598149144461104,0.016856315365090357,0.64295859908102,0.6574668240291172,0.5,3.7800516623717026
interior,0.036000000000000004,0.657590797331559,0.017838967641699233,0.6397518296898598,0.6525193456053316,0.5,3.736767731148507
interior,0.038,0.6553816918849559,0.018820637757194003,0.6365610541277619,0.655779579972869,0.5,3.6942962061972544
interior,0.04,0.6531875193184163,0.019801326693244747,0.6333861926251716,0.6520987225816018,0.5,3.6526147581562833
interior,0.042,0.6510082012409263,0.02078103543054044,0.6302271658103858,0.6449189361936685,0.5,3.6117018683608824
interior,0.044,0.6488436596563597,0.02175976494878995,0.6270838947075698,0.6496073608570777,0.5,3.5715367923808965
interior,0.046,0.6466938169615049,0.02273751622672293,0.6239563007347819,0.6508878809521829,0.5,3.5320995255087144
interior,0.048,0.6445585959441009,0.023714290242090708,0.6208443057020102,0.645910021229794,0.5,3.4933707700770404
interior,0.05,0.642437919780884,0.024690087971667385,0.6177478318092167,0.6429289883375473,0.5,3.4553319044942206
interior,0.052000000000000005,0.6403317120356434,0.025664910391250628,0.6146668016443928,0.640189090201564,0.5,3.4179649538927763
interior,0.054,0.6382398966572872,0.026638758475663216,0.611601138181624,0.6417083699338176,0.5,3.3812525622938847
interior,0.056,0.6361623979779171,0.02761163319875315,0.6085507647791639,0.6458504014993014,0.5,3.345177966197283
interior,0.058,0.634099140710914,0.02858353553339521,0.6055156051775188,0.635649712963602,0.5,3.309724969512145
interior,0.06,0.6320500499490322,0.029554466451491845,0.6024955834975404,0.6283563321118728,0.5,3.274877919750139
interior,0.062,0.6300150511625036,0.030524426923974057,0.5994906242385295,0.6292735168719288,0.5,3.240621685407185
interior,0.064,0.6279940701971503,0.0314934179208024,0.5965006522763479,0.6253565208027393,0.5,3.206941634465196
interior,0.066,0.625987033272509,0.03246144041096799,0.593525592861541,0.6268409446219579,0.5,3.173823613949667
interior,0.068,0.6239938669799618,0.03342849536249337,0.5905653716174685,0.624538108512641,0.5,3.1412539304830753
interior,0.07,0.6220144982808786,0.03439458374243354,0.5876199145384451,0.6223539509065039,0.5,3.109219331777978
interior,0.07200000000000001,0.6200488545047673,0.03535970651687692,0.5846891479878904,0.6258797935851759,0.5,3.0777069890172326
interior,0.074,0.6180968633474345,0.0363238646509465,0.581772998696488,0.6241830494664726,0.5,3.046704480072145
interior,0.076,0.616158452869154,0.03728705910880048,0.5788713937603536,0.6279022711359925,0.5,3.016199773512401
interior,0.078,0.6142335514928461,0.038249290853633267,0.5759842606392128,0.6113367192119092,0.5,2.9861812133645484
interior,0.08,0.6123220880022641,0.03921056084767682,0.5731115271545872,0.6177466709442113,0.5,2.9566375045784614
interior,0.082,0.6104239915401912,0.0401708700522011,0.5702531214879901,0.6111779568991529,0.5,2.927557699163711
interior,0.084,0.6085391916066464,0.04113021942751549,0.5674089721791309,0.6075582052354858,0.5,2.8989311829601
interior,0.08600000000000001,0.6066676180570981,0.04208860993296937,0.5645790081241288,0.609235962985586,0.5,2.8707476630087676
interior,0.088,0.6048092011006883,0.04304604252695332,0.5617631585737349,0.6041912761966629,0.5,2.842997155492293
interior,0.09,0.602963871298464,0.04400251816690004,0.5589613531315639,0.6028802678103835,0.5,2.81566997421412
interior,0.092,0.6011315595616191,0.04495803780928531,0.5561735217523338,0.6082718285416776,0.5,2.788756719589372
interior,0.094,0.5993121971497437,0.04591260240962891,0.5533995947401148,0.5984718406460938,0.5,2.762248268120752
interior,0.096,0.5975057156690826,0.046866212922495265,0.5506395027465874,0.6053447965296624,0.5,2.7361357623348006
interior,0.098,0.5957120470708028,0.04781887030149512,0.5478931767693077,0.6034325193314745,0.5,2.710410601155162
interior,0.1,0.5939311236492694,0.048770575499285984,0.5451605481499834,0.5946377672437317,0.5,2.6850644306908964
interior,0.10200000000000001,0.5921628780403296,0.04972132946757302,0.5424415485727566,0.5885277067299038,0.5,2.6600891354190996
interior,0.10400000000000001,0.5904072432196068,0.05067113315711047,0.5397361100624963,0.5877754581709529,0.5,2.6354768297422826
interior,0.106,0.5886641525008007,0.051619987517701804,0.5370441649830989,0.582425511584486,0.5,2.6112198499020653
interior,0.108,0.5869335395339988,0.05256789349820168,0.5343656460357972,0.5799717655134057,0.5,2.587310746231743
interior,0.11,0.5852153383039941,0.05351485204651618,0.5317004862574779,0.5863813278098216,0.5,2.5637422757313004
interior,0.112,0.5835094831286115,0.05446086410960371,0.5290486190190078,0.5805117927969504,0.5,2.5405073949492922
interior,0.114,0.5818159086570445,0.05540593063347665,0.5264099780235678,0.5821689870112096,0.5,2.517599253156934
interior,0.116,0.5801345498681971,0.05635005256320147,0.5237844973049957,0.585240181055287,0.5,2.495011185800455
interior,0.11800000000000001,0.5784653420690368,0.05729323084290028,0.5211721112261365,0.5791861651860843,0.5,2.4727367082186222
interior,0.12,0.5768082208929538,0.05823546641575128,0.5185727544772025,0.5750750384236761,0.5,2.4507695096129436
interior,0.122,0.5751631222981296,0.05917676022399032,0.5159863620741393,0.5759811470293139,0.5,2.4291034472588002
interior,0.124,0.5735299825659136,0.06011711320891111,0.5134128693570025,0.5781078914109136,0.5,2.407732540946345
interior,0.126,0.5719087382992065,0.06105652631086678,0.5108522119883397,0.5709571190959969,0.5,2.386650967640589
interior,0.128,0.5702993264208541,0.061995000469270534,0.5083043259515836,0.579572852162809,0.5,2.3658530563506774
interior,0.13,0.568701684172047,0.06293253662259657,0.5057691475494505,0.5656243196857819,0.5,2.3453332831988347
interior,0.132,0.5671157491107294,0.06386913570838115,0.5032466134023482,0.5670975865031783,0.5,2.3250862666799854
interior,0.134,0.5655414591100153,0.06480479866322342,0.5007366604467919,0.5649927467348215,0.5,2.3051067631035034
interior,0.136,0.5639787523566132,0.06573952642278647,0.49823922593382675,0.5572628369415682,0.5,2.28538966220897
interior,0.138,0.5624275673492579,0.06667331992179804,0.4957542474274599,0.5668456796937469,0.5,2.265929982948249
interior,0.14,0.5608878428971511,0.06760618009405173,0.4932816628030994,0.5629183290016511,0.5,2.2467228694265593
interior,0.14200000000000002,0.5593595181184086,0.06853810787240788,0.4908214102460006,0.5613523765082131,0.5,2.227763586995594
interior,0.14400000000000002,0.5578425324385159,0.06946910418879426,0.4883734282497217,0.5538650386868729,0.5,2.2090475184920906
interior,0.146,0.5563368255887925,0.07039916997420725,0.48593765561458524,0.5586520348308468,0.5,2.1905701606155654
interior,0.148,0.554842337604861,0.07132830615871277,0.48351403144614824,0.5572377642223458,0.5,2.172327120439242
interior,0.15,0.5533590088251277,0.07225651367144714,0.48110249515368053,0.558942878149457,0.5,2.154314112048509
interior,0.152,0.5518867798892668,0.07318379344061776,0.47870298644864906,0.5480097016394185,0.5,2.1365269533014755
interior,0.154,0.550425591736716,0.07411014639350466,0.4763154453432113,0.5520526117261302,0.5,2.1189615627065095
interior,0.156,0.548975385605176,0.07503557345646072,0.4739398121487153,0.5454361606849081,0.5,2.10161395641184
interior,0.158,0.5475361030291205,0.07596007555491324,0.47157602747420724,0.5484291612760944,0.5,2.0844802453025673
interior,0.16,0.5461076858383117,0.07688365361336424,0.46922403222494746,0.5468250075628763,0.5,2.0675566322006396
interior,0.162,0.5446900761563239,0.07780630855539195,0.466883767600932,0.5478222213907389,0.5,2.0508394091635465
interior,0.164,0.5432832163990748,0.0787280413036513,0.46455517509542354,0.5422465452917069,0.5,2.0343249548777145
interior,0.166,0.5418870492733632,0.07964885277987532,0.4622381964934879,0.5426557852407735,0.5,2.0180097321427297
interior,0.168,0.5405015177754151,0.08056874390487534,0.4599327738705397,0.5408476952524811,0.5,2.0018902854427383
interior,0.17,0.5391265651894357,0.08148771559854262,0.45763884959089307,0.53706636350743,0.5,1.9859632386015011
interior,0.17200000000000001,0.5377621350861705,0.08240576877984906,0.45535636630632154,0.5347180127817502,0.5,1.9702252925177786
interior,0.17400000000000002,0.5364081713214719,0.08332290436684775,0.45308526695462414,0.5391375934221398,0.5,1.954673222977838
interior,0.176,0.5350646180348733,0.08423912327667438,0.4508254947581989,0.5389917995751848,0.5,1.939303878542046
interior,0.178,0.5337314196481711,0.08515442642554805,0.44857699322262307,0.5359321683796964,0.5,1.9241141785026286
interior,0.18,0.532408520864013,0.08606881472877181,0.44633970613524127,0.5314479369010259,0.5,1.9091011109098281
interior,0.182,0.5310958666644938,0.08698228910073424,0.44411357756375963,0.5342724705553074,0.5,1.894261730663788
interior,0.184,0.5297934023097577,0.08789485045490963,0.4418985518548481,0.5243775925991296,0.5,1.8795931576696312
interior,0.186,0.528501073336608,0.08880649970385945,0.4396945736327485,0.5242375793489867,0.5,1.865092575053309
interior,0.188,0.5272188255571235,0.08971723775923302,0.4375015877978905,0.5243284616952509,0.5,1.8507572274358883
interior,0.19,0.5259466050572825,0.09062706553176858,0.435319539525514,0.5252325056867492,0.5,1.8365844192640628
interior,0.192,0.5246843581955923,0.09153598393129381,0.43314837426429853,0.5268644041343631,0.5,1.8225715131947586
interior,0.194,0.5234320316017269,0.0924439938667273,0.43098803773499955,0.5231991512584753,0.5,1.8087159285318066
interior,0.196,0.5221895721751704,0.09335109624607907,0.42883847592909125,0.525082579288514,0.5,1.7950151397127225
interior,0.198,0.5209569270838679,0.0942572919764515,0.42669963510741643,0.520308595765549,0.5,1.7814666748437478
interior,0.2,0.5197340437628839,0.09516258196404048,0.42457146179884336,0.5233143769397502,0.5,1.7680681142813486
interior,0.202,0.5185208699130642,0.09606696711413587,0.42245390279892836,0.5166374076900934,0.5,1.7548170892584698
interior,0.20400000000000001,0.5173173534997093,0.09697044833112323,0.42034690516858614,0.5065319896063468,0.5,1.7417112805539117
interior,0.20600000000000002,0.5161234427512497,0.09787302651848351,0.41825041623276615,0.5219893732099936,0.5,1.7287484172032446
interior,0.20800000000000002,0.5149390861579313,0.09877470257879528,0.41616438357913593,0.5138308600199054,0.5,1.7159262752497726
interior,0.21,0.513764232470505,0.09967547741373439,0.4140887550567705,0.5166176913702974,0.5,1.7032426765340822
interior,0.212,0.5125988306989246,0.10057535192407596,0.41202347877484863,0.5115371317744286,0.5,1.6906954875208153
interior,0.214,0.5114428301110501,0.1014743270096945,0.40996850310135563,0.5058364454260439,0.5,1.678282618161319
interior,0.216,0.5102961802313579,0.10237240356956512,0.40792377666179275,0.5069039804821138,0.5,1.6660020207909103
interior,0.218,0.509158830839657,0.10326958250176455,0.4058892483378924,0.5113919920908472,0.5,1.6538516890595238
interior,0.22,0.5080307319698125,0.10416586470347178,0.4038648672663407,0.5099392200854066,0.5,1.6418296568945816
interior,0.222,0.5069118339084742,0.10506125107096898,0.4018505828375052,0.5038674952372715,0.5,1.6299339974949414
interior,0.224,0.5058020871938131,0.10595574249964279,0.39984634469417035,0.5057619429877603,0.5,1.618162822354861
interior,0.226,0.5047014426142629,0.10684933988398448,0.3978521027302783,0.5053795373560442,0.5,1.6065142803169203
interior,0.228,0.5036098512072675,0.1077420441175917,0.3958678070896759,0.5070168118607264,0.5,1.594986556652922
interior,0.23,0.5025272642580376,0.10863385609316867,0.3938934081648689,0.507735548220676,0.5,1.5835778721717937
interior,0.232,0.5014536332983088,0.10952477670252736,0.3919288565957814,0.5059766072230086,0.5,1.5722864823535856
interior,0.234,0.5003889101051104,0.11041480683658866,0.3899741032685217,0.5035816056432669,0.5,1.5611106765086664
interior,0.23600000000000002,0.4993330466995375,0.11130394738538263,0.38802909931415486,0.5028362739052225,0.5,1.550048776961275
interior,0.23800000000000002,0.49828599534553075,0.1121921992380499,0.38609379610748085,0.4979913091612445,0.5,1.5390991382566004
interior,0.24,0.497247708548661,0.11307956328284252,0.3841681452658185,0.49540805695410844,0.5,1.5282601463906078
interior,0.242,0.496218139054921,0.11396604040712444,0.3822520986477966,0.4963998608630306,0.5,1.5175302180618557
interior,0.244,0.49519723984952274,0.11485163149737287,0.38034560835214987,0.5039853075458264,0.5,1.5069077999445653
interior,0.246,0.49418496415570073,0.1157363374391791,0.37844862671652163,0.49467241263980855,0.5,1.496391367982253
interior,0.248,0.49318126543352125,0.1166201591172491,0.37656110631627215,0.4885979529534176,0.5,1.4859794267012405
interior,0.25,0.49218609737869773,0.11750309741540454,0.3746829999632932,0.49643369129059034,0.5,1.4756705085434012
interior,0.252,0.491199413921412,0.11838515321658394,0.37281426070482804,0.48941285855443367,0.5,1.4654631732175094
interior,0.254,0.490221169225141,0.11926632740284304,0.37095484182229793,0.49313458537614807,0.5,1.455356007068595
interior,0.256,0.48925131768549013,0.12014662085535621,0.3691046968301339,0.49163264146303365,0.5,1.4453476224647246
interior,0.258,0.4882898139290318,0.12102603445441684,0.36726377947461497,0.48712075761014356,0.5,1.4354366572006434
interior,0.26,0.4873366128121499,0.1219045690794387,0.3654320437327112,0.4875718271088387,0.5,1.4256217739177446
interior,0.262,0.48639166941989015,0.12278222560895646,0.3636094438109337,0.4888931137129882,0.5,1.415901659539846
interior,0.264,0.4854549390648161,0.12365900492062676,0.36179593414418937,0.4904536683545148,0.5,1.4062750247242741
interior,0.266,0.4845263772858712,0.1245349078912289,0.3599914693946423,0.47997679201633725,0.5,1.396740603327772
interior,0.268,0.4836059398472457,0.125409935396666,0.3581960044505797,0.48587337787856655,0.5,1.387297151886766
interior,0.27,0.48269358273725,0.12628408831196558,0.3564094944252844,0.485549783708624,0.5,1.3779434491115428
interior,0.272,0.4817892621671934,0.1271573675112807,0.3546318946559127,0.48470463089498206,0.5,1.3686782953939087
interior,0.274,0.4808929345702684,0.1280297738678906,0.3528631607023778,0.4804497123541882,0.5,1.3595005123279054
interior,0.276,0.48000455660044045,0.12890130825420165,0.3511032483462388,0.48073280847418,0.5,1.3504089422431897
interior,0.278,0.4791240851313436,0.12977197154174847,0.3493521135895951,0.48565913434857816,0.5,1.3414024477506792
interior,0.28,0.4782514772551808,0.13064176460119414,0.34760971265398666,0.48287853620763077,0.5,1.3324799113000971
interior,0.28200000000000003,0.4773866902816313,0.13151068830233215,0.34587600197929913,0.48026852832737105,0.5,1.3236402347490477
interior,0.28400000000000003,0.47652968173676147,0.13237874351408596,0.3441509382226755,0.47799741156295494,0.5,1.3148823389432818
interior,0.28600000000000003,0.4756804093619431,0.1332459311045111,0.342434478257432,0.4795200228365636,0.5,1.3062051633078038
interior,0.28800000000000003,0.47483883111277514,0.134112251940795,0.3407265791719801,0.4715488383404351,0.5,1.2976076654485056
interior,0.29,0.4740049051580124,0.1349777068892587,0.3390271982687537,0.4711971351515281,0.5,1.2890888207640028
interior,0.292,0.4731785898784989,0.1358422968153572,0.3373362930631417,0.4753875333973111,0.5,1.2806476220673784
interior,0.294,0.4723598438661064,0.1367060225836806,0.3356538212824258,0.4679785830643413,0.5,1.2722830792175361
interior,0.296,0.4715486259226786,0.1375688850579545,0.3339797408647241,0.4736830516931013,0.5,1.2639942187598785
interior,0.298,0.47074489505898043,0.13843088510104173,0.3323140099579387,0.4686152935488826,0.5,1.2557800835760362
interior,0.3,0.46994861049365255,0.1392920235749422,0.33065658691871036,0.4690937353042366,0.5,1.2476397325423882
interior,0.302,0.46915973165217106,0.14015230134079448,0.3290074303113766,0.46187030062420237,0.5,1.2395722401971097
interior,0.304,0.46837821816581293,0.14101171925887657,0.32736649890693637,0.47304471014063515,0.5,1.2315766964155057
interior,0.306,0.4676040298706256,0.1418702781886062,0.3257337516820194,0.4735345012084255,0.5,1.2236522060933888
interior,0.308,0.46683712680640216,0.1427279789885425,0.32410914781785966,0.46394999535328396,0.5,1.2157978888382641
interior,0.31,0.4660774692156625,0.1435848225163865,0.322492646699276,0.46845345259857574,0.5,1.2080128786681137
interior,0.312,0.465325017542638,0.14444080962898154,0.32088420791365646,0.4676867485023832,0.5,1.2002963237175421
interior,0.314,0.4645797324322624,0.14529594118231492,0.3192837912499475,0.46170668472772275,0.5,1.1926473859510893
interior,0.316,0.4638415747291673,0.1461502180315183,0.31769135669764903,0.4606880853221297,0.5,1.1850652408835014
interior,0.318,0.46311050547668303,0.1470036410308685,0.31610686444581454,0.46308015239558453,0.5,1.177549077306768
interior,0.32,0.46238648591584375,0.14785621103378865,0.3145302748820551,0.4650964425857775,0.5,1.1700980970237276
interior,0.322,0.4616694774843984,0.1487079288928489,0.3129615485915495,0.4644411662921569,0.5,1.162711514588064
interior,0.324,0.46095944181582577,0.14955879545976702,0.31140064635605874,0.46148090528644503,0.5,1.1553885570505156
interior,0.326,0.4602563407383555,0.15040881158540975,0.3098475291529457,0.46094779679614534,0.5,1.1481284637111226
interior,0.328,0.4595601362739927,0.15125797811979325,0.3083021581541995,0.46073717188090757,0.5,1.140930485877344
interior,0.33,0.4588707906375486,0.15210629591208413,0.30676449472546446,0.4615843600787102,0.5,1.133793886627886
interior,0.332,0.45818826623567527,0.15295376581060038,0.3052345004250749,0.46620450354293336,0.5,1.1267179405820866
interior,0.334,0.4575125256659054,0.15380038866281176,0.30371213700309363,0.45475681334627016,0.5,1.119701933674695
interior,0.336,0.456843531715697,0.15464616531534126,0.30219736640035577,0.4567503804013184,0.5,1.1127451629359126
interior,0.338,0.456181247361483,0.15549109661396565,0.30069015074751737,0.44910340210527416,0.5,1.1058469362765422
interior,0.34,0.4555256357677249,0.1563351834036163,0.29919045236410863,0.45541831964865676,0.5,1.0990065722781126
interior,0.342,0.4548766602859719,0.1571784265283801,0.2976982337575918,0.4547338022392825,0.5,1.092223399987843
interior,0.34400000000000003,0.4542342844539242,0.1580208268315001,0.2962134576224241,0.45122367658361756,0.5,1.0854967587183169
interior,0.34600000000000003,0.45359847199450154,0.15886238515537676,0.2947360868391248,0.45401446886897456,0.5,1.078825997851744
interior,0.34800000000000003,0.4529691868149158,0.1597031023415686,0.29326608447334723,0.4523584853753345,0.5,1.0722104766486806
interior,0.35000000000000003,0.45234639300574847,0.16054297923079264,0.29180341377495583,0.4522629170535823,0.5,1.0656495640610972
interior,0.352,0.4517300548400329,0.16138201666292595,0.29034803817710697,0.45077659072636167,0.5,1.0591426385496763
interior,0.354,0.4511201367723409,0.16222021547700616,0.28889992129533476,0.451761303937134,0.5,1.0526890879052255
interior,0.356,0.4505166034378737,0.16305757651123187,0.2874590269266418,0.44657059997225057,0.5,1.0462883090741062
interior,0.358,0.44991941965155846,0.1638941006029645,0.28602531904859396,0.4503465111183255,0.5,1.0399397079875639
interior,0.36,0.4493285504071474,0.164729788588728,0.2845987618184194,0.45126031397813465,0.5,1.0336426993948638
interior,0.362,0.4487439608763236,0.16556464130421045,0.2831793195721132,0.44829829627727624,0.5,1.0273967067001357
interior,0.364,0.4481656164078099,0.1663986595842647,0.2817669568235452,0.4503722753915057,0.5,1.021201161802825
interior,0.366,0.4475934825264822,0.16723184426290905,0.28036163826357313,0.446441091404243,0.5,1.0150555049416614
interior,0.368,0.4470275249324882,0.16806419617332824,0.27896332875915997,0.44775626528769613,0.5,1.0089591845420576
interior,0.37,0.44646770950036935,0.16889571614787435,0.277571993352495,0.44913021380752516,0.5,1.0029116570668435
interior,0.372,0.4459140022781881,0.16972640501806735,0.27618759726012077,0.4450875498504797,0.5,0.9969123868702611
interior,0.374,0.4453663694866589,0.17055626361459608,0.27481010587206284,0.4430197447253735,0.5,0.9909608460551244
interior,0.376,0.4448247775182842,0.1713852927673194,0.2734394847509648,0.4442244406577139,0.5,0.9850565143330771
interior,0.378,0.44428919293649344,0.17221349330526636,0.2720756996312271,0.43938864431204144,0.5,0.9791988788878613
interior,0.38,0.4437595824747885,0.1730408660566377,0.2707187164181508,0.43953193792011297,0.5,0.9733874342415276
interior,0.382,0.44323591303589116,0.17386741184880616,0.269368501187085,0.44359409416715645,0.5,0.9676216821235077
interior,0.384,0.44271815169089607,0.17469313150831767,0.2680250201825784,0.4368170215966331,0.5,0.9619011313424823
interior,0.386,0.44220626567842786,0.17551802586089182,0.26668823981753603,0.44537716254530135,0.5,0.956225297660975
interior,0.388,0.44170022240380225,0.17634209573142312,0.2653581266723791,0.44355492767771676,0.5,0.9505937036725997
interior,0.39,0.44119998943819144,0.1771653419439816,0.26403464749420985,0.4436656127223141,0.5,0.9450058786819049
interior,0.392,0.44070553451779315,0.17798776532181348,0.26271776919597967,0.44100094706953424,0.5,0.9394613585867412
interior,0.394,0.4402168255430047,0.17880936668734204,0.26140745885566263,0.43970765240340226,0.5,0.933959685763099
interior,0.396,0.4397338305776009,0.17963014686216894,0.26010368371543197,0.43782291793845324,0.5,0.9285004089523498
interior,0.398,0.43925651784791564,0.1804501066670744,0.25880641118084124,0.4385746369330502,0.5,0.9230830831508373
interior,0.4,0.4387848557420278,0.18126924692201818,0.2575156088200096,0.43922331034082324,0.5,0.9177072695017585
interior,0.402,0.4383188128089513,0.1820875684461406,0.2562312443628107,0.4361031817397623,0.5,0.9123725351892795
interior,0.404,0.43785835775782966,0.1829050720577634,0.25495328570006626,0.4402182339347055,0.5,0.9070784533348359
interior,0.406,0.4374034594571333,0.1837217585743901,0.2536817008827432,0.4377674517766201,0.5,0.9018246028955599
interior,0.40800000000000003,0.4369540869338621,0.1845376288127073,0.2524164581211548,0.4439908071032925,0.5,0.896610568564787
interior,0.41000000000000003,0.4365102093727516,0.18535268358858548,0.2511575257841661,0.4370305402821121,0.5,0.8914359406745958
interior,0.41200000000000003,0.4360717961154824,0.18616692371707932,0.24990487239840312,0.4396291504098923,0.5,0.8863003151003214
interior,0.41400000000000003,0.435638816659895,0.18698035001242896,0.24865846664746605,0.4345075190947002,0.5,0.8812032931670114
interior,0.41600000000000004,0.4352112406592071,0.18779296328806105,0.24741827737114602,0.43805528845843494,0.5,0.8761444815577646
interior,0.418,0.43478903792123536,0.18860476435658857,0.24618427356464678,0.4342414491377094,0.5,0.8711234922239173
interior,0.42,0.43437217840762166,0.18941575402981292,0.24495642437780873,0.4344170241797594,0.5,0.8661399422970302
interior,0.422,0.433960632233062,0.1902259331187237,0.2437346991143383,0.43209462684890065,0.5,0.861193454002634
interior,0.424,0.4335543696645404,0.1910353024335002,0.2425190672310402,0.432557139909761,0.5,0.8562836545756948
interior,0.426,0.4331533611205657,0.19184386278351162,0.2413094983370541,0.43300461059102935,0.5,0.8514101761777564
interior,0.428,0.4327575771704132,0.19265161497731853,0.24010596219309463,0.431412688330086,0.5,0.8465726558157242
interior,0.43,0.43236698853336875,0.19345855982267313,0.2389084287106956,0.4356779089318447,0.5,0.8417707352622497
interior,0.432,0.4319815660779778,0.19426469812652036,0.2377168679514574,0.4297806262443863,0.5,0.8370040609776805
interior,0.434,0.4316012808212976,0.1950700306949985,0.2365312501262991,0.43226923236417664,0.5,0.8322722840335417
interior,0.436,0.4312261039281537,0.19587455833344036,0.23535154559471333,0.42951790640096044,0.5,0.82757506003751
interior,0.438,0.43085600671039875,0.19667828184637348,0.23417772486402527,0.4291781200984934,0.5,0.8229120490598487
interior,0.44,0.4304909606261772,0.1974812020375215,0.2330097585886557,0.43175785105755576,0.5,0.8182829155612728
interior,0.442,0.4301309372791914,0.19828331970980473,0.23184761756938665,0.43022759409809397,0.5,0.813687328322204
interior,0.444,0.4297759084179732,0.19908463566534085,0.23069127275263232,0.42869930902779435,0.5,0.8091249603733985
interior,0.446,0.42942584593515787,0.19988515070544588,0.22954069522971196,0.43409872723148735,0.5,0.8045954889278987
interior,0.448,0.42908072186676255,0.20068486563063492,0.22839585623612763,0.43117004363440986,0.5,0.8000985953142961
interior,0.45,0.4287405083914677,0.20148378124062294,0.2272567271508448,0.4293337792475872,0.5,0.7956339649112643
interior,0.452,0.4284051778299028,0.20228189833432575,0.22612327949557703,0.428597976620002,0.5,0.7912012870833406
interior,0.454,0.4280747026439343,0.20307921770986037,0.22499548493407392,0.4248527634850734,0.5,0.7868002551179254
interior,0.456,0.427749055435959,0.20387574016454624,0.22387331527141272,0.42686887160977577,0.5,0.7824305661634741
interior,0.458,0.42742820894819944,0.20467146649490608,0.22275674245329333,0.4270358811456445,0.5,0.7780919211688532
interior,0.46,0.42711213606200316,0.20546639749666595,0.2216457385653372,0.42331106228852317,0.5,0.7737840248238379
interior,0.462,0.42680080979714663,0.2062605339647573,0.2205402758323893,0.4257648374104713,0.5,0.7695065855007255
interior,0.464,0.42649420331114,0.20705387669331632,0.2194403266178237,0.429423902418169,0.5,0.7652593151970357
interior,0.466,0.4261922898985387,0.20784642647568596,0.21834586342285273,0.42342237303622593,0.5,0.7610419294792835
interior,0.468,0.4258950429902556,0.20863818410441615,0.21725685888583945,0.4261030922556437,0.5,0.7568541474277913
interior,0.47000000000000003,0.4256024361528783,0.20942915037126442,0.21617328578161388,0.429002479526744,0.5,0.7526956915825266
interior,0.47200000000000003,0.4253144430879891,0.2102193260671973,0.21509511702079182,0.42583570114119146,0.5,0.7485662878899345
interior,0.47400000000000003,0.42503103763148853,0.21100871198239035,0.2140223256490982,0.42501973866373505,0.5,0.7444656656507526
interior,0.47600000000000003,0.4247521937529224,0.2117973089062296,0.21295488484669278,0.4262805797415546,0.5,0.7403935574687804
interior,0.47800000000000004,0.42447788555481214,0.21258511762731214,0.2118927679275,0.4271594557955624,0.5,0.7363496992005872
interior,0.48,0.424208087271988,0.21337213893344653,0.21083594833854147,0.4263013867344468,0.5,0.732333829906133
interior,0.482,0.4239427732709269,0.21415837361165446,0.20978439965927245,0.4227397211565487,0.5,0.7283456918002928
interior,0.484,0.4236819180490916,0.21494382244817045,0.20873809560092116,0.4240953510314114,0.5,0.7243850302052532
interior,0.486,0.4234254962342752,0.21572848622844354,0.20769701000583168,0.42234859967523225,0.5,0.7204515935037726
interior,0.488,0.42317348258394744,0.2165123657371375,0.20666111684680993,0.42759719018578596,0.5,0.7165451330932822
interior,0.49,0.4229258519846048,0.21729546175813186,0.20563039022647295,0.4194055028793161,0.5,0.71266540334081
interior,0.492,0.4226825794511243,0.21807777507452275,0.20460480437660158,0.42604002655955225,0.5,0.7088121615387137
interior,0.494,0.42244364012611957,0.2188593064686235,0.2035843336574961,0.4217721181417729,0.5,0.7049851678612017
interior,0.496,0.42220900927930116,0.21964005672196574,0.20256895255733542,0.42225091511405377,0.5,0.7011841853216303
interior,0.498,0.4219786623068388,0.22042002661529958,0.2015586356915392,0.4186860794119406,0.5,0.6974089797305554
interior,0.5,0.4217525747307282,0.22119921692859512,0.20055335780213307,0.4242183859521142,0.5,0.693659319654529
interior,0.502,0.42153072219816023,0.22197762844104274,0.19955309375711747,0.4245896517075382,0.5,0.6899349763756212
interior,0.504,0.4213130804808931,0.22275526193105388,0.19855781854983925,0.4202074452070318,0.5,0.6862357238516547
interior,0.506,0.4210996254746285,0.22353211817626217,0.1975675072983663,0.4198986819844355,0.5,0.6825613386771353
interior,0.508,0.4208903331983898,0.22430819795352397,0.19658213524486584,0.4218011567816376,0.5,0.6789116000448683
interior,0.51,0.4206851797939042,0.22508350203891903,0.19560167775498516,0.42009120152620644,0.5,0.6752862897082395
interior,0.512,0.4204841415249875,0.2258580312077516,0.1946261103172359,0.41950566062985367,0.5,0.6716851919441572
interior,0.514,0.4202871947769323,0.22663178623455094,0.19365540854238136,0.4186579948146636,0.5,0.6681080935166326
interior,0.516,0.42009431605589853,0.22740476789307196,0.1926895481628266,0.4189742969669411,0.5,0.664554783640991
interior,0.518,0.41990548198830846,0.22817697695629657,0.19172850503201186,0.42038922741992674,0.5,0.6610250539487004
interior,0.52,0.41972066932024255,0.22894841419643375,0.19077225512380883,0.42382096742843284,0.5,0.6575186984528028
interior,0.522,0.41953985491684076,0.22971908038492084,0.1898207745319199,0.4161409068052921,0.5,0.6540355135139393
interior,0.524,0.419363015761705,0.23048897629242415,0.1888740394692808,0.4216826357397625,0.5,0.650575297806956
interior,0.526,0.4191901289563053,0.23125810268883973,0.18793202626746558,0.42600313080393143,0.5,0.6471378522880763
interior,0.528,0.41902117171938913,0.23202646034329388,0.18699471137609522,0.41894587880937323,0.5,0.6437229801626346
interior,0.53,0.41885612138639294,0.23279405002414433,0.1860620713622486,0.414639016155595,0.5,0.6403304868533535
interior,0.532,0.4186949554088576,0.23356087249898083,0.18513408290987676,0.4181660323799647,0.5,0.6369601799691581
interior,0.534,0.41853765135384613,0.2343269285346261,0.18421072281922005,0.4220689860674992,0.5,0.6336118692745164
interior,0.536,0.4183841869033642,0.23509221889713605,0.18329196800622816,0.4137521733807126,0.5,0.6302853666592937
interior,0.538,0.41823453985378395,0.23585674435180104,0.1823777955019829,0.41540799610413276,0.5,0.6269804861091121
interior,0.54,0.4180886881152709,0.23662050566314685,0.181468182452124,0.41852417323087976,0.5,0.6236970436762057
interior,0.542,0.41794660971121256,0.23738350359493465,0.1805631061162779,0.4130069890416783,0.5,0.6204348574507607
interior,0.544,0.41780828277765153,0.23814573891016244,0.1796625438674891,0.4183988242142735,0.5,0.6171937475327326
interior,0.546,0.4176736855627201,0.2389072123710657,0.17876647319165437,0.4178944085500412,0.5,0.6139735360041285
interior,0.548,0.41754279642607806,0.2396679247391179,0.17787487168696017,0.41318240054893934,0.5,0.6107740469017493
interior,0.55,0.417415593838354,0.24042787677503152,0.1769877170633225,0.4210089129607724,0.5,0.6075951061903805
interior,0.552,0.4172920563805882,0.24118706923875866,0.1761049871418295,0.41908407470452863,0.5,0.6044365417364216
interior,0.554,0.41717216274367896,0.24194550288949168,0.17522665985418726,0.41721336581424984,0.5,0.6012981832819511
interior,0.556,0.4170558917278322,0.24270317848566447,0.1743527132421677,0.4199607706865739,0.5,0.5981798624192117
interior,0.558,0.41694322224201275,0.24346009678495262,0.1734831254570601,0.4152083137460397,0.5,0.5950814125655143
interior,0.56,0.416834133303399,0.24421625854427453,0.1726178747591245,0.4175644144969753,0.5,0.5920026689385475
interior,0.562,0.4167286040368404,0.24497166451979202,0.17175693951704837,0.41500313902443153,0.5,0.5889434685320891
interior,0.5640000000000001,0.41662661367431697,0.24572631546691104,0.17090029820740593,0.4155668362032014,0.5,0.5859036500921092
interior,0.5660000000000001,0.4165281415544025,0.24648021214028282,0.17004792941411967,0.41794119575242766,0.5,0.5828830540932586
interior,0.5680000000000001,0.41643316712172923,0.24723335529380375,0.16919981182792548,0.4164538460429624,0.5,0.5798815227157359
interior,0.5700000000000001,0.4163416699264568,0.24798574568061738,0.16835592424583945,0.41326539324132455,0.5,0.5768988998225244
interior,0.5720000000000001,0.4162536296237421,0.24873738405311396,0.16751624557062814,0.42182088902912973,0.5,0.5739350309369953
interior,0.5740000000000001,0.4161690259732129,0.24948827116293204,0.1666807548102809,0.4121046299053179,0.5,0.5709897632208645
interior,0.5760000000000001,0.4160878388384439,0.25023840776095874,0.16584943107748518,0.4171501657478867,0.5,0.5680629454525032
interior,0.578,0.4160100481864351,0.25098779459733067,0.16502225358910444,0.41469827037545437,0.5,0.5651544280055927
interior,0.58,0.4159356340870931,0.25173643242143473,0.16419920166565835,0.41452581235601166,0.5,0.5622640628281131
interior,0.582,0.41586457671271493,0.25248432198190895,0.16338025473080595,0.41329318346401683,0.5,0.5593917034216687
interior,0.584,0.41579685633747404,0.25323146402664287,0.16256539231083117,0.41765488033860115,0.5,0.5565372048211353
interior,0.586,0.41573245333690967,0.2539778593027785,0.16175459403413114,0.4159974367236217,0.5,0.5537004235746288
interior,0.588,0.415671348187418,0.25472350855671133,0.1609478396307067,0.4184953078187289,0.5,0.5508812177237862
interior,0.59,0.4156135214657463,0.2554684125340906,0.16014510893165573,0.4184984790330955,0.5,0.5480794467843556
interior,0.592,0.4155589538484893,0.2562125719798204,0.15934638186866892,0.41535254336892974,0.5,0.5452949717270882
interior,0.594,0.4155076261115883,0.25695598763806016,0.15855163847352813,0.41465053246510414,0.5,0.5425276549589269
interior,0.596,0.41545951912983276,0.25769866025222565,0.1577608588776071,0.4185334159088261,0.5,0.5397773603044868
interior,0.598,0.41541461387636425,0.25844059056498947,0.15697402331137475,0.4207145783784773,0.5,0.5370439529878217
interior,0.6,0.41537289142218303,0.2591817793182821,0.1561911121039009,0.4169856216503395,0.5,0.5343272996144722
interior,0.602,0.41533433293565697,0.2599222272532924,0.15541210568236458,0.412501453182489,0.5,0.5316272681537886
interior,0.604,0.4152989196820328,0.2606619351104681,0.15463698457156475,0.4212255514500889,0.5,0.5289437279215266
interior,0.606,0.41526663302295064,0.2614009036295174,0.1538657293934332,0.41381170094085634,0.5,0.5262765495627082
interior,0.608,0.41523745441595916,0.2621391335494089,0.1530983208665503,0.4127105148651493,0.5,0.5236256050347443
interior,0.61,0.41521136541403525,0.2628766256083722,0.152334739805663,0.41406821101609065,0.5,0.5209907675908144
interior,0.612,0.4151883476651049,0.26361338054389993,0.15157496712120494,0.41245610464678756,0.5,0.5183719117634983
interior,0.614,0.4151683829115661,0.2643493990927467,0.15081898381881945,0.4183429615232893,0.5,0.5157689133486562
interior,0.616,0.4151514529898158,0.26508468199093127,0.15006677099888455,0.4142127770468837,0.5,0.5131816493895518
interior,0.618,0.4151375398297773,0.26581922997373664,0.14931830985604064,0.41326013504676595,0.5,0.5106099981612153
interior,0.62,0.4151266254544309,0.26655304377571076,0.14857358167872012,0.41684203236042283,0.5,0.5080538391550403
interior,0.622,0.41511869197934737,0.26728612413066755,0.14783256784867982,0.4159251024978159,0.5,0.505513053063613
interior,0.624,0.4151137216122227,0.26801847177168736,0.14709524984053532,0.41567775285887476,0.5,0.502987521765767
interior,0.626,0.415111696652416,0.26875008743111795,0.14636160922129804,0.4168143668579792,0.5,0.5004771283118621
interior,0.628,0.4151125994904894,0.26948097184057507,0.14563162764991433,0.4116556199446447,0.5,0.49798175690928154
interior,0.63,0.41511641260775,0.2702111257309432,0.14490528687680684,0.41880898285851753,0.5,0.49550129290814465
interior,0.632,0.41512311857579465,0.27094054983237625,0.14418256874341842,0.41540873793572436,0.5,0.49303562278723145
interior,0.634,0.4151327000560564,0.27166924487429833,0.14346345518175807,0.41880773323664094,0.5,0.4905846341401145
interior,0.636,0.41514513979935397,0.27239721158540453,0.1427479282139494,0.4149539592359508,0.5,0.4881482156614955
interior,0.638,0.41516042064544256,0.27312445069366176,0.14203596995178083,0.4172376990997872,0.5,0.4857262571337427
interior,0.64,0.41517852552256784,0.27385096292630906,0.14132756259625878,0.41635228987409173,0.5,0.4833186494136255
interior,0.642,0.41519943744702126,0.27457674900985884,0.14062268843716244,0.41384379788062853,0.5,0.4809252844192434
interior,0.644,0.4152231395226983,0.2753018096700971,0.13992132985260117,0.41636915406822717,0.5,0.4785460551171458
interior,0.646,0.41524961494065843,0.2760261456320847,0.1392234693085737,0.4137311653120206,0.5,0.4761808555096379
interior,0.648,0.4152788469786879,0.27674975762015763,0.13852908935853026,0.41334331767260984,0.5,0.4738295806222735
interior,0.65,0.41531081900086364,0.2774726463579278,0.13783817264293582,0.4154240444733118,0.5,0.47149212649152616
interior,0.652,0.4153455144571207,0.27819481256828416,0.13715070188883655,0.41523630159247443,0.5,0.46916839015264084
interior,0.654,0.4153829168828207,0.27891625697339295,0.13646665990942775,0.41624776848777695,0.5,0.46685826962765875
interior,0.656,0.4154230098983229,0.27963698029469863,0.13578602960362432,0.41656049666423745,0.5,0.46456166391361614
interior,0.658,0.41546577720855776,0.2803569832529246,0.1351087939556332,0.4163907639625329,0.5,0.4622784729709113
interior,0.66,0.41551120260260166,0.28107626656807383,0.13443493603452786,0.4179889012229304,0.5,0.4600085977118379
interior,0.662,0.415559269953255,0.2817948309594297,0.13376443899382526,0.41684908239205704,0.5,0.45775193998928315
interior,0.664,0.415609963216621,0.2825126771455567,0.13309728607106433,0.4188455505459039,0.5,0.4555084025855858
interior,0.666,0.41566326643168844,0.283229805844301,0.13243346058738742,0.4141609570396382,0.5,0.4532778892015536
interior,0.668,0.41571916371991424,0.2839462177727915,0.13177294594712272,0.41703158174116245,0.5,0.45106030444563455
interior,0.67,0.41577763928481,0.2846619136474401,0.1311157256373699,0.41813601832016145,0.5,0.44885555382324427
interior,0.672,0.4158386774115297,0.28537689418394274,0.13046178322758695,0.41955112044967524,0.5,0.44666354372624084
interior,0.674,0.41590226246645956,0.28609116009728,0.1298111023691796,0.41546394858286717,0.5,0.44448418142255
interior,0.676,0.4159683788968102,0.28680471210171776,0.12916366679509245,0.41494021409011317,0.5,0.4423173750459348
interior,0.678,0.4160370112302107,0.2875175509108082,0.12851946031940248,0.4159343854132538,0.5,0.44016303358590975
interior,0.68,0.41610814407430463,0.28822967723739035,0.12787846683691426,0.41801273261676614,0.5,0.43802106687779435
interior,0.682,0.4161817621163475,0.2889410917935903,0.12724067032275724,0.41899522764072966,0.5,0.4358913855929066
interior,0.684,0.4162578501228082,0.28965179529082274,0.12660605483198545,0.4145717031356197,0.5,0.43377390122889337
interior,0.686,0.41633639293896985,0.2903617884397913,0.1259746044991785,0.4183183194443316,0.5,0.4316685261001928
interior,0.6880000000000001,0.4164173754885345,0.2910710719504893,0.1253463035380452,0.4173274195074454,0.5,0.4295751733286315
interior,0.6900000000000001,0.4165007827732289,0.2917796465322,0.12472113624102887,0.41424652134772827,0.5,0.4274937568341493
interior,0.6920000000000001,0.41658659987241276,0.2924875128934983,0.12409908697891446,0.4160405587712342,0.5,0.42542419132565384
interior,0.6940000000000001,0.4166748119426885,0.29319467174225056,0.12348014020043797,0.41942257541825617,0.5,0.42336639229199924
interior,0.6960000000000001,0.4167654042175134,0.2939011237856156,0.12286428043189777,0.4154218991575556,0.5,0.42132027599309
interior,0.6980000000000001,0.41685836200681325,0.2946068697300457,0.12225149227676758,0.41894819929380833,0.5,0.41928575945110585
interior,0.7000000000000001,0.4169536706965981,0.29531191028128656,0.12164176041531156,0.415624770070395,0.5,0.4172627604418461
interior,0.7020000000000001,0.41705131574858056,0.29601624614437916,0.12103506960420143,0.4151522963269685,0.5,0.41525119748619366
interior,0.704,0.41715128269979446,0.29671987802365907,0.12043140467613538,0.41296578829796315,0.5,0.4132509898416925
interior,0.706,0.4172535571622171,0.29742280662275844,0.11983075053945866,0.42086548527931744,0.5,0.41126205749424205
interior,0.708,0.4173581248223926,0.298125032644606,0.11923309217778659,0.4157566859606452,0.5,0.4092843211499023
interior,0.71,0.41746497144105665,0.29882655679142756,0.11863841464962907,0.4139973838433607,0.5,0.40731770222681035
interior,0.712,0.4175740828527645,0.29952737976474764,0.11804670308801686,0.4221370759665575,0.5,0.405362122847205
interior,0.714,0.41768544496551907,0.30022750226538897,0.11745794270013012,0.4224972001016324,0.5,0.40341750582955976
interior,0.716,0.4177990437604028,0.3009269249934743,0.1168721187669285,0.42157654485405255,0.5,0.4014837746808211
interior,0.718,0.4179148652912096,0.30162564864842645,0.11628921664278313,0.4119525694332266,0.5,0.399560853588749
interior,0.72,0.41803289568407953,0.302323673928969,0.11570922175511057,0.41701610345872075,0.5,0.3976486674143626
interior,0.722,0.4181531211371357,0.3030210015331273,0.11513211960400842,0.4214969180732988,0.5,0.3957471416844841
interior,0.724,0.41827552792012185,0.303717632158229,0.11455789576189285,0.4143212399673428,0.5,0.3938562025843829
interior,0.726,0.4184001023740428,0.3044135665009049,0.11398653587313787,0.41941180321070975,0.5,0.391975776950517
interior,0.728,0.4185268309108059,0.3051088052570894,0.11341802565371652,0.42309760043533534,0.5,0.39010579226337083
interior,0.73,0.41865570001286484,0.3058033491220211,0.11285235089084374,0.4170924701757244,0.5,0.38824617664038713
interior,0.732,0.41878669623286513,0.3064971987902442,0.11228949744262094,0.42066542665595785,0.5,0.3863968588289924
interior,0.734,0.41891980619329094,0.3071903549556083,0.11172945123768262,0.4160844027820041,0.5,0.3845577681997139
interior,0.736,0.4190550165861141,0.3078828183112696,0.11117219827484447,0.42007942330829995,0.5,0.3827288347393868
interior,0.738,0.41919231417244496,0.3085745895496915,0.11061772462275345,0.4208454197136548,0.5,0.38090998904445095
interior,0.74,0.41933168578218466,0.3092656693626453,0.11006601641953932,0.41745344828127035,0.5,0.3791011623143339
interior,0.742,0.4194731183136793,0.309956058441211,0.1095170598724683,0.41763784784615804,0.5,0.37730228634492163
interior,0.744,0.4196165987333757,0.3106457574757776,0.10897084125759811,0.420193687008681,0.5,0.37551329352211305
interior,0.746,0.41976211407547914,0.31133476715604425,0.10842734691943492,0.419245512592159,0.5,0.37373411681545904
interior,0.748,0.4199096514416125,0.31202308817102054,0.107886563270592,0.41783810981787467,0.5,0.37196468977188285
interior,0.75,0.4200591980004777,0.31271072120902776,0.10734847679144992,0.41759523053780695,0.5,0.37020494650948294
interior,0.752,0.4202107409875177,0.313397666957699,0.10681307402981871,0.4172091168485982,0.5,0.36845482171141475
interior,0.754,0.42036426770458124,0.31408392610397984,0.10628034160060142,0.4220714496613686,0.5,0.3667142506198506
interior,0.756,0.42051976551958925,0.3147694993341297,0.10575026618545959,0.41674773371573276,0.5,0.3649831690300197
interior,0.758,0.420677221866202,0.3154543873337218,0.10522283453248021,0.4195715146256568,0.5,0.36326151328432105
interior,0.76,0.42083662424348867,0.31613859078764417,0.10469803345584452,0.42090824331877086,0.5,0.36154922026651454
interior,0.762,0.4209979602155986,0.31682211038010033,0.10417584983549825,0.4221288985731452,0.5,0.35984622739598443
interior,0.764,0.42116121741143364,0.31750494679460994,0.10365627061682371,0.41443559500487287,0.5,0.3581524726220762
interior,0.766,0.42132638352432283,0.31818710071400946,0.10313928281031336,0.42312882252327383,0.5,0.35646789441850596
interior,0.768,0.42149344631169794,0.3188685728204529,0.10262487349124508,0.4239045170010926,0.5,0.35479243177783987
interior,0.77,0.4216623935947715,0.3195493637954123,0.10211302979935916,0.4197808082567916,0.5,0.35312602420604405
interior,0.772,0.42183321325821554,0.32022947431967896,0.1016037389385366,0.42511030304800523,0.5,0.35146861171710275
interior,0.774,0.4220058932498426,0.3209089050733632,0.10109698817647936,0.4294379932726303,0.5,0.3498201348277045
interior,0.776,0.422180421580288,0.32158765673589595,0.10059276484439203,0.4210534710749038,0.5,0.34818053455199555
interior,0.778,0.4223567863226939,0.32226572998602887,0.10009105633666501,0.42629549441501485,0.5,0.346549752396398
interior,0.78,0.42253497561239484,0.32294312550183535,0.09959185011055947,0.42388260645432924,0.5,0.34492773035449364
interior,0.782,0.42271497764660465,0.32361984396071086,0.0990951336858938,0.4189194480678384,0.5,0.3433144109019719
interior,0.784,0.42289678068410547,0.324295886039374,0.09860089464473148,0.4258411518541289,0.5,0.3417097369916398
interior,0.786,0.42308037304493756,0.3249712524138668,0.09810912063107075,0.4210046567617611,0.5,0.3401136520484947
interior,0.788,0.42326574311009146,0.3256459437595558,0.09761979935053564,0.41879852936858597,0.5,0.338526099964858
interior,0.79,0.423452879321201,0.32631996075113234,0.09713291857006866,0.423580029228774,0.5,0.336947025095569
interior,0.792,0.4236417701802386,0.3269933040626136,0.09664846611762495,0.4199503411438759,0.5,0.3353763722532385
interior,0.794,0.42383240424921076,0.3276659743673428,0.09616642988186795,0.42577972598483443,0.5,0.33381408670356044
interior,0.796,0.4240247701498569,0.3283379723379902,0.09568679781186669,0.4225082848857471,0.5,0.33226011416068163
interior,0.798,0.42421885656334857,0.32900929864655415,0.09520955791679439,0.4205540223365409,0.5,0.33071440078262837
interior,0.8,0.42441465222998953,0.3296799539643607,0.09473469826562887,0.43010148278572785,0.5,0.32917689316678883
interior,0.802,0.4246121459489195,0.33034993896206544,0.09426220698685409,0.429002486325359,0.5,0.3276475383454511
interior,0.804,0.42481132657781673,0.3310192543096533,0.09379207226816345,0.42417659469289326,0.5,0.3261262837813947
interior,0.806,0.42501218303260424,0.3316879006764397,0.09332428235616455,0.42654444424705934,0.5,0.32461307736353806
interior,0.808,0.4252147042871563,0.3323558787310711,0.0928588255560852,0.42634809528035117,0.5,0.3231078674026359
interior,0.81,0.42541887937300676,0.3330231891415256,0.09239569023148113,0.42583095892538725,0.5,0.3216106026270313
interior,0.812,0.4256246973790588,0.33368983257511364,0.09193486480394514,0.42744326053514364,0.5,0.3201212321784578
interior,0.8140000000000001,0.4258321474512963,0.3343558096984788,0.09147633775281751,0.4250896108662381,0.5,0.3186397056078929
interior,0.8160000000000001,0.42604121879249623,0.3350211211775981,0.09102009761489813,0.4274315256103414,0.5,0.31716597287146153
interior,0.8180000000000001,0.42625190066194296,0.33568576767778324,0.09056613298415973,0.42724159626309965,0.5,0.3156999843263879
interior,0.8200000000000001,0.42646418237514355,0.3363497498636806,0.09011443251146295,0.4315716787074428,0.5,0.3142416907269977
interior,0.8220000000000001,0.42667805330354497,0.3370130683992726,0.08966498490427238,0.4268960006226294,0.5,0.3127910432207664
interior,0.8240000000000001,0.4268935028742523,0.3376757239478778,0.08921777892637449,0.4235628750076722,0.5,0.31134799334441626
interior,0.8260000000000001,0.4271105205697482,0.33833771717215166,0.08877280339759654,0.42802470344848415,0.5,0.30991249302005885
interior,0.8280000000000001,0.4273290959276147,0.3389990487340876,0.08833004719352709,0.4267856237200283,0.5,0.3084844945513845
interior,0.8300000000000001,0.4275492185402552,0.33965971929501715,0.08788949924523802,0.4277788749268475,0.5,0.30706395061989616
interior,0.8320000000000001,0.42777087805461866,0.34031972951561096,0.08745114853900768,0.428094314013958,0.5,0.3056508142811885
interior,0.834,0.42799406417192487,0.3409790800558793,0.08701498411604557,0.4307162957689857,0.5,0.30424503896127125
interior,0.836,0.4282187666473912,0.34163777157517283,0.08658099507221836,0.4320443146575779,0.5,0.30284657845293494
interior,0.838,0.42844497528996045,0.342295804732183,0.08614917055777743,0.4304805454184457,0.5,0.3014553869121612
interior,0.84,0.42867267996203057,0.34295318018494325,0.08571949977708733,0.42316414447266115,0.5,0.3000714188545738
interior,0.842,0.42890187057918505,0.3436098985908288,0.08529197198835625,0.43085496618228436,0.5,0.29869462915193223
interior,0.844,0.4291325371099254,0.34426596060655823,0.08486657650336718,0.4262432484426943,0.5,0.2973249730286659
interior,0.846,0.42936466957540453,0.34492136688819375,0.0844433026872108,0.43243312015681573,0.5,0.2959624060584495
interior,0.848,0.42959825804916113,0.3455761180911414,0.08402213995801973,0.4248136154101522,0.5,0.29460688416081776
interior,0.85,0.42983329265685644,0.3462302148701527,0.08360307778670374,0.4292318945737699,0.5,0.2932583635978201
interior,0.852,0.4300697635760111,0.3468836578793244,0.08318610569668675,0.43118889974792296,0.5,0.29191680097071393
interior,0.854,0.43030766103574436,0.3475364477720996,0.08277121326364478,0.43489330179483787,0.5,0.29058215321669656
interior,0.856,0.4305469753165135,0.34818858520126805,0.08235839011524543,0.42844479201261704,0.5,0.2892543776056748
interior,0.858,0.43078769674985595,0.3488400708189675,0.08194762593088846,0.43164651881293253,0.5,0.2879334317370721
interior,0.86,0.4310298157181313,0.3494909052766835,0.08153891044144786,0.43114645109030947,0.5,0.2866192735366722
interior,0.862,0.43127332265426555,0.35014108922525045,0.08113223342901513,0.4306915434454924,0.5,0.28531186125350005
interior,0.864,0.4315182080414963,0.35079062331485256,0.08072758472664376,0.43267605107186186,0.5,0.28401115345673716
interior,0.866,0.43176446241311905,0.3514395081950239,0.08032495421809513,0.43029730797155974,0.5,0.28271710903267383
interior,0.868,0.43201207635223493,0.3520877445146494,0.07992433183758553,0.4347187737810365,0.5,0.28142968718169514
interior,0.87,0.43226104049149994,0.35273533292196535,0.07952570756953461,0.43347763487060614,0.5,0.2801488474153022
interior,0.872,0.43251134551287523,0.35338227406456035,0.0791290714483149,0.43401980917388605,0.5,0.2788745495531671
interior,0.874,0.4327629821473782,0.3540285685893755,0.0787344135580027,0.4334542079418022,0.5,0.27760675372022103
interior,0.876,0.43301594117483566,0.3546742171427054,0.07834172403213022,0.4327640432008516,0.5,0.27634542034377624
interior,0.878,0.43327021342363753,0.3553192203701987,0.07795099305343882,0.4325196686405957,0.5,0.27509051015068015
interior,0.88,0.43352578977049233,0.3559635789168586,0.07756221085363373,0.43116241766547025,0.5,0.2738419841645017
interior,0.882,0.43378266114018343,0.3566072934270438,0.07717536771313965,0.4316382649105338,0.5,0.2725998037027497
interior,0.884,0.4340408185053268,0.3572503645444688,0.07679045396085797,0.4342995350042074,0.5,0.27136393037412265
interior,0.886,0.4343002528861296,0.35789279291220477,0.07640745997392483,0.43715998569931463,0.5,0.270134326075789
interior,0.888,0.4345609553501507,0.35853457917268017,0.07602637617747057,0.43103345298615475,0.5,0.2689109529906986
interior,0.89,0.43482291701206177,0.35917572396768127,0.07564719304438047,0.44099427320509343,0.5,0.26769377358492397
interior,0.892,0.4350861290334094,0.3598162279383529,0.07526990109505646,0.4332966729356025,0.5,0.2664827506050315
interior,0.894,0.43535058262237925,0.3604560917251991,0.07489449089718012,0.43236877798789547,0.5,0.2652778470754815
interior,0.896,0.4356162690335607,0.36109531596808375,0.07452095306547697,0.43646427081087064,0.5,0.2640790262960585
interior,0.898,0.43588317956771294,0.3617339013062312,0.07414927826148175,0.4366843400114002,0.5,0.26288625183932857
interior,0.9,0.4361513055715317,0.36237184837822667,0.07377945719330503,0.43220944749245616,0.5,0.26169948754812605
interior,0.902,0.4364206384374183,0.3630091578220175,0.07341148061540081,0.43792972250318696,0.5,0.2605186975330677
interior,0.904,0.43669116960324844,0.36364583027491293,0.0730453393283355,0.4385814834349199,0.5,0.25934384617009454
interior,0.906,0.43696289055214355,0.3642818663735857,0.07268102417855785,0.4330436652340215,0.5,0.2581748980980407
interior,0.908,0.437235792812242,0.3649172667540719,0.07231852605817012,0.43778239265649166,0.5,0.2570118182162289
interior,0.91,0.43750986795647223,0.3655520320517718,0.07195783590470047,0.43937086217935933,0.5,0.25585457168209336
interior,0.912,0.43778510760232725,0.366186162901451,0.07159894470087622,0.43359553039224147,0.5,0.25470312390882727
interior,0.914,0.4380615034116388,0.3668196599372402,0.0712418434743986,0.4345861860300805,0.5,0.25355744056305735
interior,0.916,0.438339047090355,0.3674525237926366,0.07088652329771837,0.4375465557082416,0.5,0.2524174875625436
interior,0.918,0.4386177303883167,0.3680847551005041,0.07053297528781259,0.4432301916294495,0.5,0.2512832310739038
interior,0.92,0.43889754509903667,0.36871635449307405,0.0701811906059626,0.4437041701410948,0.5,0.2501546375103628
interior,0.922,0.4391784830594788,0.3693473226019458,0.06983116045753304,0.43788812881714284,0.5,0.2490316735295272
interior,0.924,0.4394605361498397,0.36997766005808774,0.06948287609175195,0.4391679232823155,0.5,0.247914306031183
interior,0.926,0.43974369629332916,0.3706073674918371,0.06913632880149206,0.43604672891971386,0.5,0.24680250215511812
interior,0.928,0.44002795545595463,0.3712364455329016,0.06879150992305307,0.4380972390632644,0.5,0.24569622927896775
interior,0.93,0.4403133056463043,0.3718648948103592,0.06844841083594504,0.4422736165278024,0.5,0.24459545501608387
interior,0.932,0.4405997389153322,0.3724927159526593,0.06810702296267292,0.44400670005494686,0.5,0.2435001472134265
interior,0.934,0.44088724735614515,0.373119909587623,0.06776733776852215,0.44086997703187625,0.5,0.24241027394947923
interior,0.936,0.44117582310378917,0.37374647634244407,0.0674293467613451,0.44114361260695906,0.5,0.2413258035321854
interior,0.9380000000000001,0.4414654583350383,0.37437241684368927,0.06709304149134905,0.43854459546662106,0.5,0.24024670449690821
interior,0.9400000000000001,0.44175614526818396,0.3749977317172992,0.06675841355088473,0.4396426627568611,0.5,0.23917294560441116
interior,0.9420000000000001,0.442047876162825,0.37562242158858883,0.06642545457423617,0.44050572563975793,0.5,0.23810449583886104
interior,0.9440000000000001,0.4423406433196596,0.37624648708224795,0.06609415623741163,0.44078473333815293,0.5,0.23704132440585193
interior,0.9460000000000001,0.44263443908027755,0.37686992882234216,0.06576451025793542,0.4457200312923436,0.5,0.23598340073044988
interior,0.9480000000000001,0.4429292558269542,0.3774927474323133,0.06543650839464091,0.4415641513322328,0.5,0.23493069445525944
interior,0.9500000000000001,0.4432250859824444,0.37811494353498,0.06511014244746442,0.444093925307886,0.5,0.23388317543850923
interior,0.9520000000000001,0.44352192200977864,0.37873651775253836,0.06478540425724029,0.44552851664472415,0.5,0.23284081375215904
interior,0.9540000000000001,0.4438197564120595,0.37935747070656267,0.06446228570549681,0.4447103523734899,0.5,0.23180357968002632
interior,0.9560000000000001,0.4441185817322595,0.3799778030180061,0.06414077871425337,0.44175629930885485,0.5,0.23077144371593275
interior,0.9580000000000001,0.44441839055301924,0.38059751530720076,0.06382087524581849,0.44353701192181305,0.5,0.22974437656187005
interior,0.96,0.4447191754964479,0.38121660819385916,0.06350256730258876,0.44222417039798956,0.5,0.2287223491261854
interior,0.962,0.44502092922392317,0.3818350822970742,0.06318584692684899,0.44402066611320834,0.5,0.2277053325217853
interior,0.964,0.44532364443589334,0.38245293823532,0.06287070620057335,0.4449495550075414,0.5,0.22669329806435953
interior,0.966,0.4456273138716798,0.3830701766264526,0.06255713724522723,0.4402238823654272,0.5,0.2256862172706221
interior,0.968,0.4459319303092808,0.38368679808771033,0.062245132221570444,0.443393806766826,0.5,0.22468406185657178
interior,0.97,0.446237486565176,0.38430280323571486,0.061934683329461115,0.4464512348667037,0.5,0.22368680373577007
interior,0.972,0.4465439754941321,0.3849181926864713,0.06162578280766079,0.44620938141116845,0.5,0.22269441501763765
interior,0.974,0.44685138998900953,0.3855329670553692,0.06131842293364034,0.4477022396507063,0.5,0.221706868005768
interior,0.976,0.44715972298056983,0.3861471269571829,0.06101259602338691,0.4443057402882976,0.5,0.22072413519625872
interior,0.978,0.4474689674372843,0.38676067300607253,0.06070829443121179,0.44522985130017967,0.5,0.21974618927606035
interior,0.98,0.4477791163651432,0.3873736058155839,0.060405510549559366,0.4535748545697635,0.5,0.21877300312134196
interior,0.982,0.4480901628074669,0.3879859259986501,0.060104236808816776,0.4495923476191484,0.5,0.21780454979587358
interior,0.984,0.44840209984471613,0.3885976341675913,0.05980446567712486,0.44904685812888784,0.5,0.21684080254942564
interior,0.986,0.44871492059430546,0.3892087309341158,0.05950618966018968,0.44743692941450697,0.5,0.2158817348161845
interior,0.988,0.4490286182104155,0.3898192169093202,0.05920940130109529,0.4487858034121272,0.5,0.21492732021318417
interior,0.99,0.449343185883808,0.39042909270369075,0.058914093180117255,0.4461001355525417,0.5,0.2139775325387548
interior,0.992,0.4496586168416403,0.39103835892710315,0.05862025791453716,0.4504918388358415,0.5,0.21303234577098593
interior,0.994,0.44997490434728177,0.3916470161888237,0.05832788815845809,0.4504341767651341,0.5,0.21209173406620663
interior,0.996,0.4502920417001307,0.39225506509750985,0.05803697660262088,0.4508724321839842,0.5,0.21115567175748012
interior,0.998,0.45061002223543184,0.39286250626121033,0.05774751597422151,0.4492283936371607,0.5,0.21022413335311416
interior,1.0,0.4509288393240957,0.3934693402873666,0.05745949903672916,0.4479080627849333,0.5,0.2092970935351868
interior,1.002,0.4512484863725179,0.3940755677828125,0.05717291858970542,0.4516396750812044,0.5,0.20837452715808652
interior,1.004,0.4515689568223999,0.3946811893537757,0.05688776746862419,0.4515584813879148,0.5,0.20745640924706754
interior,1.006,0.45189024415057044,0.3952862056058779,0.056604038544692564,0.45263945224726054,0.5,0.20654271499681964
interior,1.008,0.452212341868808,0.3958906171441353,0.056321724724672693,0.45273596375965003,0.5,0.20563341977005248
interior,1.01,0.45253524352366387,0.39649442457295947,0.056040818950704376,0.44805244889843465,0.5,0.2047284990960937
interior,1.012,0.4528589426962865,0.39709762849615793,0.05576131420012861,0.45535442624924793,0.5,0.203827928669502
interior,1.014,0.4531834330022467,0.3977002295169346,0.0554832034853121,0.4552839703729387,0.5,0.20293168434869333
interior,1.016,0.4535087080913631,0.39830222823789063,0.05520647985347246,0.45586822005092587,0.5,0.20203974215458115
interior,1.018,0.45383476164752923,0.39890362526102474,0.0549311363865045,0.46116923851817254,0.5,0.20115207826923026
interior,1.02,0.4541615873885413,0.3995044211877341,0.05465716620080719,0.4571621572058255,0.5,0.2002686690345244
interior,1.022,0.4544891790659261,0.40010461661881447,0.05438456244711166,0.4521312698245527,0.5,0.1993894909508464
interior,1.024,0.4548175304647714,0.4007042121544616,0.05411331831030981,0.4553957874154914,0.5,0.1985145206757721
interior,1.026,0.45514663540355493,0.4013032083942708,0.05384342700928414,0.4566870604969643,0.5,0.19764373502277696
interior,1.028,0.4554764877339767,0.40190160593723867,0.053574881796738034,0.4573508789878712,0.5,0.19677711095995573
interior,1.03,0.4558070813407898,0.40249940538176254,0.05330767595902723,0.45423261882016586,0.5,0.1959146256087543
interior,1.032,0.4561384101416338,0.403096607325642,0.05304180281599182,0.4549261225620437,0.5,0.19505625624271467
interior,1.034,0.4564704680868685,0.403693212366079,0.05277725572078943,0.45830040193063615,0.5,0.19420198028623195
interior,1.036,0.4568032491594077,0.4042892210996788,0.052514028059728865,0.46336589166606895,0.5,0.19335177531332376
interior,1.038,0.4571367473745548,0.4048846341224499,0.05225211325210491,0.4572053236601307,0.5,0.19250561904641153
interior,1.04,0.45747095677983934,0.4054794520298056,0.05199150475003371,0.46326996587781577,0.5,0.19166348935511396
interior,1.042,0.4578058714548531,0.4060736754165639,0.05173219603828916,0.4554599769516746,0.5,0.1908253642550523
interior,1.044,0.45814148551108796,0.406667304876948,0.05147418063413995,0.45854781634393643,0.5,0.18999122190666715
interior,1.046,0.45847779309177505,0.4072603410045875,0.05121745208718755,0.45367293544756065,0.5,0.18916104061404704
interior,1.048,0.4588147883717236,0.4078527843925187,0.0509620039792049,0.46203672845697424,0.5,0.18833479882376813
interior,1.05,0.45915246555716094,0.4084446356331849,0.050707829923976024,0.4579498947640853,0.5,0.18751247512374566
interior,1.052,0.4594908188855737,0.4090358953184374,0.05045492356713627,0.4570543407276443,0.5,0.18669404824209604
interior,1.054,0.45982984262554966,0.4096265640395361,0.05020327858601354,0.4593986959722534,0.5,0.18587949704601034
interior,1.056,0.46016953107661984,0.4102166423871496,0.049952888689470225,0.4628544266003495,0.5,0.18506880054063862
interior,1.058,0.4605098785691022,0.4108061309513563,0.049703747617745875,0.46244681850570757,0.5,0.18426193786798495
interior,1.06,0.46085087946394554,0.4113950303216448,0.0494558491423007,0.46083849185419334,0.5,0.18345888830581314
interior,1.062,0.4611925281525745,0.4119833410869146,0.049209187065659916,0.46491662889046204,0.5,0.18265963126656312
interior,1.064,0.4615348190567353,0.4125710638354766,0.048963755221258745,0.46227457716534287,0.5,0.18186414629627762
interior,1.066,0.4618777466283417,0.41315819915505336,0.048719547473288306,0.4573271977244144,0.5,0.18107241307353913
interior,1.068,0.46222130534932254,0.41374474763278035,0.048476557716542176,0.46415412838026093,0.5,0.1802844114084173
interior,1.07,0.46256548973147005,0.41433070985520626,0.04823477987626379,0.4635318275902496,0.5,0.17950012124142606
interior,1.072,0.46291029431628766,0.41491608640829314,0.04799420790799453,0.4629353180921182,0.5,0.17871952264249102
interior,1.074,0.4632557136748403,0.41550087787741763,0.04775483579742268,0.4606037867429056,0.5,0.17794259580992652
interior,1.076,0.46360174240760427,0.4160850848473713,0.047516657560233,0.46381481237437394,0.5,0.1771693210694226
interior,1.078,0.46394837514431836,0.4166687079023612,0.04727966724195714,0.46835847329810043,0.5,0.17639967887304137
interior,1.08,0.46429560654383517,0.41725174762601036,0.047043858917824824,0.4697695807954523,0.5,0.17563364979822324
interior,1.082,0.46464343129397423,0.41783420460135856,0.04680922669261566,0.46918874243736186,0.5,0.17487121454680227
interior,1.084,0.4649918441113747,0.4184160794108629,0.046575764700511786,0.459533214882367,0.5,0.17411235394403085
interior,1.086,0.4653408397413494,0.41899737263639814,0.046343467104951255,0.46254107697925284,0.5,0.17335704893761403
interior,1.088,0.4656904129577397,0.4195780848592576,0.046112328098482064,0.46513916740589023,0.5,0.17260528059675218
interior,1.09,0.46604055856277066,0.4201582166601536,0.04588234190261703,0.4697592025491701,0.5,0.17185703011119363
interior,1.092,0.4663912713869072,0.42073776861921797,0.04565350276768925,0.46398549200500594,0.5,0.1711122787902952
interior,1.094,0.4667425462887111,0.4213167413160026,0.04542580497270847,0.46429887870513986,0.5,0.17037100806209254
interior,1.096,0.46709437815469834,0.4218951353294804,0.04519924282521792,0.46704366052932356,0.5,0.1696331994723783
interior,1.098,0.4674467618991974,0.4224729512380453,0.04497381066115216,0.473462752704628,0.5,0.16889883468378963
interior,1.1,0.4677996924642086,0.42305018961951335,0.04474950284469528,0.4638204874366751,0.5,0.1681678954749037
interior,1.102,0.4681531648192631,0.42362685105112285,0.04452631376814025,0.4710729619811393,0.5,0.16744036373934207
interior,1.104,0.468507173961284,0.4242029361095355,0.04430423785174849,0.4665902159490933,0.5,0.166716221484883
interior,1.106,0.4688617149144467,0.4247784453708362,0.04408326954361055,0.46946201746695265,0.5,0.1659954508325824
interior,1.108,0.4692167827300415,0.4253533794105343,0.043863403319507194,0.4749163933096762,0.5,0.16527803401590255
interior,1.11,0.46957237248633543,0.42592773880356405,0.04364463368277138,0.4722389716489781,0.5,0.1645639533798493
interior,1.112,0.46992847928843545,0.42650152412428466,0.04342695516415079,0.4694033140689733,0.5,0.16385319138011692
interior,1.114,0.47028509826815273,0.4270747359464816,0.04321036232167115,0.46879280350775154,0.5,0.16314573058224116
interior,1.116,0.47064222458386684,0.4276473748433668,0.04299484974050007,0.47280660846563316,0.5,0.16244155366075966
interior,1.118,0.4709998534203909,0.42821944138757906,0.04278041203281184,0.47136686828994984,0.5,0.1617406433983807
interior,1.12,0.4713579799888377,0.42879093615118513,0.042567043837652564,0.4652102589938486,0.5,0.16104298268515907
interior,1.122,0.47171659952648604,0.42936185970567975,0.042354739820806266,0.4752824943497636,0.5,0.16034855451767982
interior,1.124,0.472075707296648,0.42993221262198655,0.04214349467466146,0.475465602248481,0.5,0.15965734199824927
interior,1.1260000000000001,0.47243529858853694,0.4305019954704584,0.04193330311807851,0.47096429318351724,0.5,0.15896932833409377
interior,1.1280000000000001,0.4727953687171358,0.43107120882087824,0.04172415989625754,0.47355808557413454,0.5,0.15828449683656523
interior,1.1300000000000001,0.47315591302306664,0.43163985324245957,0.041516059780607094,0.4751515985850372,0.5,0.15760283092035454
interior,1.1320000000000001,0.4735169268724603,0.43220792930384677,0.041308997568613476,0.47242624652629245,0.5,0.15692431410271163
interior,1.1340000000000001,0.4738784056568265,0.4327754375731159,0.041102968083710584,0.4708925240966846,0.5,0.15624893000267287
interior,1.1360000000000001,0.4742403447929259,0.43334237861777536,0.04089796617515056,0.47659344138215864,0.5,0.15557666234029544
interior,1.1380000000000001,0.4746027397226413,0.4339087530047663,0.04069398671787502,0.47252627558142557,0.5,0.15490749493589878
interior,1.1400000000000001,0.4749655859128498,0.4344745613004629,0.04049102461238691,0.47499057717618254,0.5,0.15424141170931255
interior,1.1420000000000001,0.4753288788552968,0.4350398040706738,0.04028907478462302,0.4808695617293707,0.5,0.15357839667913178
interior,1.1440000000000001,0.47569261406646884,0.4356044818806417,0.04008813218582713,0.4777160938503959,0.5,0.1529184339619785
interior,1.1460000000000001,0.4760567870874682,0.43616859529504437,0.039888191792423824,0.4781880617031224,0.5,0.15226150777177005
interior,1.1480000000000001,0.47642139348388823,0.4367321448779954,0.039689248605892825,0.47686539041959053,0.5,0.15160760241899415
interior,1.1500000000000001,0.47678642884568845,0.4372951311930443,0.03949129765264413,0.4797366001752531,0.5,0.15095670230999017
interior,1.1520000000000001,0.47715188878707115,0.43785755480317756,0.039294333983893585,0.47700454055211766,0.5,0.15030879194623714
interior,1.154,0.47751776894635795,0.4384194162708187,0.03909835267553925,0.48041339852931264,0.5,0.14966385592364811
interior,1.156,0.47788406498586755,0.4389807161578294,0.038903348828038156,0.47547237716426144,0.5,0.14902187893187033
interior,1.158,0.47825077259179355,0.43954145502550956,0.03870931756628398,0.47985715984469074,0.5,0.14838284575359248
interior,1.16,0.478617887474083,0.44010163343459796,0.03851625403948507,0.4783060323406673,0.5,0.14774674126385756
interior,1.162,0.4789854053663164,0.44066125194527317,0.0383241534210432,0.4772838388191748,0.5,0.14711355042938193
interior,1.164,0.47935332202558656,0.44122031111715365,0.03813301090843291,0.47960060960354445,0.5,0.1464832583078804
interior,1.166,0.4797216332323802,0.44177881150929876,0.03794282172308143,0.48008932279100824,0.5,0.14585585004739757
interior,1.168,0.480090334790458,0.44233675368020875,0.03775358111024922,0.4817179730394964,0.5,0.14523131088564467
interior,1.17,0.4804594225267372,0.4428941381878261,0.03756528433891109,0.4823228034486268,0.5,0.14460962614934275
interior,1.172,0.4808288922911731,0.4434509655895351,0.03737792670163796,0.4817519809995944,0.5,0.14399078125357118
interior,1.174,0.4811987399566425,0.44400723644216333,0.037191503514479154,0.47915903617139854,0.5,0.14337476170112218
interior,1.176,0.481568961418827,0.44456295130198176,0.037006010116845255,0.4765840520858179,0.5,0.14276155308186111
interior,1.178,0.4819395525960968,0.4451181107247051,0.036821441871391684,0.47958614909777936,0.5,0.14215114107209204
interior,1.18,0.4823105094293956,0.4456727152654929,0.03663779416390268,0.4863877293186785,0.5,0.14154351143392924
interior,1.182,0.4826818278821259,0.4462267654789499,0.03645506240317599,0.480074108928726,0.5,0.14093865001467407
interior,1.184,0.4830535039400342,0.4467802619191261,0.03627324202090809,0.48005382160131005,0.5,0.14033654274619706
interior,1.186,0.4834255336110982,0.44733320513951824,0.036092328471579935,0.4898262162560428,0.5,0.13973717564432586
interior,1.188,0.4837979129254128,0.4478855956930694,0.03591231723234338,0.48797697406289253,0.5,0.13914053480823813
interior,1.19,0.48417063793507825,0.4484374341321702,0.035733203802908085,0.4850399823774626,0.5,0.13854660641986
interior,1.192,0.48454370471408825,0.4489887210086593,0.03555498370542895,0.4839601502107027,0.5,0.13795537674326944
interior,1.194,0.48491710935821764,0.44953945687382335,0.035377652484394284,0.48070039129363307,0.5,0.13736683212410522
interior,1.196,0.48529084798491273,0.4500896422783984,0.03520120570651432,0.4886115491795888,0.5,0.1367809589889806
interior,1.198,0.48566491673318035,0.45063927777256996,0.03502563896061041,0.48357188632837156,0.5,0.13619774384490235
interior,1.2,0.48603931176347825,0.4511883639059735,0.03485094785750477,0.4843883032668894,0.5,0.13561717327869466
interior,1.202,0.486414029257606,0.4517369012276953,0.034677128029910714,0.48933771365678813,0.5,0.13503923395642817
interior,1.204,0.486789065418596,0.4522848902862725,0.03450417513232351,0.48659901737230515,0.5,0.1344639126228538
interior,1.206,0.4871644164706062,0.4528323316296945,0.03433208484091171,0.484794311344745,0.5,0.13389119610084127
interior,1.208,0.48754007865881144,0.45337922580540235,0.03416085285340908,0.49119057312592346,0.5,0.133321071290823
interior,1.21,0.4879160482492976,0.4539255733602906,0.03399047488900698,0.490414292061774,0.5,0.1327535251702422
interior,1.212,0.4882923215289541,0.45447137484070665,0.03382094668824744,0.4881465569670236,0.5,0.13218854479300587
interior,1.214,0.4886688948053687,0.455016630792452,0.033652264012916634,0.48549347877992916,0.5,0.13162611728894275
interior,1.216,0.48904576440672176,0.4555613417607829,0.03348442264593886,0.4898547129010199,0.5,0.13106622986326547
interior,1.218,0.4894229266816813,0.4561055082904101,0.03331741839127122,0.49686717455002744,0.5,0.13050886979603768
interior,1.22,0.4898003779992988,0.4566491309255002,0.03315124707379865,0.4856670908067642,0.5,0.12995402444164528
interior,1.222,0.4901781147489056,0.45719221020967604,0.03298590453922954,0.49345436851141306,0.5,0.12940168122827256
interior,1.224,0.4905561333400087,0.45773474668601677,0.03282138665399194,0.4867238729297858,0.5,0.12885182765738276
interior,1.226,0.4909344302021892,0.45827674089705905,0.03265768930513014,0.48762435100555224,0.5,0.12830445130320256
interior,1.228,0.49131300178499904,0.4588181933847971,0.032494808400201886,0.48586433356108727,0.5,0.12775953981221147
interior,1.23,0.4916918445578595,0.4593591046906834,0.03233273986717608,0.4906641558410492,0.5,0.1272170809026354
interior,1.232,0.4920709550099603,0.45989947535562936,0.032171479654330946,0.49026491435475766,0.5,0.12667706236394422
interior,1.234,0.49245032965015845,0.4604393059200057,0.03201102373015277,0.49340383768734974,0.5,0.12613947205635404
interior,1.236,0.49282996500687803,0.46097859692364296,0.03185136808323509,0.48980999332531777,0.5,0.12560429791033317
interior,1.238,0.4932098576280106,0.4615173489058322,0.03169250872217843,0.4958752088695825,0.5,0.1250715279261126
interior,1.24,0.493590004080816,0.4620555624053255,0.031534441675490466,0.4948466784889305,0.5,0.12454115017320046
interior,1.242,0.49397040095182315,0.46259323796033636,0.03137716299148681,0.4947755933533603,0.5,0.12401315278990047
interior,1.244,0.49435104484673265,0.46313037610854046,0.031220668738192167,0.4901629374924562,0.5,0.12348752398283454
interior,1.246,0.49473193239031793,0.46366697738707585,0.031064955003242065,0.4940220682051796,0.5,0.1229642520264694
interior,1.248,0.49511306022632895,0.46420304233254395,0.030910017893785002,0.4968968252982242,0.5,0.12244332526264687
interior,1.25,0.49549442501739493,0.4647385714810097,0.030755853536385196,0.49616967791265854,0.5,0.12192473210011855
interior,1.252,0.4958760234449281,0.46527356536800246,0.030602458076925656,0.4975062643730758,0.5,0.12140846101408374
interior,1.254,0.4962578522090278,0.4658080245285159,0.030449827680511923,0.4978274932099545,0.5,0.1208945005457319
interior,1.256,0.4966399080283855,0.46634194949700936,0.03029795853137613,0.5015900407714837,0.5,0.12038283930178832
interior,1.258,0.4970221876401895,0.4668753408074079,0.03014684683278164,0.4975888958119965,0.5,0.1198734659540639
interior,1.26,0.49740468780003094,0.4674081989931028,0.029996488806928123,0.5074532103692235,0.5,0.11936636923900847
interior,1.262,0.4977874052818094,0.46794052458695234,0.029846880694857098,0.5041651808806153,0.5,0.11886153795726788
interior,1.264,0.49817033687764006,0.4684723181212821,0.029698018756357965,0.5008607382917056,0.5,0.1183589609732447
interior,1.266,0.4985534793977602,0.4690035801278857,0.029549899269874523,0.5002734161873811,0.5,0.11785862721466267
interior,1.268,0.498936829670437,0.46953431113802513,0.02940251853241188,0.5016327268894987,0.5,0.11736052567213445
interior,1.27,0.4993203845418754,0.47006451168243146,0.029255872859443935,0.5004749402382956,0.5,0.11686464539873329
interior,1.272,0.4997041408761267,0.47059418229130545,0.029109958584821214,0.4929722918194724,0.5,0.11637097550956776
interior,1.274,0.5000880955549968,0.4711233234943175,0.02896477206067926,0.49917681234857586,0.5,0.11587950518136045
interior,1.276,0.5004722454779564,0.47165193582060905,0.02882030965734741,0.5007479735159991,0.5,0.11539022365202976
interior,1.278,0.5008565875620503,0.4721800197987923,0.02867656776325805,0.5052045695215425,0.5,0.11490312022027513
interior,1.28,0.5012411187418078,0.47270757595695145,0.028533542784856345,0.49386359945270325,0.5,0.11441818424516598
interior,1.282,0.501625835969153,0.47323460482264257,0.028391231146510387,0.5050937222130759,0.5,0.11393540514573346
interior,1.284,0.5020107362133165,0.47376110692289464,0.0282496292904218,0.5033028118899495,0.5,0.11345477240056598
interior,1.286,0.5023958164607465,0.4742870827842097,0.02810873367653681,0.4970552598656543,0.5,0.11297627554740787
interior,1.288,0.5027810737150216,0.47481253293256387,0.02796854078245773,0.5014028609603497,0.5,0.11249990418276117
interior,1.29,0.503166504996762,0.4753374578934071,0.027829047103354914,0.503341433670514,0.5,0.11202564796149078
interior,1.292,0.5035521073435437,0.4758618581916646,0.0276902491518791,0.5036032967357406,0.5,0.11155349659643272
interior,1.294,0.5039378778098108,0.4763857343517365,0.0275521434580743,0.5027150262079918,0.5,0.11108343985800577
interior,1.296,0.5043238134667901,0.4769090868974992,0.027414726569290945,0.5098887597458096,0.5,0.11061546757382577
interior,1.298,0.5047099114024048,0.4774319163523052,0.02727799505009968,0.5038397034769868,0.5,0.11014956962832359
interior,1.3,0.5050961687211893,0.47795422323898396,0.027141945482205405,0.4984060158871962,0.5,0.1096857359623657
interior,1.302,0.5054825825442043,0.4784760080798425,0.02700657446436182,0.5056927140148635,0.5,0.10922395657287806
interior,1.304,0.505869150008952,0.4789972713966656,0.026871878612286446,0.5057275462653782,0.5,0.10876422151247297
interior,1.306,0.5062558682692927,0.4795180137107168,0.026737854558575948,0.5081423463444161,0.5,0.10830652088907874
interior,1.308,0.5066427344953602,0.48003823554273817,0.02660449895262202,0.5058938973803114,0.5,0.10785084486557263
interior,1.31,0.5070297458734794,0.48055793741295183,0.026471808460527557,0.5078622596186476,0.5,0.1073971836594164
interior,1.312,0.5074168996060829,0.4810771198410596,0.026339779765023344,0.50964401815411,0.5,0.10694552754229493
interior,1.314,0.5078041929116293,0.4815957833462441,0.02620840956538512,0.5058984361853435,0.5,0.10649586683975777
interior,1.316,0.5081916230245197,0.4821139284471686,0.026077694577351054,0.5117115563783823,0.5,0.1060481919308633
interior,1.318,0.508579187195018,0.48263155566197835,0.025947631533039653,0.5108720587921806,0.5,0.10560249324782606
interior,1.32,0.5089668826891688,0.4831486655083008,0.025818217180867995,0.5131690595452613,0.5,0.1051587612756664
interior,1.322,0.5093547067887162,0.4836652585032456,0.02568944828547057,0.5138566818979573,0.5,0.10471698655186353
interior,1.324,0.5097426567910242,0.4841813351634059,0.025561321627618275,0.5131490710599461,0.5,0.10427715966601064
interior,1.326,0.5101307300089963,0.4846968960048583,0.02543383400413799,0.5026487734923274,0.5,0.10383927125947327
interior,1.328,0.5105189237709963,0.4852119415431638,0.02530698222783249,0.5080068497498288,0.5,0.10340331202505006
interior,1.33,0.5109072354207689,0.4857264722933681,0.02518076312740075,0.5103128423926732,0.5,0.10296927270663626
interior,1.332,0.5112956623173605,0.4862404887700017,0.025055173547358704,0.508772872162761,0.5,0.10253714409888998
interior,1.334,0.5116842018350415,0.4867539914870812,0.024930210347960297,0.5082825592791941,0.5,0.10210691704690084
interior,1.336,0.5120728513632286,0.4872669809581095,0.02480587040511904,0.5072951865884526,0.5,0.10167858244586149
interior,1.338,0.5124616083064059,0.487779457696076,0.02468215061032988,0.5098709497334473,0.5,0.10125213124074137
interior,1.34,0.512850470084049,0.48829142221345756,0.024559047870591513,0.5096141805058402,0.5,0.1008275544259634
interior,1.342,0.5132394341305476,0.48880287502221864,0.024436559108329026,0.5130639937618676,0.5,0.1004048430450828
interior,1.344,0.5136284978951291,0.4893138166338121,0.024314681261316987,0.5169194425604252,0.5,0.09998398819046879
interior,1.346,0.5140176588417826,0.48982424755917975,0.024193411282602873,0.5141067760172103,0.5,0.09956498100298841
interior,1.348,0.5144069144491833,0.4903341683087524,0.02407274614043089,0.5162232964478244,0.5,0.09914781267169304
interior,1.35,0.514796262210617,0.4908435793924508,0.023952682818166218,0.5118315716464632,0.5,0.09873247443350731
interior,1.352,0.5151856996339059,0.49135248131968634,0.02383321831421953,0.5141032234839539,0.5,0.09831895757292032
interior,1.354,0.5155752242413327,0.4918608745993607,0.02371434964197202,0.5093316108609074,0.5,0.09790725342167936
interior,1.356,0.5159648335695679,0.49236875973986727,0.02359607382970068,0.5157607270770358,0.5,0.09749735335848587
interior,1.358,0.5163545251695955,0.4928761372490914,0.023478387920504037,0.5164001294214281,0.5,0.09708924880869393
interior,1.36,0.5167442966066387,0.49338300763441045,0.023361288972228247,0.5140246038059487,0.5,0.09668293124401095
interior,1.362,0.5171341454600883,0.49388937140269484,0.0232447740573935,0.5175500529748633,0.5,0.09627839218220051
interior,1.364,0.5175240693234294,0.4943952290603085,0.023128840263120853,0.5145064142557753,0.5,0.09587562318678794
interior,1.366,0.5179140658041685,0.4949005811131092,0.023013484691059405,0.5147022094618001,0.5,0.09547461586676761
interior,1.368,0.5183041325237627,0.4954054280664488,0.022898704457313863,0.5181276210651901,0.5,0.09507536187631291
interior,1.37,0.5186942671175468,0.4959097704251745,0.02278449669237239,0.5174307225035252,0.5,0.09467785291448808
interior,1.372,0.5190844672346635,0.4964136086936286,0.02267085854103492,0.523677124503612,0.5,0.0942820807249626
interior,1.374,0.5194747305379912,0.4969169433756494,0.022557787162341754,0.5182695247046927,0.5,0.09388803709572743
interior,1.3760000000000001,0.5198650547040742,0.4974197749745717,0.02244527972950253,0.518644327308339,0.5,0.09349571385881372
interior,1.3780000000000001,0.5202554374230526,0.497922103993227,0.02233333342982557,0.5189252687226489,0.5,0.09310510289001336
interior,1.3800000000000001,0.5206458763985921,0.49842393093394455,0.022221945464647546,0.5232771048419922,0.5,0.09271619610860184
interior,1.3820000000000001,0.5210363693478146,0.4989252562985511,0.022111113049263546,0.5221709238688689,0.5,0.09232898547706322
interior,1.3840000000000001,0.5214269140012298,0.49942608058837235,0.022000833412857388,0.5178962686025662,0.5,0.09194346300081706
interior,1.3860000000000001,0.5218175081026648,0.4999264043042324,0.02189110379843243,0.5196684370980277,0.5,0.09155962072794756
interior,1.3880000000000001,0.5222081494091977,0.5004262279464551,0.021781921462742597,0.5222693826073481,0.5,0.09117745074893459
interior,1.3900000000000001,0.5225988356910879,0.5009255520148641,0.02167328367622381,0.5251255863173433,0.5,0.09079694519638695
interior,1.3920000000000001,0.5229895647317092,0.5014243770087835,0.021565187722925747,0.5238065273163797,0.5,0.09041809624477745
interior,1.3940000000000001,0.5233803343274823,0.5019227034270384,0.021457630900443943,0.5260208397799838,0.5,0.09004089611017999
interior,1.3960000000000001,0.5237711422878074,0.5024205317679552,0.021350610519852233,0.5243122789289598,0.5,0.08966533705000888
interior,1.3980000000000001,0.5241619864349979,0.5029178625293623,0.021244123905635535,0.5295622061312817,0.5,0.08929141136275977
interior,1.4000000000000001,0.5245528646042136,0.5034146962085906,0.021138168395622943,0.520071933768569,0.5,0.0889191113877527
interior,1.4020000000000001,0.5249437746433947,0.5039110333024736,0.02103274134092119,0.5172246324142181,0.5,0.08854842950487712
interior,1.4040000000000001,0.525334714413197,0.5044068743073487,0.020927840105848413,0.5199994384694472,0.5,0.08817935813433864
interior,1.4060000000000001,0.5257256817869248,0.5049022197190566,0.020823462067868274,0.5231536565714138,0.5,0.08781188973640781
interior,1.408,0.5261166746504674,0.505397070032943,0.020719604617524402,0.5244916032555186,0.5,0.08744601681117092
interior,1.41,0.5265076909022334,0.5058914257438583,0.020616265158375106,0.5241392021438568,0.5,0.08708173189828207
interior,1.412,0.5268987284530867,0.5063852873461582,0.02051344110692853,0.526489248611492,0.5,0.08671902757671786
interior,1.414,0.5272897852262822,0.5068786553337042,0.020411129892578036,0.5307113220090901,0.5,0.08635789646453343
interior,1.416,0.5276808591574024,0.5073715301998645,0.020309328957537943,0.5296348525253685,0.5,0.08599833121862031
interior,1.418,0.5280719481942935,0.5078639124375139,0.020208035756779562,0.525717335440575,0.5,0.0856403245344663
interior,1.42,0.5284630502970025,0.5083558025390349,0.0201072477579676,0.5246436130054675,0.5,0.08528386914591683
interior,1.422,0.5288541634377142,0.5088472009963173,0.02000696244139685,0.5244027276700064,0.5,0.08492895782493841
interior,1.424,0.5292452856006891,0.5093381083007599,0.019907177299929153,0.5268771950649146,0.5,0.08457558338138352
interior,1.426,0.5296364147822006,0.5098285249432698,0.0198078898389308,0.5295258025488717,0.5,0.08422373866275748
interior,1.428,0.5300275489904739,0.5103184514142638,0.019709097576210075,0.5279408754038547,0.5,0.08387341655398682
interior,1.43,0.5304186862456237,0.5108078882036684,0.01961079804195527,0.5282286908723101,0.5,0.08352460997718954
interior,1.432,0.5308098245795934,0.5112968358009204,0.019512988778672913,0.5296951809430366,0.5,0.08317731189144686
interior,1.434,0.531200962036094,0.5117852946949677,0.019415667341126326,0.5308586806009997,0.5,0.08283151529257698
interior,1.436,0.5315920966705433,0.5122732653742688,0.0193188312962745,0.5310963237505182,0.5,0.08248721321290994
interior,1.438,0.531983226550006,0.5127607483267947,0.01922247822321127,0.5368283748235074,0.5,0.08214439872106476
interior,1.44,0.532374349753133,0.5132477440400283,0.019126605713104795,0.5343430376927271,0.5,0.08180306492172772
interior,1.442,0.5327654643701027,0.5137342530009654,0.01903121136913732,0.5358757243254048,0.5,0.0814632049554325
interior,1.444,0.5331565685025602,0.514220275696115,0.01893629280644529,0.5284337161193826,0.5,0.08112481199834184
interior,1.446,0.5335476602635595,0.5147058126114998,0.018841847652059682,0.5369778810837157,0.5,0.08078787926203088
interior,1.448,0.5339387377775036,0.5151908642326568,0.018747873544846725,0.5367815263696101,0.5,0.08045239999327185
interior,1.45,0.5343297991800864,0.5156754310446375,0.01865436813544884,0.5372638580843552,0.5,0.08011836747382062
interior,1.452,0.5347208426182348,0.516159513532009,0.018561329086225927,0.5326499116904352,0.5,0.07978577502020455
interior,1.454,0.5351118662500506,0.5166431121788537,0.018468754071196903,0.5362126708333248,0.5,0.07945461598351203
interior,1.456,0.5355028682447518,0.5171262274687702,0.018376640775981574,0.5311857692251242,0.5,0.07912488374918343
interior,1.458,0.5358938467826168,0.517608859884874,0.018284986897742765,0.5324767301875469,0.5,0.07879657173680367
interior,1.46,0.5362848000549263,0.5180910099097975,0.018193790145128744,0.5354266730597569,0.5,0.07846967339989618
interior,1.462,0.5366757262639067,0.5185726780256907,0.01810304823821594,0.5353487926714438,0.5,0.07814418222571835
interior,1.464,0.537066623622674,0.519053864714222,0.01801275890845196,0.5402529459379666,0.5,0.07782009173505859
interior,1.466,0.5374574903551765,0.5195345704565777,0.01792291989859886,0.5400595726086325,0.5,0.07749739548203469
interior,1.468,0.5378483246961407,0.520014795733464,0.01783352896267671,0.5355636274091905,0.5,0.07717608705389362
interior,1.47,0.5382391248910133,0.5204945410251058,0.017744583865907458,0.5350874360299089,0.5,0.07685616007081289
interior,1.472,0.5386298891959079,0.5209738068112488,0.01765608238465905,0.5404213133932398,0.5,0.07653760818570327
interior,1.474,0.5390206158775487,0.5214525935711588,0.01756802230638985,0.5377749018959154,0.5,0.07622042508401289
interior,1.476,0.5394113032132157,0.5219309017836224,0.01748040142959331,0.5393895540592097,0.5,0.07590460448353266
interior,1.478,0.5398019494906908,0.5224087319269479,0.017393217563742947,0.5368822890489755,0.5,0.0755901401342034
interior,1.48,0.5401925530082031,0.5228860844789656,0.017306468529237572,0.5383710400673792,0.5,0.07527702581792385
interior,1.482,0.5405831120743748,0.523362959917028,0.01722015215734681,0.5419213398181134,0.5,0.07496525534836052
interior,1.484,0.5409736250081675,0.5238393587180106,0.01713426629015687,0.5352649164095058,0.5,0.07465482257075855
interior,1.486,0.5413640901388288,0.5243152813583122,0.017048808780516587,0.5412919136616003,0.5,0.07434572136175403
interior,1.488,0.5417545058058393,0.5247907283138555,0.016963777491983783,0.545475874944885,0.5,0.0740379456291878
interior,1.49,0.5421448703588594,0.5252657000600875,0.016879170298771805,0.542673929239332,0.5,0.07373148931192024
interior,1.492,0.5425351821576766,0.5257401970719802,0.016794985085696424,0.5403634592099217,0.5,0.07342634637964764
interior,1.494,0.5429254395721532,0.5262142198240303,0.01671121974812292,0.544285611132549,0.5,0.07312251083271973
interior,1.496,0.5433156409821742,0.5266877687902607,0.0166278721919135,0.548673866426389,0.5,0.07281997670195865
interior,1.498,0.5437057847775953,0.5271608444442204,0.016544940333374912,0.5495418519605341,0.5,0.07251873804847891
interior,1.5,0.5440958693581917,0.5276334472589853,0.016462422099206377,0.5388483208311353,0.5,0.07221878896350892
interior,1.502,0.5444858931336056,0.5281055777071579,0.016380315426447734,0.5429845819647722,0.5,0.07192012356821346
interior,1.504,0.544875854523297,0.5285772362608692,0.0162986182624279,0.5510051660376867,0.5,0.07162273601351787
interior,1.506,0.5452657519564906,0.5290484233917772,0.01621732856471351,0.5477248214248881,0.5,0.07132662047993282
interior,1.508,0.5456555838721273,0.5295191395710694,0.0161364443010579,0.5468412320898307,0.5,0.07103177117738095
interior,1.51,0.5460453487188123,0.529989385269462,0.016055963449350247,0.5490675123087316,0.5,0.07073818234502413
interior,1.512,0.5464350449547658,0.5304591609572007,0.015975883997565082,0.5386811712234135,0.5,0.07044584825109251
interior,1.514,0.5468246710477732,0.5309284671040613,0.015896203943711933,0.5426366322677364,0.5,0.07015476319271427
interior,1.516,0.5472142254751351,0.5313973041793498,0.015816921295785304,0.5459631768865021,0.5,0.06986492149574682
interior,1.518,0.5476037067236184,0.5318656726519035,0.015738034071714868,0.5445160067461409,0.5,0.06957631751460908
interior,1.52,0.5479931132894067,0.5323335729900908,0.015659540299315915,0.5474088931450511,0.5,0.06928894563211493
interior,1.522,0.5483824436780521,0.5328010056618121,0.015581438016240047,0.5493791895519036,0.5,0.06900280025930787
interior,1.524,0.5487716964044262,0.5332679711345001,0.015503725269926119,0.5487970147930595,0.5,0.06871787583529679
interior,1.526,0.549160869992672,0.5337344698751205,0.015426400117551423,0.5455319116570151,0.5,0.06843416682709275
interior,1.528,0.5495499629761548,0.5342005023501717,0.01534946062598313,0.5551995196908384,0.5,0.06815166772944714
interior,1.53,0.5499389738974165,0.5346660690256866,0.015272904871729937,0.5515679252299563,0.5,0.06787037306469076
interior,1.532,0.5503279013081257,0.5351311703672317,0.015196730940893995,0.5497842378519027,0.5,0.06759027738257403
interior,1.534,0.5507167437690316,0.5355958068399085,0.015120936929123082,0.5478593318427915,0.5,0.06731137526010841
interior,1.536,0.5511054998499163,0.5360599789083533,0.01504552094156294,0.5534453074020944,0.5,0.06703366130140873
interior,1.538,0.5514941681295484,0.5365236870367385,0.014970481092809962,0.553656693399386,0.5,0.06675713013753676
interior,1.54,0.5518827471956359,0.5369869316887719,0.014895815506864016,0.5502103963310934,0.5,0.06648177642634584
interior,1.542,0.5522712356447801,0.5374497133276985,0.014821522317081568,0.5497169731898105,0.5,0.06620759485232645
interior,1.544,0.5526596320824291,0.5379120324163,0.014747599666128998,0.5520354085016187,0.5,0.06593458012645288
interior,1.546,0.5530479351228315,0.5383738894168952,0.01467404570593619,0.5520626803124614,0.5,0.06566272698603111
interior,1.548,0.5534361433889918,0.5388352847913416,0.014600858597650302,0.5465624340198322,0.5,0.06539203019454745
interior,1.55,0.553824255512624,0.5392962190010342,0.014528036511589817,0.5583305750112478,0.5,0.06512248454151846
interior,1.552,0.5542122701341063,0.5397566925069075,0.014455577627198792,0.5475978161862896,0.5,0.06485408484234172
interior,1.554,0.5546001859024362,0.5402167057694348,0.014383480133001341,0.5553718119937923,0.5,0.06458682593814766
interior,1.556,0.554988001475186,0.5406762592486296,0.014311742226556358,0.5535427791171174,0.5,0.06432070269565252
interior,1.558,0.555375715518458,0.5411353534040455,0.014240362114412439,0.5584770350973609,0.5,0.06405571000701203
interior,1.56,0.5557633267068396,0.5415939886947765,0.014169338012063068,0.5579295244975068,0.5,0.06379184278967641
interior,1.562,0.5561508337233599,0.5420521655794579,0.014098668143901988,0.5564118967088098,0.5,0.0635290959862461
interior,1.564,0.5565382352594456,0.5425098845162668,0.014028350743178807,0.5559382699735728,0.5,0.06326746456432852
interior,1.566,0.556925530014877,0.5429671459629222,0.013958384051954854,0.5579614747050621,0.5,0.06300694351639592
interior,1.568,0.5573127166977445,0.5434239503766853,0.013888766321059199,0.5584945839061626,0.5,0.062747527859644
interior,1.57,0.5576997940244057,0.5438802982143608,0.01381949581004494,0.5637960474649647,0.5,0.062489212635851624
interior,1.572,0.5580867607194422,0.5443361899322965,0.013750570787145703,0.5587033507294986,0.5,0.06223199291124142
interior,1.574,0.5584736155156164,0.5447916259863841,0.013681989529232318,0.5574970185329055,0.5,0.061975863776341275
interior,1.576,0.5588603571538296,0.5452466068320598,0.01361375032176977,0.5554897416208571,0.5,0.06172082034584688
interior,1.578,0.5592469843830787,0.5457011329243044,0.013545851458774315,0.559802971932214,0.5,0.061466857758485045
interior,1.58,0.559633495960415,0.5461552047176441,0.013478291242770847,0.5545759020308413,0.5,0.06121397117687802
interior,1.582,0.5600198906509012,0.5466088226661507,0.013411067984750438,0.56657607552979,0.5,0.0609621557874087
interior,1.584,0.5604061672275705,0.5470619872234423,0.013344180004128143,0.5643943685900735,0.5,0.06071140680008677
interior,1.586,0.5607923244713843,0.5475146988426833,0.013277625628700959,0.5608963096877514,0.5,0.0604617194484156
interior,1.588,0.5611783611711914,0.5479669579765853,0.01321140319460604,0.5652009279681359,0.5,0.06021308898926026
interior,1.59,0.5615642761236868,0.5484187650774077,0.013145511046279078,0.5590941235377566,0.5,0.05996551070271614
interior,1.592,0.5619500681333707,0.5488701205969577,0.013079947536412936,0.5577871978195239,0.5,0.059718979891978684
interior,1.594,0.562335736012507,0.5493210249865905,0.013014711025916451,0.5562516653097588,0.5,0.05947349188321379
interior,1.596,0.5627212785810842,0.5497714786972108,0.012949799883873467,0.5582175372676361,0.5,0.05922904202542926
interior,1.598,0.5631066946667743,0.5502214821792722,0.012885212487502051,0.567851343409097,0.5,0.058985625690346925
interior,1.6,0.5634919831048923,0.5506710358827784,0.012820947222113924,0.5658041213812842,0.5,0.05874323827227568
interior,1.602,0.5638771427383571,0.551120140257283,0.01275700248107411,0.5631666285447642,0.5,0.05850187518798543
interior,1.604,0.5642621724176512,0.5515687957518904,0.012693376665760746,0.5649442374007966,0.5,0.05826153187658175
interior,1.606,0.5646470710007815,0.5520170028152563,0.012630068185525143,0.5638333119130933,0.5,0.058022203799381424
interior,1.608,0.5650318373532396,0.5524647618955876,0.012567075457651997,0.5711992290531184,0.5,0.05778388643978882
interior,1.61,0.5654164703479635,0.5529120734406436,0.012504396907319824,0.5658392765612424,0.5,0.05754657530317302
interior,1.612,0.5658009688652973,0.5533589378977357,0.01244203096756161,0.5616057839769525,0.5,0.05731026591674584
interior,1.614,0.566185331792954,0.5538053557137285,0.012379976079225603,0.5629462448908258,0.5,0.05707495382944052
interior,1.616,0.5665695580259762,0.5542513273350398,0.01231823069093637,0.5716971807978953,0.5,0.05684063461179139
interior,1.618,0.5669536464666973,0.5546968532076413,0.012256793259055987,0.5628078959306867,0.5,0.056607303855814126
interior,1.62,0.5673375960247043,0.5551419337770589,0.012195662247645454,0.5694955721582001,0.5,0.0563749571748869
interior,1.622,0.5677214056167995,0.5555865694883733,0.012134836128426304,0.5674334227961083,0.5,0.05614359020363233
interior,1.624,0.5681050741669623,0.5560307607862199,0.012074313380742389,0.572046291974988,0.5,0.05591319859780009
interior,1.6260000000000001,0.5684886006063123,0.5564745081147905,0.01201409249152186,0.5686706006634382,0.5,0.05568377803415039
interior,1.6280000000000001,0.5688719838730716,0.5569178119178322,0.011954171955239356,0.568635441755983,0.5,0.05545532421033816
interior,1.6300000000000001,0.5692552229125272,0.5573606726386489,0.011894550273878344,0.5668261976019293,0.5,0.05522783284479793
interior,1.6320000000000001,0.569638316676995,0.5578030907201014,0.01183522595689369,0.5672513887315058,0.5,0.05500129967662964
interior,1.6340000000000001,0.5700212641257821,0.5582450666046077,0.011776197521174375,0.5672618755448218,0.5,0.05477572046548496
interior,1.6360000000000001,0.5704040642251502,0.5586866007341438,0.011717463491006436,0.566284898995597,0.5,0.0545510909914545
interior,1.6380000000000001,0.5707867159482799,0.5591276935502438,0.011659022398036055,0.575104690504967,0.5,0.05432740705495568
interior,1.6400000000000001,0.5711692182752337,0.5595683454940008,0.011600872781232868,0.5673640646686923,0.5,0.054104664476621364
interior,1.6420000000000001,0.5715515701929199,0.5600085570060664,0.011543013186853425,0.577579634407321,0.5,0.053882859097189185
interior,1.6440000000000001,0.5719337706950572,0.5604483285266524,0.011485442168404851,0.5753869073320421,0.5,0.05366198677739157
interior,1.6460000000000001,0.5723158187821391,0.5608876604955304,0.011428158286608689,0.5744081650000844,0.5,0.053442043397846514
interior,1.6480000000000001,0.5726977134613971,0.5613265533520322,0.011371160109364908,0.5734048672345794,0.5,0.05322302485894901
interior,1.6500000000000001,0.5730794537467669,0.5617650075350509,0.011314446211716107,0.5722704765429862,0.5,0.0530049270807632
interior,1.6520000000000001,0.5734610386588523,0.5622030234830404,0.011258015175811898,0.5739697320357029,0.5,0.052787746002915255
interior,1.6540000000000001,0.5738424672248905,0.5626406016340171,0.011201865590873437,0.5711944710497343,0.5,0.05257147758448681
interior,1.6560000000000001,0.574223738478717,0.5630777424255589,0.01114599605315818,0.5782483696517409,0.5,0.052356117803909245
interior,1.6580000000000001,0.5746048514607315,0.5635144462948067,0.011090405165924773,0.5754278376545567,0.5,0.0521416626588585
interior,1.6600000000000001,0.5749858052178627,0.5639507136784645,0.01103509153939814,0.574653903018816,0.5,0.05192810816615071
interior,1.6620000000000001,0.5753665988035344,0.5643865450127996,0.010980053790734735,0.5695027507525044,0.5,0.05171545036163832
interior,1.6640000000000001,0.5757472312776313,0.5648219407336433,0.010925290543987979,0.5757800164274569,0.5,0.051503685300107
interior,1.666,0.5761277017064653,0.5652569012763915,0.010870800430073855,0.5804924165144708,0.5,0.05129280905517325
interior,1.668,0.5765080091627416,0.565691427076005,0.010816582086736661,0.5769674080011999,0.5,0.05108281771918236
interior,1.67,0.5768881527255241,0.5661255185670091,0.010762634158515002,0.5764744687913896,0.5,0.050873707403107524
interior,1.672,0.5772681314802036,0.5665591761834957,0.010708955296707859,0.5673533605366742,0.5,0.05066547423644906
interior,1.674,0.5776479445184632,0.5669924003591224,0.010655544159340896,0.5793123192254713,0.5,0.050458114367134675
interior,1.676,0.5780275909382462,0.5674251915271133,0.01060239941113289,0.5774142743107235,0.5,0.05025162396142008
interior,1.678,0.5784070698437221,0.5678575501202597,0.010549519723462374,0.577705862209824,0.5,0.0500459992037904
interior,1.68,0.5787863803452548,0.5682894765709203,0.010496903774334395,0.5703664198240012,0.5,0.04984123629686217
interior,1.682,0.579165521559369,0.5687209713110215,0.01044455024834749,0.57919470676541,0.5,0.04963733146128591
interior,1.684,0.5795444926087188,0.569152034772058,0.010392457836660781,0.5819991851379304,0.5,0.049434280935649284
interior,1.686,0.5799232926220546,0.5695826673850933,0.010340625236961266,0.5812974821073545,0.5,0.04923208097638104
interior,1.688,0.5803019207341915,0.5700128695807603,0.010289051153431247,0.585746197648631,0.5,0.04903072785765528
interior,1.69,0.5806803760859768,0.5704426417892609,0.01023773429671595,0.5819450677756707,0.5,0.0488302178712966
interior,1.692,0.5810586578242588,0.5708719844403675,0.01018667338389129,0.5849866865902889,0.5,0.048630547326685626
interior,1.694,0.5814367651018545,0.5713008979634228,0.010135867138431785,0.5836328606966906,0.5,0.04843171255066527
interior,1.696,0.581814697077519,0.5717293827873403,0.010085314290178648,0.5872579061586772,0.5,0.04823370988744749
interior,1.698,0.582192452915913,0.572157439340605,0.010035013575308043,0.5777731841150001,0.5,0.048036535698520635
interior,1.7,0.5825700317875728,0.5725850680512733,0.00998496373629948,0.5830181008685417,0.5,0.04784018636255746
interior,1.702,0.5829474328688785,0.5730122693469741,0.009935163521904374,0.5783337037317338,0.5,0.04764465827532362
interior,1.704,0.5833246553420234,0.5734390436549086,0.009885611687114772,0.5851328645394803,0.5,0.04744994784958667
interior,1.706,0.5837016983949834,0.5738653914018512,0.009836306993132222,0.5838986411746578,0.5,0.04725605151502589
interior,1.708,0.5840785612214866,0.5742913130141498,0.009787248207336813,0.5833281917497639,0.5,0.04706296571814237
interior,1.71,0.5844552430209823,0.5747168089177259,0.009738434103256338,0.5859313460923827,0.5,0.0468706869221698
interior,1.712,0.5848317429986111,0.5751418795380754,0.009689863460535653,0.584984920370768,0.5,0.04667921160698583
interior,1.714,0.5852080603651753,0.5755665253002691,0.009641535064906165,0.5852540421599428,0.5,0.04648853626902392
interior,1.716,0.5855841943371082,0.5759907466289527,0.009593447708155461,0.589274088422998,0.5,0.04629865742118576
interior,1.718,0.5859601441364448,0.5764145439483477,0.00954560018809712,0.5811880950504269,0.5,0.04610957159275423
interior,1.72,0.5863359089907918,0.5768379176822511,0.009497991308540652,0.5903147263584301,0.5,0.04592127532930687
interior,1.722,0.5867114881332988,0.5772608682540372,0.009450619879261584,0.5838702520548354,0.5,0.045733765192629935
interior,1.724,0.5870868808026278,0.5776833960866561,0.009403484715971716,0.5877676335781008,0.5,0.04554703776063292
interior,1.726,0.5874620862429256,0.5781055016026361,0.009356584640289512,0.5878853543309313,0.5,0.04536108962726367
interior,1.728,0.5878371037037929,0.5785271852240823,0.009309918479710641,0.5894942701768571,0.5,0.045175917402423965
interior,1.73,0.5882119324402575,0.5789484473726788,0.009263485067578651,0.5850654598194726,0.5,0.04499151771188561
interior,1.732,0.5885865717127433,0.5793692884696875,0.009217283243055827,0.5823826739682044,0.5,0.044807887197207116
interior,1.734,0.5889610207870438,0.5797897089359497,0.009171311851094145,0.5858985615567888,0.5,0.0446250225156508
interior,1.736,0.5893352789342922,0.5802097091918857,0.009125569742406414,0.5824452243239747,0.5,0.04444292034010046
interior,1.738,0.5897093454309336,0.580629289657496,0.009080055773437533,0.5846138153799364,0.5,0.044261577358979495
interior,1.74,0.5900832195586969,0.581048450752361,0.009034768806335908,0.5844972712189507,0.5,0.04408099027616957
interior,1.742,0.5904569006045669,0.5814671928956419,0.008989707708925003,0.5868857687108114,0.5,0.043901155810929765
interior,1.744,0.5908303878607557,0.5818855165060807,0.008944871354675036,0.5857124434799273,0.5,0.043722070697816195
interior,1.746,0.591203680624676,0.5823034220020011,0.008900258622674812,0.5906883151385498,0.5,0.04354373168660214
interior,1.748,0.5915767781989125,0.5827209098013089,0.008855868397603713,0.5877544831464692,0.5,0.04336613554219867
interior,1.75,0.5919496798911954,0.5831379803214916,0.008811699569703799,0.5914523709096031,0.5,0.043189279044575694
interior,1.752,0.592322385014372,0.5835546339796199,0.008767751034752068,0.5902761895114104,0.5,0.043013158988683554
interior,1.754,0.5926948928863803,0.5839708711923475,0.008724021694032861,0.5931964828384448,0.5,0.04283777218437506
interior,1.756,0.593067202830222,0.5843866923759116,0.008680510454310382,0.5909317897634153,0.5,0.042663115456328046
interior,1.758,0.5934393141739348,0.5848020979461335,0.008637216227801371,0.5957055047455434,0.5,0.04248918564396826
interior,1.76,0.5938112262505666,0.5852170883184187,0.00859413793214791,0.5918163425933706,0.5,0.042315979601392884
interior,1.762,0.594182938398148,0.5856316639077576,0.008551274490390361,0.5998479399993897,0.5,0.042143494197294414
interior,1.764,0.5945544499596664,0.5860458251287259,0.008508624830940455,0.5919907835901564,0.5,0.041971726314885036
interior,1.766,0.5949257602830393,0.5864595723954849,0.008466187887554481,0.5918786611430772,0.5,0.04180067285182142
interior,1.768,0.5952968687210884,0.5868729061217818,0.00842396259930664,0.5956525443615726,0.5,0.041630330720130004
interior,1.77,0.5956677746315129,0.5872858267209503,0.008381947910562534,0.5937641094263304,0.5,0.04146069684613274
interior,1.772,0.596038477376864,0.5876983346059113,0.00834014277095275,0.5943572593879498,0.5,0.041291768170373194
interior,1.774,0.5964089763245191,0.5881104301891724,0.008298546135346621,0.6034735009669973,0.5,0.04112354164754322
interior,1.776,0.5967792708466555,0.5885221138828294,0.008257156963826095,0.5937964459444959,0.5,0.04095601424640997
interior,1.778,0.5971493603202258,0.588933386098566,0.008215974221659724,0.5978638202903249,0.5,0.040789182949743354
interior,1.78,0.5975192441269312,0.5893442472476544,0.008174996879276811,0.5907621406219842,0.5,0.040623044754244
interior,1.782,0.5978889216531976,0.589754697740956,0.00813422391224166,0.6003925755675115,0.5,0.040457596670471566
interior,1.784,0.598258392290149,0.590164737988921,0.008093654301227975,0.5971719483369238,0.5,0.04029283572277352
interior,1.786,0.5986276554335833,0.5905743684015899,0.008053287031993362,0.5948810725140875,0.5,0.04012875894921432
interior,1.788,0.5989967104839471,0.5909835893885931,0.008013121095353995,0.5899950404764108,0.5,0.039965363401505034
interior,1.79,0.599365556846311,0.5913924013591516,0.007973155487159359,0.6021011448922898,0.5,0.039802646144933396
interior,1.792,0.5997341939303444,0.5918008047220773,0.007933389208267173,0.5966939213560771,0.5,0.0396406042582942
interior,1.794,0.6001026211502922,0.5922087998857738,0.007893821264518392,0.5936429536204155,0.5,0.03947923483382021
interior,1.796,0.6004708379249485,0.5926163872582362,0.00785445066671236,0.6056857039639315,0.5,0.0393185349771134
interior,1.798,0.600838843677634,0.5930235672470519,0.007815276430582082,0.6004944150450917,0.5,0.03915850180707661
interior,1.8,0.6012066378361705,0.5934303402594009,0.007776297576769613,0.6012048739057401,0.5,0.038999132455845686
interior,1.802,0.6015742198328579,0.5938367067020562,0.007737513130801579,0.5975703055409807,0.5,0.03884042406872188
interior,1.804,0.6019415891044493,0.5942426669813845,0.007698922123064813,0.6031296296614477,0.5,0.03868237380410479
interior,1.806,0.6023087450921281,0.594648221503346,0.00766052358878211,0.5952832244811839,0.5,0.03852497883342558
interior,1.808,0.6026756872414831,0.5950533706734951,0.007622316567988112,0.5993734703663928,0.5,0.038368236341080664
interior,1.81,0.6030424150024865,0.5954581148969812,0.007584300105505308,0.6036398763379464,0.5,0.03821214352436579
interior,1.812,0.6034089278294686,0.5958624545785485,0.007546473250920158,0.5989480929659927,0.5,0.03805669759341041
interior,1.814,0.603775225181096,0.5962663901225367,0.0075088350585593286,0.603513308088996,0.5,0.03790189577111259
interior,1.816,0.6041413065203474,0.5966699219328813,0.007471384587466046,0.6076000580419668,0.5,0.03774773529307411
interior,1.818,0.6045071713144909,0.5970730504131143,0.007434120901376586,0.6054843349601242,0.5,0.037594213407536166
interior,1.82,0.6048728190350608,0.597475775966364,0.007397043068696855,0.604887716983119,0.5,0.037441327375315234
interior,1.822,0.6052382491578354,0.5978780989953563,0.007360150162479105,0.6062747566730821,0.5,0.037289074469739454
interior,1.824,0.6056034611628127,0.598280019902414,0.007323441260398757,0.603760592365685,0.5,0.037137451976585335
interior,1.826,0.6059684545341895,0.5986815390894581,0.007286915444731351,0.6039753064247014,0.5,0.036986457194014805
interior,1.828,0.6063332287603375,0.5990826569580079,0.007250571802329586,0.6057100833876928,0.5,0.036836087432512675
interior,1.83,0.6066977833337817,0.5994833739091812,0.007214409424600518,0.6114433745509509,0.5,0.03668634001482444
interior,1.832,0.6070621177511779,0.599883690343695,0.007178427407482815,0.6106246802877665,0.5,0.036537212275894446
interior,1.834,0.6074262315132901,0.600283606661866,0.007142624851424174,0.6070981437565063,0.5,0.03638870156280439
interior,1.836,0.6077901241249689,0.6006831232636101,0.007107000861358832,0.6171208163572058,0.5,0.036240805234712244
interior,1.838,0.6081537950951296,0.6010822405484444,0.007071554546685179,0.6144279965380671,0.5,0.03609352066279146
interior,1.84,0.6085172439367295,0.6014809589154859,0.007036285021243505,0.6091853816102883,0.5,0.035946845230170575
interior,1.842,0.6088804701667468,0.601879278763453,0.007001191403293835,0.6066637639864119,0.5,0.03580077633187312
interior,1.844,0.6092434733061597,0.6022772004906658,0.006966272815493894,0.6151342038949785,0.5,0.03565531137475794
interior,1.846,0.6096062528799232,0.602674724495046,0.006931528384877166,0.6069295123172505,0.5,0.03551044777745979
interior,1.848,0.6099688084169487,0.6030718511741175,0.006896957242831078,0.6095506268665035,0.5,0.035366182970330326
interior,1.85,0.6103311394500823,0.6034685809250071,0.006862558525075277,0.6124733664207501,0.5,0.035222514395379385
interior,1.852,0.6106932455160847,0.6038649141444447,0.0068283313716400295,0.6161697565351019,0.5,0.035079439506216684
interior,1.854,0.611055126155608,0.6042608512287633,0.006794274926844716,0.6072263414555626,0.5,0.03493695576799375
interior,1.856,0.6114167809131765,0.6046563925739001,0.006760388339276439,0.6096339284882201,0.5,0.03479506065734623
interior,1.858,0.6117782093371655,0.6050515385753967,0.006726670761768749,0.6055008813210229,0.5,0.03465375166233661
interior,1.86,0.6121394109797794,0.605446289628399,0.006693121351380453,0.6202564727753178,0.5,0.03451302628239713
interior,1.862,0.6125003853970323,0.6058406461276578,0.006659739269374541,0.60401627155096,0.5,0.03437288202827306
interior,1.864,0.6128611321487273,0.6062346084675301,0.006626523681197225,0.6117868305833716,0.5,0.03423331642196639
interior,1.866,0.6132216507984349,0.6066281770419779,0.00659347375645707,0.606209373520064,0.5,0.03409432699667973
interior,1.868,0.6135819409134742,0.60702135224457,0.0065605886689042376,0.6172302440117376,0.5,0.03395591129676063
interior,1.87,0.6139420020648914,0.6074141344684816,0.006527867596409826,0.6048085586566307,0.5,0.033818066877646075
interior,1.872,0.6143018338274404,0.607806524106495,0.006495309720945315,0.6105493020848726,0.5,0.03368079130580747
interior,1.874,0.614661435779562,0.6081985215509998,0.006462914228562129,0.6187091257154989,0.5,0.033544082158695816
interior,1.8760000000000001,0.6150208075033647,0.6085901271939935,0.006430680309371266,0.6134060212716287,0.5,0.03340793702468723
interior,1.8780000000000001,0.6153799485846049,0.6089813414270818,0.006398607157523068,0.6165793617884093,0.5,0.03327235350302879
interior,1.8800000000000001,0.615738858612666,0.6093721646414789,0.0063666939711870705,0.6233369581562014,0.5,0.03313732920378469
interior,1.8820000000000001,0.6160975371805401,0.6097625972280081,0.0063349399525319495,0.6134413198143724,0.5,0.033002861747782636
interior,1.8840000000000001,0.6164559838848076,0.610152639577102,0.006303344307705589,0.6100808317287539,0.5,0.03286894876656067
interior,1.8860000000000001,0.6168141983256182,0.6105422920788031,0.006271906246815219,0.6158316927775825,0.5,0.032735587902314144
interior,1.8880000000000001,0.6171721801066713,0.6109315551227636,0.006240624983907682,0.6116710467565353,0.5,0.03260277680784314
interior,1.8900000000000001,0.6175299288351968,0.611320429098247,0.006209499736949777,0.6251026178549378,0.5,0.032470513146500055
interior,1.8920000000000001,0.6178874441219357,0.611708914394127,0.006178529727808705,0.623086108119816,0.5,0.03233879459213757
interior,1.8940000000000001,0.6182447255811216,0.6120970113988891,0.006147714182232629,0.6158042797790033,0.5,0.03220761882905693
interior,1.8960000000000001,0.6186017728304616,0.6124847205006303,0.006117052329831301,0.6129345771757041,0.5,0.032076983551956366
interior,1.8980000000000001,0.6189585854911165,0.6128720420870597,0.006086543404056818,0.6202518314738582,0.5,0.03194688646588004
interior,1.9000000000000001,0.6193151631876832,0.6132589765454988,0.006056186642184442,0.6203790495509235,0.5,0.031817325286167
interior,1.9020000000000001,0.6196715055481758,0.6136455242628823,0.006025981285293547,0.6195272204300645,0.5,0.031688297738400734
interior,1.9040000000000001,0.6200276122040066,0.6140316856257579,0.005995926578248638,0.6214778646559367,0.5,0.03155980155835871
interior,1.9060000000000001,0.6203834827899675,0.6144174610202869,0.005966021769680474,0.6191385131795792,0.5,0.03143183449196242
interior,1.9080000000000001,0.6207391169442121,0.6148028508322448,0.005936266111967283,0.617862810186678,0.5,0.03130439429522754
interior,1.9100000000000001,0.6210945143082376,0.6151878554470215,0.00590665886121607,0.611894866232842,0.5,0.0311774787342145
interior,1.9120000000000001,0.6214496745268655,0.6155724752496214,0.005877199277244029,0.6191100677222076,0.5,0.03105108558497927
interior,1.9140000000000001,0.6218045972482248,0.6159567106246647,0.005847886623560022,0.6151676369706364,0.5,0.03092521263352439
interior,1.9160000000000001,0.6221592821237328,0.6163405619563866,0.005818720167346181,0.6301403939638366,0.5,0.030799857675750327
interior,1.9180000000000001,0.6225137288080781,0.6167240296286385,0.005789699179439583,0.6238911139714641,0.5,0.030675018517407105
interior,1.92,0.622867936959202,0.6171071140248879,0.005760822934314022,0.6251442770622149,0.5,0.030550692974046164
interior,1.922,0.6232219062382814,0.6174898155282196,0.005732090710061856,0.6208380164709856,0.5,0.03042687887097246
interior,1.924,0.6235756363097109,0.6178721345213349,0.005703501788375991,0.6187004831076685,0.5,0.030303574043196974
interior,1.926,0.6239291268410848,0.618254071386553,0.005675055454531892,0.6182337015476562,0.5,0.030180776335389313
interior,1.928,0.6242823775031802,0.6186356265058104,0.005646750997369733,0.6294867300700302,0.5,0.030058483601830673
interior,1.93,0.6246353879699393,0.6190168002606627,0.005618587709276609,0.6230584890509578,0.5,0.02993669370636703
interior,1.932,0.6249881579184523,0.6193975930322835,0.005590564886168853,0.6278800322851692,0.5,0.029815404522362605
interior,1.934,0.6253406870289401,0.6197780052014656,0.005562681827474426,0.6250010445088564,0.5,0.029694613932653574
interior,1.936,0.6256929749847366,0.6201580371486213,0.005534937836115409,0.6231794782085223,0.5,0.029574319829502038
interior,1.938,0.6260450214722729,0.6205376892537824,0.005507332218490573,0.631513670568546,0.5,0.029454520114550267
interior,1.94,0.6263968261810592,0.6209169618966012,0.0054798642844580405,0.621717366679238,0.5,0.029335212698775124
interior,1.942,0.6267483888036682,0.6212958554563502,0.005452533347318029,0.625900257951992,0.5,0.02921639550244286
interior,1.944,0.6270997090357189,0.6216743703119232,0.005425338723795686,0.6247373592337379,0.5,0.029098066455064048
interior,1.946,0.627450786575859,0.622052506841835,0.005398279734024009,0.6315228666163616,0.5,0.028980223495348827
interior,1.948,0.6278016211257488,0.622430265424222,0.005371355701526843,0.6302255277069087,0.5,0.02886286457116236
interior,1.95,0.628152212390045,0.622807646436843,0.005344565953201974,0.6308902796354483,0.5,0.02874598763948053
interior,1.952,0.6285025600763834,0.6231846502570791,0.005317909819304297,0.6300261765811669,0.5,0.028629590666345968
interior,1.954,0.6288526638953632,0.6235612772619341,0.005291386633429078,0.6298049555704344,0.5,0.028513671626824163
interior,1.956,0.6292025235605301,0.6239375278280348,0.005264995732495287,0.6316764702198782,0.5,0.028398228504959967
interior,1.958,0.6295521387883611,0.6243134023316321,0.005238736456729029,0.6337697353877001,0.5,0.028283259293734243
interior,1.96,0.6299015092982475,0.6246889011486004,0.005212608149647038,0.6256792770018872,0.5,0.028168761995020778
interior,1.962,0.6302506348124789,0.6250640246544387,0.005186610158040279,0.6302795042561556,0.5,0.028054734619543446
interior,1.964,0.6305995150562278,0.6254387732242702,0.0051607418319576095,0.6310565416751942,0.5,0.02794117518683358
interior,1.966,0.6309481497575334,0.6258131472328439,0.005135002524689526,0.6256962627552645,0.5,0.027828081725187588
interior,1.968,0.6312965386472855,0.6261871470545335,0.0051093915927520085,0.6294687484684272,0.5,0.027715452271624797
interior,1.97,0.6316446814592096,0.6265607730633391,0.005083908395870423,0.6319794106965196,0.5,0.02760328487184554
interior,1.972,0.6319925779298501,0.6269340256328866,0.005058552296963522,0.6312747044885865,0.5,0.027491577580189434
interior,1.974,0.6323402277985561,0.6273069051364286,0.005033322662127512,0.635659543899675,0.5,0.027380328459593956
interior,1.976,0.6326876308074649,0.6276794119468447,0.005008218860620206,0.6311507213386683,0.5,0.02726953558155313
interior,1.978,0.6330347867014872,0.6280515464366418,0.004983240264845264,0.6378069774427632,0.5,0.02715919702607657
interior,1.98,0.6333816952282908,0.6284233089779543,0.004958386250336485,0.6281911737510762,0.5,0.027049310881648633
interior,1.982,0.6337283561382872,0.6287946999425449,0.004933656195742213,0.6358288319211922,0.5,0.02693987524518786
interior,1.984,0.6340747691846141,0.6291657197018043,0.004909049482809796,0.6257429765638478,0.5,0.026830888222006622
interior,1.986,0.6344209341231228,0.6295363686267527,0.0048845654963701295,0.6225725818840717,0.5,0.026722347925770974
interior,1.988,0.634766850712361,0.6299066470880388,0.004860203624322278,0.6344876548958799,0.5,0.02661425247846071
interior,1.99,0.6351125187135592,0.6302765554559411,0.00483596325761817,0.6256362468581094,0.5,0.026506600010329676
interior,1.992,0.6354579378906153,0.630646094100368,0.004811843790247377,0.6457921639143286,0.5,0.026399388659866265
interior,1.994,0.6358031080100802,0.6310152633908582,0.004787844619221955,0.6410597874203454,0.5,0.026292616573754136
interior,1.996,0.6361480288411425,0.6313840636965812,0.0047639651445613804,0.6422161960822704,0.5,0.02618628190683314
interior,1.998,0.6364927001556147,0.6317524953863372,0.004740204769277545,0.6295491528623995,0.5,0.026080382822060464
interior,2.0,0.6368371217279175,0.6321205588285577,0.004716562899359826,0.6343187505248195,0.5,0.02597491749047195
broad,0.0,0.9,0.0,0.9,0.8957866509900705,0.02,18.000000000000004
broad,0.002,0.8964113340391029,3.999920001063195e-05,0.8963713348390923,0.9040982218255744,0.02,17.3063592724991
broad,0.004,0.8928372967125474,7.999680008530241e-05,0.8927572999124621,0.8884387810692439,0.02,16.661716670542273
broad,0.006,0.8892778290334851,0.00011999280028796022,0.8891578362331971,0.8924130323118628,0.02,16.061062178813305
broad,0.008,0.8857328722528934,0.00015998720068266525,0.8855728850522108,0.8801400585288728,0.02,15.50004629524146
broad,0.01,0.8822023678586177,0.00019998000133325533,0.8820023878572845,0.8857091692695048,0.02,14.974874652806161
broad,0.012,0.8786862575744159,0.00023997120230390134,0.878446286372112,0.8745079876257578,0.02,14.482222191949361
broad,0.014,0.8751844833590066,0.0002799608036584411,0.8749045225553481,0.873841704095593,0.02,14.019162778804724
broad,0.016,0.8716969874051232,0.0003199488054609345,0.8713770385996623,0.8658987093182324,0.02,13.583111120719813
broad,0.018000000000000002,0.8682237121385691,0.0003599352077753304,0.8678637769307938,0.8657055845135948,0.02,13.171774543283451
broad,0.02,0.8647646002172786,0.0003999200106655776,0.8643646802066131,0.8646656709847401,0.02,12.783112729290725
broad,0.022,0.861319594530381,0.00043990321419573597,0.8608796913161852,0.8588200336811833,0.02,12.415303927053772
broad,0.024,0.8578886381972681,0.0004798848184297544,0.8574087533788384,0.8585509685905605,0.02,12.06671644690912
broad,0.026000000000000002,0.8544716745666664,0.0005198648234315817,0.8539518097432348,0.859422169118157,0.02,11.735884504964355
broad,0.028,0.8510686472157117,0.0005598432292652777,0.8505088039864465,0.8477783611814717,0.02,11.421487659731671
broad,0.03,0.8476794999490288,0.0005998200359945693,0.8470796799130342,0.8450689530668162,0.02,11.122333233275562
broad,0.032,0.8443041767978141,0.0006397952436836274,0.8436643815541305,0.8490293904716583,0.02,10.837341223451466
broad,0.034,0.840942622018922,0.0006797688523964007,0.8402628531665256,0.8375699282827914,0.02,10.565531304891575
broad,0.036000000000000004,0.8375947800939553,0.0007197408621968382,0.8368750392317584,0.8356619712679115,0.02,10.306011588985998
broad,0.038,0.8342605957283586,0.0007597112731487776,0.8335008844552099,0.8288881897422103,0.02,10.057968871290617
broad,0.04,0.8309400138505167,0.0007996800853162789,0.8301403337652005,0.8317290285155874,0.02,9.820660141675253
broad,0.042,0.8276329796108546,0.0008396472987632908,0.8267933323120913,0.8281765348780465,0.02,9.5934051704958
broad,0.044,0.824339438380943,0.0008796129135536512,0.8234598254673894,0.8283166772598516,0.02,9.375580014974224
broad,0.046,0.8210593357526066,0.000919576929751531,0.8201397588228551,0.8200778347650982,0.02,9.166611315234363
broad,0.048,0.8177926175370359,0.000959539347420657,0.8168330781896153,0.8123112726318037,0.02,8.965971270188753
broad,0.05,0.8145392297639026,0.000999500166624978,0.8135397295972776,0.8123127542992543,0.02,8.773173200581622
broad,0.052000000000000005,0.8112991186804795,0.001039459387428554,0.810259659293051,0.8112798049281368,0.02,8.587767620661689
broad,0.054,0.8080722307507621,0.0010794170098953337,0.8069928137408667,0.8047144021663578,0.02,8.409338751735335
broad,0.056,0.8048585126545953,0.001119373034089155,0.8037391396205061,0.7955954513048077,0.02,8.237501420678118
broad,0.058,0.8016579112868035,0.0011593274600738557,0.8004985838267297,0.7950529469290338,0.02,8.071898294710953
broad,0.06,0.798470373756323,0.0011992802879136066,0.7972710934684094,0.8014755991421771,0.02,7.912197410661591
broad,0.062,0.7952958473853396,0.0012392315176721347,0.7940566158676675,0.795294869252161,0.02,7.7580899627612085
broad,0.064,0.7921342797084283,0.0012791811494134997,0.7908550985590148,0.7960060937126329,0.02,7.609288317955342
broad,0.066,0.7889856184716969,0.0013191291832015395,0.7876664892884954,0.7926106586780284,0.02,7.465524231890768
broad,0.068,0.7858498116319336,0.001359075619100203,0.7844907360128334,0.7785962346245751,0.02,7.326547242298057
broad,0.07,0.7827268073557571,0.0013990204571733278,0.7813277868985837,0.7783359643159948,0.02,7.192123219525825
broad,0.07200000000000001,0.7796165540187706,0.001438963697484863,0.7781775903212858,0.7833203964821652,0.02,7.06203305658053
broad,0.074,0.7765190002047202,0.0014789053400988683,0.7750400948646213,0.7768994689470058,0.02,6.936071483254489
broad,0.076,0.7734340947046536,0.0015188453850789596,0.7719152493195747,0.777472670410898,0.02,6.814045990841584
broad,0.078,0.7703617865160868,0.0015587838324893077,0.7688030026835975,0.7702967065827024,0.02,6.695775855593427
broad,0.08,0.7673020248421697,0.0015987206823936395,0.765703304159776,0.7708150359174409,0.02,6.581091250496943
broad,0.082,0.7642547590908579,0.0016386559348560148,0.7626161031560019,0.765913412279406,0.02,6.4698324361925925
broad,0.084,0.7612199388740871,0.0016785895899401604,0.759541349284147,0.7664051466398651,0.02,6.3618490229268145
broad,0.08600000000000001,0.75819751400695,0.0017185216477101362,0.7564789923592399,0.7584872307479605,0.02,6.256999296367722
broad,0.088,0.7551874345068778,0.001758452108229669,0.7534289823986481,0.7522562475969973,0.02,6.155149600928591
broad,0.09,0.7521896505928238,0.0017983809715627075,0.7503912696212611,0.7462341415984578,0.02,6.056173774956399
broad,0.092,0.7492041126844521,0.0018383082377732007,0.7473658044466789,0.7517302524332835,0.02,5.95995263276669
broad,0.094,0.7462307714013265,0.0018782339069249865,0.7443525374944016,0.7516887909667784,0.02,5.866373489053453
broad,0.096,0.7432695775621064,0.0019181579790820136,0.7413514195830244,0.7440314725282985,0.02,5.775329721683975
broad,0.098,0.740320482183743,0.001958080454308009,0.738362401729435,0.7362291529900503,0.02,5.686720369312165
broad,0.1,0.7373834364806798,0.001998001332666921,0.7353854351480129,0.7431872553158819,0.02,5.600449760617725
broad,0.10200000000000001,0.7344583918640573,0.002037920614222699,0.7324204712498346,0.7399871807341676,0.02,5.51642717230872
broad,0.10400000000000001,0.731545299940918,0.00207783829903907,0.7294674616418789,0.7301138679449988,0.02,5.4345665133174155
broad,0.106,0.7286441125134192,0.002117754387180093,0.7265263581262391,0.7349080953092324,0.02,5.354786032878446
broad,0.108,0.7257547815780442,0.0021576688787093845,0.7235971126993348,0.7252198193588564,0.02,5.277008050408395
broad,0.11,0.7228772593248196,0.002197581773691004,0.7206796775511286,0.7195498244326531,0.02,5.201158705310639
broad,0.112,0.720011498136535,0.00223749307218879,0.7177740050643462,0.7190928948063642,0.02,5.127167725011544
broad,0.114,0.7171574505879659,0.0022774027742665792,0.7148800478136993,0.7152089284178201,0.02,5.054968209696692
broad,0.116,0.7143150694450987,0.0023173108799880993,0.7119977585651106,0.7097127905881335,0.02,4.984496432361055
broad,0.11800000000000001,0.7114843076643617,0.0023572173894174098,0.7091270902749442,0.7144446791017405,0.02,4.915691652917076
broad,0.12,0.7086651183918552,0.0023971223026182376,0.706267996089237,0.7112956511933173,0.02,4.848495945220807
broad,0.122,0.7058574549625878,0.0024370256196545315,0.7034204293429333,0.7039528147047531,0.02,4.782854035980852
broad,0.124,0.7030612708997149,0.0024769273405900183,0.7005843435591249,0.7067915917126113,0.02,4.718713154608516
broad,0.126,0.7002765199137795,0.002516827465488536,0.697759692448291,0.7002812007632764,0.02,4.656022893151839
broad,0.128,0.6975031559019574,0.002556725994414033,0.6949464299075434,0.6976896305668279,0.02,4.59473507553225
broad,0.13,0.6947411329473038,0.0025966229274302366,0.6921445100198735,0.695667708226736,0.02,4.534803635370828
broad,0.132,0.6919904053180049,0.0026365182646010954,0.6893538870534038,0.6855980998098107,0.02,4.476184501753123
broad,0.134,0.6892509274666307,0.0026764120059903362,0.6865745154606404,0.688013312614578,0.02,4.418835492337076
broad,0.136,0.686522654029392,0.002716304151661908,0.6838063498777301,0.6851325999156785,0.02,4.362716213259282
broad,0.138,0.6838055398253997,0.0027561947016795374,0.6810493451237202,0.6826052800113032,0.02,4.307787965340378
broad,0.14,0.6810995398559277,0.0027960836561070623,0.6783034561998207,0.6785553397118208,0.02,4.254013656131936
broad,0.14200000000000002,0.6784046093036783,0.0028359710150083206,0.67556863828867,0.6773954381855422,0.02,4.2013577173847025
broad,0.14400000000000002,0.6757207035320504,0.00287585677844715,0.6728448467536032,0.6744180097531782,0.02,4.149786027552358
broad,0.146,0.6730477780844114,0.0029157409464872774,0.6701320371379241,0.6777578359594,0.02,4.099265838975926
broad,0.148,0.6703857886833717,0.0029556235191926516,0.6674301651641791,0.663684303893006,0.02,4.049765709422303
broad,0.15,0.6677346912300612,0.0029955044966269995,0.6647391867334342,0.6675069759512604,0.02,4.001255437676169
broad,0.152,0.6650944418034108,0.0030353838788541587,0.6620590579245567,0.6675894601520267,0.02,3.953706002908012
broad,0.154,0.6624649966594344,0.0030752616659379672,0.6593897349934964,0.6679510740223121,0.02,3.9070895075624863
broad,0.156,0.659846312230515,0.003115137857942152,0.6567311743725729,0.6581864713895373,0.02,3.8613791235309245
broad,0.158,0.6572383451246946,0.0031550124549306613,0.6540833326697639,0.6502068585816272,0.02,3.8165490413897993
broad,0.16,0.6546410521249653,0.0031948854569671115,0.6514461666679981,0.6525782913608104,0.02,3.7725744225032707
broad,0.162,0.6520543901885633,0.00323475686411534,0.6488196333244479,0.6529742504010397,0.02,3.729431353803055
broad,0.164,0.6494783164462679,0.003274626676439185,0.6462036897698287,0.6521683131765343,0.02,3.687096805072665
broad,0.166,0.6469127882017002,0.0033144948940024843,0.6435982933076977,0.6500669294058392,0.02,3.6455485885756262
broad,0.168,0.6443577629306273,0.0033543615168689644,0.6410034014137583,0.6444721563020142,0.02,3.604765320879039
broad,0.17,0.6418131982802678,0.0033942265451023523,0.6384189717351655,0.640101940070223,0.02,3.5647263867343977
broad,0.17200000000000001,0.6392790520686009,0.003434089978766597,0.6358449620898343,0.6360301024038809,0.02,3.525411904887529
broad,0.17400000000000002,0.6367552822836773,0.0034739518179253137,0.633281330465752,0.6443524012911939,0.02,3.4868026956984712
broad,0.176,0.6342418470829339,0.003513812062642452,0.6307280350202914,0.6343876759145141,0.02,3.4488802504605056
broad,0.178,0.6317387047925108,0.003553670712981627,0.6281850340795292,0.6258012022156548,0.02,3.411626702315221
broad,0.18,0.6292458139065713,0.003593527769006677,0.6256522861375646,0.6212051822637762,0.02,3.3750247986675603
broad,0.182,0.626763133086624,0.0036333832307813285,0.6231297498558427,0.6327824997859193,0.02,3.339057875011388
broad,0.184,0.6242906211608485,0.0036732370983694196,0.6206173840624791,0.6204755818472721,0.02,3.3037098300821377
broad,0.186,0.6218282371234235,0.003713089371834677,0.6181151477515888,0.6280996494559744,0.02,3.2689651022586923
broad,0.188,0.6193759401338569,0.0037529400512409383,0.615623000082616,0.6195378009750628,0.02,3.234808647141837
broad,0.19,0.6169336895163197,0.0037927891366518196,0.6131409003796678,0.618806598220409,0.02,3.20122591624141
broad,0.192,0.614501444758982,0.0038326366281312696,0.6106688081308508,0.6185521638686665,0.02,3.1682028367087076
broad,0.194,0.6120791655133518,0.003872482525742904,0.6082066829876089,0.6148485279891431,0.02,3.1357257920548363
broad,0.196,0.6096668115936167,0.00391232682955045,0.6057544847640662,0.612248535923809,0.02,3.103781603799489
broad,0.198,0.6072643429759873,0.003952169539617745,0.6033121734363696,0.6092775184618238,0.02,3.0723575139981834
broad,0.2,0.6048717197980445,0.003992010656008516,0.600879709142036,0.5962931009212558,0.02,3.0414411685993126
broad,0.202,0.602488902358089,0.004031850178786489,0.5984570521793026,0.5982850924458655,0.02,3.011020601585364
broad,0.20400000000000001,0.6001158511144928,0.004071688108015503,0.5960441630064773,0.6006491916150699,0.02,2.9810842198555547
broad,0.20600000000000002,0.5977525266850541,0.004111524443759174,0.5936410022412949,0.5972803148845245,0.02,2.951620788809751
broad,0.20800000000000002,0.5953988898463547,0.004151359186081227,0.5912475306602735,0.60399994749489,0.02,2.92261941859601
broad,0.21,0.5930549015331191,0.004191192335045502,0.5888637091980736,0.5953572864897739,0.02,2.8940695509863636
broad,0.212,0.5907205228375783,0.004231023890715613,0.5864894989468626,0.5885631079239982,0.02,2.865960946847649
broad,0.214,0.5883957150088327,0.00427085385315551,0.5841248611556772,0.584955500228147,0.02,2.8382836741760946
broad,0.216,0.5860804394522219,0.004310682222428697,0.5817697572297932,0.5843741481171632,0.02,2.811028096666334
broad,0.218,0.5837746577286924,0.004350508998598901,0.5794241487300935,0.5923426373802969,0.02,2.784184862787179
broad,0.22,0.5814783315541728,0.00439033418172996,0.5770879973724429,0.5792777926838897,0.02,2.757744895338151
broad,0.222,0.5791914227989469,0.004430157771885601,0.5747612650270613,0.5867370044155813,0.02,2.731699381462241
broad,0.224,0.5769138934870319,0.00446997976912944,0.5724439137179025,0.5722881640007108,0.02,2.7060397630918485
broad,0.226,0.5746457057955588,0.0045098001735253135,0.5701359056220335,0.5725644143405113,0.02,2.680757727806105
broad,0.228,0.5723868220541556,0.0045496189851368385,0.5678372030690187,0.5777865359219307,0.02,2.6558452000790913
broad,0.23,0.570137204744331,0.0045894362040277414,0.5655477685403033,0.569881512819178,0.02,2.631294332899562
broad,0.232,0.5678968164988636,0.004629251830261749,0.5632675646686018,0.5635653246197492,0.02,2.607097499743926
broad,0.234,0.5656656201011905,0.004669065863902588,0.5609965542372879,0.566222831180956,0.02,2.583247286885224
broad,0.23600000000000002,0.5634435784848016,0.004708878305013875,0.5587347001797878,0.562240528002317,0.02,2.5597364860218224
broad,0.23800000000000002,0.561230654732633,0.004748689153659447,0.5564819655789736,0.5616369159203874,0.02,2.536558087210389
broad,0.24,0.5590268120764654,0.004788498409902808,0.5542383136665626,0.5555861297142911,0.02,2.5137052720886444
broad,0.242,0.5568320138963235,0.004828306073807798,0.5520037078225157,0.5557847222808934,0.02,2.491171407374078
broad,0.244,0.5546462237198788,0.0048681121454381415,0.5497781115744407,0.5550977955124251,0.02,2.468950038625644
broad,0.246,0.5524694052218538,0.004907916624857456,0.5475614885969964,0.5496307520475948,0.02,2.447034884256074
broad,0.248,0.5503015222234293,0.004947719512129356,0.5453538027113,0.5538782135473531,0.02,2.4254198297831677
broad,0.25,0.5481425386916542,0.00498752080731768,0.5431550178843365,0.5473389629220765,0.02,2.404098922308996
broad,0.252,0.5459924187388568,0.005027320510486044,0.5409650982283708,0.5429572291218672,0.02,2.383066365216531
broad,0.254,0.5438511266220595,0.0050671186216980635,0.5387840080003614,0.5431345354477204,0.02,2.3623165130738086
broad,0.256,0.5417186267423952,0.005106915141017465,0.5366117116013778,0.549180170116959,0.02,2.34184386673618
broad,0.258,0.5395948836445268,0.005146710068507976,0.5344481735760188,0.5389338345178469,0.02,2.3216430686377425
broad,0.26,0.5374798620160676,0.0051865034042332114,0.5322933586118344,0.5311155259431187,0.02,2.3017088982634775
broad,0.262,0.5353735266870051,0.005226295148256899,0.5301472315387482,0.5330168167867003,0.02,2.282036267794046
broad,0.264,0.5332758426291282,0.005266085300642653,0.5280097573284855,0.5334319159633714,0.02,2.262620217915631
broad,0.266,0.5311867749554537,0.005305873861454091,0.5258809010939997,0.5251503853498148,0.02,2.2434559137875465
broad,0.268,0.5291062889196584,0.005345660830754939,0.5237606280889034,0.5330383615064463,0.02,2.224538641160752
broad,0.27,0.5270343499155107,0.005385446208608813,0.5216489037069019,0.5258790055102984,0.02,2.205863802640703
broad,0.272,0.5249709234763069,0.005425229995079439,0.5195456934812275,0.5211803809108794,0.02,2.1874269140883382
broad,0.274,0.5229159752743078,0.005465012190230434,0.5174509630840773,0.522701341336548,0.02,2.1692236011532553
broad,0.276,0.520869471120179,0.005504792794125413,0.5153646783260536,0.5193687040339534,0.02,2.151249595933475
broad,0.278,0.5188313769624324,0.0055445718068281025,0.5132868051556043,0.5144119479554276,0.02,2.1335007337564034
broad,0.28,0.5168016588868711,0.005584349228402119,0.511217309658469,0.5179126426092581,0.02,2.1159729500759203
broad,0.28200000000000003,0.5147802831160349,0.005624125058911078,0.5091561580571238,0.5201425200868441,0.02,2.0986622774807095
broad,0.28400000000000003,0.5127672160086495,0.005663899298418595,0.5071033167102309,0.5083998440809377,0.02,2.081564842809235
broad,0.28600000000000003,0.5107624240590778,0.005703671946988398,0.5050587521120894,0.5140546550210079,0.02,2.0646768643669255
broad,0.28800000000000003,0.5087658738967727,0.005743443004684101,0.5030224308920886,0.5080342969957018,0.02,2.047994649241385
broad,0.29,0.506777532285732,0.00578321247156921,0.5009943198141628,0.5020676919944437,0.02,2.0315145907116183
broad,0.292,0.5047973661239566,0.0058229803477075626,0.49897438577624914,0.5036621282526631,0.02,2.0152331657474583
broad,0.294,0.5028253424429098,0.005862746633162663,0.4969625958097471,0.4998649607427136,0.02,1.9991469325955389
broad,0.296,0.5008614284069796,0.005902511327998128,0.49495891707898143,0.4991471151031056,0.02,1.9832525284483644
broad,0.298,0.4989055913129421,0.005942274432277572,0.4929633168806645,0.4974615663847578,0.02,1.9675466671931219
broad,0.3,0.49695779858942885,0.005982035946064723,0.4909757626433641,0.4969089741907573,0.02,1.9520261372371073
broad,0.302,0.49501801779639365,0.0060217958694230855,0.48899622192697056,0.498894233005453,0.02,1.936687799406711
broad,0.304,0.49308621662458474,0.006061554202416386,0.48702466242216835,0.4969813000609377,0.02,1.921528584917103
broad,0.306,0.49116236289501625,0.006101310945108129,0.4850610519499081,0.4942690457268838,0.02,1.9065454934098356
broad,0.308,0.4892464245584434,0.006141066097561931,0.4831053584608815,0.49477303160830866,0.02,1.891735591055735
broad,0.31,0.48733836969483973,0.006180819659841519,0.4811575500349982,0.48568140889912603,0.02,1.8770960087205693
broad,0.312,0.4854381665128756,0.0062205716320103965,0.4792175948808652,0.48345789258422345,0.02,1.8626239401910727
broad,0.314,0.48354578334939935,0.00626032201413218,0.47728546133526717,0.4811055724246046,0.02,1.8483166404590226
broad,0.316,0.4816611886689207,0.006300070806270486,0.47536111786265023,0.480327627967334,0.02,1.8341714240611715
broad,0.318,0.4797843510630964,0.006339818008488818,0.4734445330546076,0.4802189409417803,0.02,1.8201856634729232
broad,0.32,0.4779152392502169,0.006379563620851014,0.4715356756293659,0.4802056538741083,0.02,1.8063567875537219
broad,0.322,0.47605382207469576,0.006419307643420358,0.4696345144312754,0.4739574646923114,0.02,1.7926822800422386
broad,0.324,0.474200068506562,0.006459050076260686,0.4677410184303013,0.4752524118326942,0.02,1.779159678099497
broad,0.326,0.4723539476409529,0.006498790919435504,0.4658551567215174,0.4678679091565854,0.02,1.7657865708981637
broad,0.328,0.47051542869760943,0.006538530173008317,0.4639768985246011,0.4704679326583021,0.02,1.752560598256308
broad,0.33,0.46868448102037463,0.0065782678370428505,0.4621062131833318,0.46641306422780227,0.02,1.739479449314005
broad,0.332,0.4668610740766929,0.00661800391160261,0.4602430701650903,0.4627528951482008,0.02,1.7265408612512267
broad,0.334,0.465045177457111,0.006657738396751101,0.4583874390603599,0.4678040207735145,0.02,1.7137426180455062
broad,0.336,0.46323676087478294,0.0066974712925520485,0.4565392895822309,0.46178280311231124,0.02,1.7010825492679784
broad,0.338,0.4614357941649745,0.006737202599068848,0.45469859156590564,0.4681801408925592,0.02,1.688558528916384
broad,0.34,0.459642247284572,0.006776932316365336,0.45286531496820664,0.4639768065545998,0.02,1.676168474283747
broad,0.342,0.45785609031159075,0.006816660444504796,0.45103942986708595,0.45702567388718,0.02,1.6639103448614427
broad,0.34400000000000003,0.45607729344468745,0.006856386983550955,0.4492209064611365,0.4520252015417694,0.02,1.651782141275451
broad,0.34600000000000003,0.4543058270026738,0.006896111933567317,0.4474097150691065,0.4573944793349016,0.02,1.6397819042546338
broad,0.34800000000000003,0.45254166142403174,0.006935835294617387,0.44560582612941435,0.4517096668217384,0.02,1.627907713629901
broad,0.35000000000000003,0.4507847672664311,0.0069755570667648925,0.4438092101996662,0.4518757339820799,0.02,1.6161576873632109
broad,0.352,0.44903511520624884,0.007015277250073226,0.4420198379561756,0.45147317812492804,0.02,1.6045299806053586
broad,0.354,0.44729267603809086,0.007054995844606116,0.44023768019348475,0.44722849119266184,0.02,1.5930227847815694
broad,0.356,0.445557420674315,0.007094712850426843,0.43846270782388813,0.44150443495826563,0.02,1.581634326703941
broad,0.358,0.4438293201445564,0.0071344282675992465,0.43669489187695715,0.4375022904469553,0.02,1.5703628677098194
broad,0.36,0.44210834559525447,0.007174142096186609,0.43493420349906786,0.44401585474521316,0.02,1.5592067028252297
broad,0.362,0.44039446828918244,0.007213854336252656,0.4331806139529298,0.4387595674291098,0.02,1.5481641599525169
broad,0.364,0.43868765960497774,0.007253564987860894,0.43143409461711685,0.4425189242833118,0.02,1.5372335990813817
broad,0.366,0.436987891036675,0.007293274051074827,0.4296946169856002,0.4343936701862893,0.02,1.5264134115225247
broad,0.368,0.43529513419324123,0.007332981525958071,0.42796215266728316,0.43694243217462814,0.02,1.5157020191631614
broad,0.37,0.4336093607981117,0.007372687412573908,0.4262366733855378,0.43333544496642795,0.02,1.5050978737436616
broad,0.372,0.43193054268872905,0.007412391710986177,0.42451815097774287,0.4328309014159507,0.02,1.4945994561546376
broad,0.374,0.43025865181608336,0.007452094421258271,0.4228065573948251,0.4277017034434124,0.02,1.4842052757537973
broad,0.376,0.4285936602442544,0.007491795543453694,0.4211018647008007,0.4354880515764872,0.02,1.4739138697019203
broad,0.378,0.4269355401499554,0.007531495077635952,0.41940404507231943,0.42801761012721684,0.02,1.4637238023173382
broad,0.38,0.4252842638220795,0.007571193023868661,0.41771307079821085,0.42669722826197065,0.02,1.4536336644483152
broad,0.382,0.4236398036612468,0.0076108893822152135,0.4160289142790316,0.4245106732291385,0.02,1.443642072862757
broad,0.384,0.42200213217935456,0.007650584152739226,0.41435154802661534,0.4250276628786353,0.02,1.4337476696546911
broad,0.386,0.4203712219991279,0.007690277335504203,0.4126809446636237,0.4182683223904109,0.02,1.423949121666981
broad,0.388,0.41874704585367345,0.007729968930573539,0.4110170769230999,0.421019088916229,0.02,1.4142451199297619
broad,0.39,0.41712957658603406,0.007769658938010848,0.4093599176480232,0.41341493264930146,0.02,1.404634379114096
broad,0.392,0.4155187871487456,0.007809347357879637,0.407709439790866,0.41353298734959215,0.02,1.3951156370003792
broad,0.394,0.41391465060339566,0.007849034190243409,0.40606561641315225,0.41663232624994956,0.02,1.3856876539610186
broad,0.396,0.41231714012018345,0.00788871943516567,0.4044284206850178,0.4105794593312802,0.02,1.3763492124569534
broad,0.398,0.41072622897748234,0.007928403092709813,0.40279782588477253,0.4093259882316148,0.02,1.3670991165475803
broad,0.4,0.40914189056140354,0.007968085162939342,0.4011738053984642,0.41013101049064826,0.02,1.357936191413669
broad,0.402,0.40756409836536184,0.008007765645917875,0.39955633271944396,0.40723942317463746,0.02,1.3488592828928683
broad,0.404,0.40599282598964265,0.008047444541708915,0.39794538144793373,0.40559725517113204,0.02,1.3398672570274208
broad,0.406,0.4044280471409714,0.008087121850375745,0.39634092529059567,0.4057927748512878,0.02,1.3309589996237086
broad,0.40800000000000003,0.40286973563208434,0.00812679757198198,0.39474293806010236,0.4014691213048664,0.02,1.3221334158232703
broad,0.41000000000000003,0.4013178653813011,0.008166471706591127,0.39315139367470997,0.40351470273154844,0.02,1.3133894296849475
broad,0.41200000000000003,0.39977241041209904,0.008206144254266579,0.39156626615783247,0.400724352247084,0.02,1.304725983777822
broad,0.41400000000000003,0.3982333448526892,0.00824581521507195,0.38998752963761724,0.39661645648662813,0.02,1.296142038784616
broad,0.41600000000000004,0.3967006429355938,0.008285484589070524,0.3884151583465233,0.39847146071963924,0.02,1.2876365731152515
broad,0.418,0.39517427899722646,0.008325152376326028,0.38684912662090043,0.3918838318813943,0.02,1.2792085825302606
broad,0.42,0.39365422747747225,0.008364818576901634,0.3852894089005706,0.3945912105629103,0.02,1.2708570797737553
broad,0.422,0.39214046291927124,0.008404483190860956,0.3837359797284103,0.38907289705815407,0.02,1.2625810942156757
broad,0.424,0.390632959968203,0.008444146218267501,0.3821888137499355,0.3900612059397492,0.02,1.2543796715030493
broad,0.426,0.38913169337207226,0.008483807659184661,0.3806478857128876,0.39077042515342325,0.02,1.2462518732199852
broad,0.428,0.3876366379804973,0.008523467513675942,0.37911317046682136,0.38785231486416816,0.02,1.2381967765561626
broad,0.43,0.3861477687444991,0.008563125781804737,0.37758464296269434,0.38742652270052413,0.02,1.2302134739835588
broad,0.432,0.38466506071609274,0.00860278246363455,0.3760622782524582,0.3866066010274565,0.02,1.2223010729411812
broad,0.434,0.38318848904787994,0.008642437559228777,0.37454605148865117,0.3829581032118583,0.02,1.214458695527572
broad,0.436,0.3817180289926438,0.008682091068650921,0.37303593792399287,0.38167755627416455,0.02,1.206685478200866
broad,0.438,0.3802536559029447,0.008721742991964487,0.3715319129109802,0.37947384423367475,0.02,1.1989805714861834
broad,0.44,0.3787953452307179,0.008761393329232758,0.37003395190148514,0.38325431073154026,0.02,1.1913431396901468
broad,0.442,0.37734307252687327,0.008801042080519239,0.36854203044635403,0.37678334759192617,0.02,1.1837723606223267
broad,0.444,0.37589681344089604,0.008840689245887434,0.3670561241950086,0.3766906139754261,0.02,1.1762674253234169
broad,0.446,0.374456543720449,0.008880334825400737,0.36557620889504827,0.3748837887363901,0.02,1.168827537799947
broad,0.448,0.37302223921097727,0.008919978819122543,0.3641022603918547,0.3736757699632357,0.02,1.1614519147653617
broad,0.45,0.37159387585531356,0.008959621227116354,0.3626342546281972,0.37099527512122166,0.02,1.15413978538727
broad,0.452,0.3701714296932859,0.008999262049445567,0.36117216764384036,0.36978602411069517,0.02,1.1468903910407133
broad,0.454,0.36875487686132646,0.009038901286173573,0.3597159755751529,0.369176886917244,0.02,1.1397029850672746
broad,0.456,0.3673441935920816,0.009078538937363767,0.3582656546547178,0.3665987566180622,0.02,1.132576832539867
broad,0.458,0.3659393562140248,0.009118175003079654,0.35682118121094514,0.3697703670444162,0.02,1.1255112100330542
broad,0.46,0.36454034115106954,0.009157809483384627,0.3553825316676849,0.36198427390568766,0.02,1.118505405398743
broad,0.462,0.3631471249221851,0.009197442378342191,0.3539496825438429,0.3604841968390741,0.02,1.1115587175471102
broad,0.464,0.36175968414101267,0.009237073688015518,0.35252261045299715,0.3622899201500662,0.02,1.1046704562326126
broad,0.466,0.36037799551548416,0.009276703412468223,0.35110129210301594,0.361435088538772,0.02,1.097839941844951
broad,0.468,0.3590020358474419,0.009316331551763701,0.3496857042956782,0.36023606673119896,0.02,1.0910665052048518
broad,0.47000000000000003,0.35763178203225987,0.009355958105965234,0.34827582392629464,0.3534256630796286,0.02,1.0843494873645354
broad,0.47200000000000003,0.35626721105846665,0.009395583075136327,0.3468716279833303,0.3508295263188,0.02,1.0776882394127503
broad,0.47400000000000003,0.3549083000073701,0.009435206459340373,0.34547309354802974,0.3544837542561628,0.02,1.0710821222842482
broad,0.47600000000000003,0.3535550260526829,0.009474828258640655,0.34408019779404225,0.3525471137669699,0.02,1.0645305065735835
broad,0.47800000000000004,0.35220736646015016,0.00951444847310079,0.3426929179870494,0.35405755142109424,0.02,1.0580327723531242
broad,0.48,0.35086529858717846,0.009554067102783947,0.3413112314843945,0.34950395102894544,0.02,1.0515883089951632
broad,0.482,0.34952879988246605,0.009593684147753745,0.3399351157347123,0.34770351147975576,0.02,1.0451965149980174
broad,0.484,0.34819784788563474,0.009633299608073242,0.3385645482775615,0.34869772371365726,0.02,1.0388567978160246
broad,0.486,0.346872420226864,0.009672913483806167,0.3371995067430578,0.34705348216214976,0.02,1.0325685736933177
broad,0.488,0.34555249462652476,0.00971252577501569,0.3358399688515091,0.34622061186535663,0.02,1.0263312675012932
broad,0.49,0.3442380488948168,0.009752136481765317,0.3344859124130515,0.3435350427021416,0.02,1.0201443125796739
broad,0.492,0.3429290609314057,0.00979174560411833,0.33313731532728735,0.3448170469667478,0.02,1.0140071505810722
broad,0.494,0.34162550872506264,0.009831353142138122,0.3317941555829245,0.34077860026618256,0.02,1.0079192313189644
broad,0.496,0.34032737035330524,0.009870959095888088,0.33045641125741715,0.3375121285605534,0.02,1.0018800126189922
broad,0.498,0.3390346239820393,0.00991056346543151,0.3291240605166078,0.33656552314102467,0.02,0.9958889601735036
broad,0.5,0.33774724786520294,0.009950166250831893,0.32779708161437104,0.34054296198430867,0.02,0.989945547399251
broad,0.502,0.336465220344411,0.009989767452152631,0.3264754528922584,0.33356222115273987,0.02,0.9840492552981687
broad,0.504,0.33518851984860226,0.010029367069456896,0.32515915277914537,0.3382722190836717,0.02,0.9781995723211541
broad,0.506,0.33391712489368686,0.010068965102808192,0.32384815979087866,0.329737408556642,0.02,0.9723959942347695
broad,0.508,0.3326510140821959,0.010108561552269801,0.3225424525299261,0.3321402923779502,0.02,0.9666380239908027
broad,0.51,0.3313901661029322,0.010148156417905119,0.3212420096850271,0.3284362328316487,0.02,0.9609251715986042
broad,0.512,0.33013455973062217,0.010187749699777426,0.31994681003084474,0.32919038663815403,0.02,0.9552569540001413
broad,0.514,0.32888417382557,0.01022734139795023,0.3186568324276198,0.33117519596481865,0.02,0.9496328949476972
broad,0.516,0.3276389873333116,0.010266931512486699,0.3173720558208249,0.3268409015993874,0.02,0.9440525248841479
broad,0.518,0.3263989792842722,0.01030652004345034,0.31609245924082185,0.3287544732038427,0.02,0.9385153808257626
broad,0.52,0.3251641287934231,0.010346106990904436,0.31481802180251867,0.32524521812674306,0.02,0.9330210062474535
broad,0.522,0.32393441505994114,0.010385692354912157,0.313548722705029,0.3222522386719665,0.02,0.9275689509704262
broad,0.524,0.32270981736686954,0.01042527613553712,0.3122845412313324,0.32312917589793133,0.02,0.9221587710521661
broad,0.526,0.3214903150807791,0.010464858332842497,0.3110254567479366,0.32102248300606656,0.02,0.9167900286787071
broad,0.528,0.32027588765143183,0.01050443894689157,0.30977144870454026,0.32274731067555246,0.02,0.9114622920591255
broad,0.53,0.3190665146114457,0.010544017977747844,0.30852249663369785,0.31898804779726847,0.02,0.9061751353222078
broad,0.532,0.31786217557596014,0.01058359542547449,0.30727858015048565,0.31209238392367517,0.02,0.9009281384152389
broad,0.534,0.31666285024230356,0.010623171290134903,0.30603967895216866,0.31295339699761493,0.02,0.8957208870048609
broad,0.536,0.31546851838966194,0.010662745571792365,0.3048057728178696,0.3166037566589163,0.02,0.8905529723799522
broad,0.538,0.31427915987874894,0.01070231827051027,0.30357684160823867,0.31908236611407004,0.02,0.8854239913564808
broad,0.54,0.31309475465147685,0.010741889386351788,0.30235286526512506,0.31194720011933696,0.02,0.8803335461842827
broad,0.542,0.3119152827306297,0.010781458919380427,0.30113382381124926,0.31642485938982967,0.02,0.8752812444557226
broad,0.544,0.3107407242195365,0.010821026869659356,0.29991969734987717,0.3074749539210764,0.02,0.870266699016191
broad,0.546,0.3095710593017475,0.01086059323725197,0.29871046606449553,0.31013726736733743,0.02,0.8652895278763958
broad,0.548,0.3084062682407095,0.010900158022221551,0.29750611021848794,0.30758373149239276,0.02,0.8603493541264052
broad,0.55,0.30724633137944474,0.010939721224631271,0.29630661015481347,0.3092371506241095,0.02,0.8554458058514035
broad,0.552,0.3060912291402298,0.010979282844544636,0.29511194629568516,0.30748005282130375,0.02,0.8505785160491173
broad,0.554,0.3049409420242757,0.011018842882024815,0.29392209914225087,0.30440289256651504,0.02,0.8457471225488767
broad,0.556,0.30379545061141006,0.011058401337135204,0.29273704927427485,0.30237277428695825,0.02,0.8409512679322704
broad,0.558,0.3026547355597599,0.011097958209938974,0.29155677734982094,0.30085027995806324,0.02,0.8361905994553614
broad,0.56,0.30151877760543616,0.011137513500499518,0.29038126410493664,0.3026779319706248,0.02,0.8314647689724253
broad,0.562,0.3003875575622189,0.01117706720888001,0.2892104903533389,0.304038790486404,0.02,0.8267734328611784
broad,0.5640000000000001,0.29926105632124467,0.01121661933514384,0.2880444369861008,0.294480408921548,0.02,0.8221162519494595
broad,0.5660000000000001,0.2981392548506943,0.011256169879354294,0.28688308497134,0.2968551415021674,0.02,0.8174928914433355
broad,0.5680000000000001,0.29702213419548207,0.011295718841574653,0.2857264153539074,0.29815675683211385,0.02,0.8129030208565953
broad,0.5700000000000001,0.29590967547694685,0.01133526622186809,0.28457440925507876,0.3014650587731864,0.02,0.8083463139416035
broad,0.5720000000000001,0.29480185989254354,0.011374812020297997,0.28342704787224554,0.2967769334055217,0.02,0.8038224486214828
broad,0.5740000000000001,0.2936986687155365,0.011414356236927548,0.28228431247860897,0.2959072003912499,0.02,0.7993311069235935
broad,0.5760000000000001,0.29260008329469356,0.011453898871820134,0.2811461844228734,0.2894237558238011,0.02,0.7948719749142837
broad,0.578,0.2915060850539819,0.011493439925038929,0.28001264512894297,0.29208425140948113,0.02,0.790444742634883
broad,0.58,0.2904166554922646,0.011532979396647214,0.27888367609561737,0.2934177437183149,0.02,0.7860491040389045
broad,0.582,0.2893317761829989,0.011572517286708273,0.2777592588962906,0.2888168287586643,0.02,0.7816847569304416
broad,0.584,0.2882514287739353,0.011612053595285277,0.27663937517865,0.28928674620261624,0.02,0.7773514029037204
broad,0.586,0.28717559498681827,0.01165158832244173,0.27552400666437654,0.2867497094801784,0.02,0.7730487472837901
broad,0.588,0.2861042566170874,0.011691121468240584,0.2744131351488468,0.2842116130456036,0.02,0.7687764990683232
broad,0.59,0.28503739553358093,0.011730653032745342,0.2733067425008356,0.28879938574268516,0.02,0.7645343708705047
broad,0.592,0.2839749936782391,0.011770183016019065,0.27220481066222,0.2820856137264597,0.02,0.7603220788629805
broad,0.594,0.2829170330658101,0.011809711418125146,0.271107321647685,0.28348872688280136,0.02,0.7561393427228505
broad,0.596,0.2818634957835562,0.011849238239126758,0.2700142575444294,0.28282939886615976,0.02,0.7519858855776758
broad,0.598,0.2808143639909611,0.011888763479087072,0.26892560051187403,0.28132209741349723,0.02,0.7478614339524826
broad,0.6,0.2797696199194395,0.011928287138069482,0.26784133278137,0.28128991811282383,0.02,0.7437657177177417
broad,0.602,0.27872924587204606,0.01196780921613716,0.2667614366559089,0.2782996465592899,0.02,0.7396984700382992
broad,0.604,0.2776932242231877,0.012007329713353276,0.26568589450983443,0.2755662991281692,0.02,0.7356594273232445
broad,0.606,0.2766615374183351,0.012046848629781115,0.264614688788554,0.2752388496187043,0.02,0.731648329176686
broad,0.608,0.27563416797373624,0.012086365965483958,0.2635478020082523,0.2763857637127896,0.02,0.727664918349425
broad,0.61,0.27461109847613147,0.012125881720524978,0.2624852167556065,0.27692685475255324,0.02,0.7237089406915046
broad,0.612,0.27359231158246894,0.012165395894967346,0.2614269156875016,0.2729268425223911,0.02,0.7197801451056127
broad,0.614,0.2725777900196218,0.012204908488874455,0.26037288153074734,0.27158741547353116,0.02,0.7158782835013265
broad,0.616,0.2715675165841058,0.012244419502309367,0.2593230970817964,0.27060079012834753,0.02,0.7120031107501762
broad,0.618,0.27056147414179904,0.012283928935335364,0.2582775452064637,0.27142182786358193,0.02,0.708154384641514
broad,0.62,0.2695596456276621,0.012323436788015618,0.2572362088396465,0.269092169566894,0.02,0.7043318658391695
broad,0.622,0.2685620140454593,0.0123629430604133,0.256199070985046,0.26865400168357984,0.02,0.7005353178388768
broad,0.624,0.2675685624674818,0.012402447752591805,0.25516611471489,0.26470863927570454,0.02,0.6967645069264554
broad,0.626,0.2665792740342707,0.012441950864614193,0.2541373231696565,0.26746768404906973,0.02,0.6930192021367326
broad,0.628,0.26559413195434234,0.012481452396543746,0.2531126795577986,0.2681150490400926,0.02,0.6892991752131881
broad,0.63,0.26461311950391386,0.012520952348443526,0.25209216715547034,0.26307787913322134,0.02,0.6856042005683076
broad,0.632,0.26363622002663084,0.012560450720376926,0.2510757693062539,0.26284787791004016,0.02,0.681934055244635
broad,0.634,0.2626634169332945,0.012599947512407006,0.2500634694208875,0.26340804566890097,0.02,0.6782885188764999
broad,0.636,0.26169469370159193,0.012639442724596939,0.24905525097699496,0.26138781636371217,0.02,0.6746673736524166
broad,0.638,0.2607300338758257,0.012678936357010118,0.2480510975188156,0.25938452571445453,0.02,0.6710704042781329
broad,0.64,0.2597694210666457,0.012718428409709492,0.2470509926569362,0.2568449711336624,0.02,0.6674973979403224
broad,0.642,0.2588128389507812,0.012757918882758346,0.2460549200680229,0.2580327975327625,0.02,0.6639481442709005
broad,0.644,0.2578602712707753,0.01279740777621996,0.24506286349455536,0.25858988659342663,0.02,0.6604224353119583
broad,0.646,0.2569117018347182,0.012836895090157285,0.2440748067445609,0.25792833231220785,0.02,0.656920065481296
broad,0.648,0.2559671145159843,0.012876380824633715,0.24309073369135056,0.25356813214383767,0.02,0.6534408315385488
broad,0.65,0.2550264932529681,0.012915864979712421,0.24211062827325572,0.2530470263389716,0.02,0.6499845325518895
broad,0.652,0.2540898220488226,0.012955347555456465,0.2411344744933661,0.2553916944323235,0.02,0.6465509698652999
broad,0.654,0.25315708497119743,0.012994828551929016,0.24016225641926842,0.25219569793333696,0.02,0.6431399470663959
broad,0.656,0.25222826615197996,0.01303430796919336,0.2391939581827866,0.2529973285004284,0.02,0.6397512699547995
broad,0.658,0.2513033497870352,0.013073785807312555,0.23822956397972267,0.25275322676381917,0.02,0.6363847465110439
broad,0.66,0.2503823201359485,0.013113262066349773,0.23726905806959878,0.2485681202191181,0.02,0.6330401868660014
broad,0.662,0.2494651615217687,0.013152736746368299,0.2363124247754004,0.2479490730899078,0.02,0.6297174032708261
broad,0.664,0.24855185833075139,0.013192209847431191,0.2353596484833202,0.25001672103760425,0.02,0.6264162100673986
broad,0.666,0.24764239501210514,0.013231681369601511,0.23441071364250363,0.24875695882484325,0.02,0.6231364236592656
broad,0.668,0.24673675607773726,0.013271151312942653,0.2334656047647946,0.2428654921136476,0.02,0.6198778624830615
broad,0.67,0.24583492610200075,0.013310619677517566,0.23252430642448318,0.24458074611593303,0.02,0.6166403469804067
broad,0.672,0.24493688972144292,0.013350086463389532,0.2315868032580534,0.2440977349549913,0.02,0.6134236995702694
broad,0.674,0.24404263163455428,0.013389551670621502,0.23065307996393278,0.24455055706756929,0.02,0.6102277446217846
broad,0.676,0.24315213660151944,0.01342901529927687,0.22972312130224257,0.24296714846378323,0.02,0.6070523084275216
broad,0.678,0.2422653894439674,0.013468477349418695,0.2287969120945487,0.24339638084978174,0.02,0.6038972191771876
broad,0.68,0.24138237504472454,0.013507937821110039,0.2278744372236145,0.24032104587597033,0.02,0.6007623069317666
broad,0.682,0.24050307834756757,0.013547396714413962,0.2269556816331536,0.24102216768426296,0.02,0.5976474035980754
broad,0.684,0.23962748435697823,0.013586854029393858,0.22604063032758437,0.23922656405421575,0.02,0.5945523429037393
broad,0.686,0.23875557813789774,0.013626309766112676,0.22512926837178507,0.24019087967153668,0.02,0.5914769603725694
broad,0.6880000000000001,0.23788734481548382,0.01366576392463359,0.22422158089085023,0.23913039401538935,0.02,0.5884210933003432
broad,0.6900000000000001,0.23702276957486737,0.013705216505019768,0.2233175530698476,0.23514933999902668,0.02,0.585384580730973
broad,0.6920000000000001,0.2361618376609111,0.013744667507334274,0.22241717015357682,0.23531712957372222,0.02,0.5823672634330613
broad,0.6940000000000001,0.23530453437796817,0.013784116931640278,0.2215204174463279,0.23808096271644197,0.02,0.5793689838768298
broad,0.6960000000000001,0.2344508450896428,0.01382356477800073,0.22062728031164208,0.2342484957293088,0.02,0.5763895862114214
broad,0.6980000000000001,0.23360075521855142,0.013863011046479023,0.2197377441720724,0.23137447038343642,0.02,0.573428916242563
broad,0.7000000000000001,0.23275425024608418,0.013902455737138109,0.21885179450894607,0.23423910056920963,0.02,0.5704868214105844
broad,0.7020000000000001,0.2319113157121685,0.013941898850041046,0.21796941686212745,0.23215026893716414,0.02,0.5675631507687885
broad,0.704,0.23107193721503302,0.013981340385251118,0.2170905968297819,0.23194064684944846,0.02,0.564657754962162
broad,0.706,0.23023610041097214,0.014020780342831274,0.21621532006814087,0.22770784021453627,0.02,0.5617704862064248
broad,0.708,0.22940379101411243,0.014060218722844686,0.21534357229126774,0.22887841759711447,0.02,0.5589011982674094
broad,0.71,0.22857499479617918,0.014099655525354526,0.21447533927082466,0.2290368675023421,0.02,0.5560497464407637
broad,0.712,0.22774969758626404,0.014139090750423744,0.2136106068358403,0.22694547736470336,0.02,0.5532159875319741
broad,0.714,0.22692788527059404,0.01417852439811551,0.21274936087247853,0.22877370090833046,0.02,0.5503997798366999
broad,0.716,0.226109543792301,0.014217956468492887,0.2118915873238081,0.22531564238274684,0.02,0.5476009831214148
broad,0.718,0.22529465915119232,0.014257386961619045,0.21103727218957327,0.22597037387122518,0.02,0.5448194586043509
broad,0.72,0.22448321740352215,0.014296815877557045,0.2101864015259651,0.22181470851162846,0.02,0.5420550689367368
broad,0.722,0.22367520466176397,0.014336243216369837,0.20933896144539413,0.22297472448696895,0.02,0.5393076781843288
broad,0.724,0.22287060709438425,0.014375668978120704,0.20849493811626355,0.2230903044604355,0.02,0.5365771518092245
broad,0.726,0.22206941092561608,0.014415093162872705,0.20765431776274337,0.2212697081870224,0.02,0.5338633566519594
broad,0.728,0.22127160243523458,0.01445451577068868,0.2068170866645459,0.21867533446156093,0.02,0.531166160913877
broad,0.73,0.22047716795833336,0.014493936801632024,0.20598323115670134,0.2216461328860786,0.02,0.5284854341397693
broad,0.732,0.21968609388510082,0.014533356255765684,0.20515273762933514,0.2220304327099785,0.02,0.5258210472007837
broad,0.734,0.21889836666059842,0.01457277413315261,0.2043255925274458,0.2152888264364524,0.02,0.5231728722775899
broad,0.736,0.2181139727845393,0.014612190433855976,0.20350178235068334,0.21836906615568052,0.02,0.5205407828438027
broad,0.738,0.21733289881106832,0.014651605157938952,0.20268129365312937,0.21798703340105446,0.02,0.5179246536496572
broad,0.74,0.21655513134854168,0.014691018305464376,0.2018641130430773,0.21602673228922104,0.02,0.5153243607059307
broad,0.742,0.21578065705930952,0.014730429876495532,0.20105022718281398,0.2154808002146885,0.02,0.5127397812681067
broad,0.744,0.21500946265949714,0.014769839871095258,0.20023962278840188,0.21648724406138067,0.02,0.5101707938207785
broad,0.746,0.21424153491878917,0.014809248289326837,0.19943228662946233,0.21551489453106032,0.02,0.5076172780622867
broad,0.748,0.21347686066021263,0.014848655131253108,0.19862820552895952,0.2130202347925693,0.02,0.5050791148895869
broad,0.75,0.2127154267599229,0.014888060396937353,0.19782736636298554,0.2130194721583084,0.02,0.5025561863833433
broad,0.752,0.21195722014698848,0.01492746408644241,0.19702975606054607,0.21571546426532953,0.02,0.500048375793245
broad,0.754,0.21120222780317854,0.014966866199831452,0.1962353616033471,0.21074598934076974,0.02,0.49755556752354085
broad,0.756,0.21045043676274983,0.015006266737167429,0.1954441700255824,0.2118512011771123,0.02,0.4950776471187883
broad,0.758,0.20970183411223547,0.01504566569851351,0.19465616841372196,0.2104700624280179,0.02,0.4926145012498141
broad,0.76,0.20895640699023374,0.015085063083932537,0.1938713439063012,0.20952657892961396,0.02,0.4901660176998808
broad,0.762,0.20821414258719878,0.015124458893487791,0.193089683693711,0.20600122582289657,0.02,0.4877320853510592
broad,0.764,0.20747502814523078,0.01516385312724211,0.19231117501798867,0.20601628104328898,0.02,0.4853125941707988
broad,0.766,0.20673905095786832,0.015203245785258557,0.19153580517260976,0.2071266323090245,0.02,0.48290743519869633
broad,0.768,0.20600619836988085,0.015242636867600301,0.19076356150228055,0.2051345553678567,0.02,0.48051650053345746
broad,0.77,0.20527645777706183,0.015282026374330182,0.18999443140273164,0.20371497406501723,0.02,0.478139683320049
broad,0.772,0.20454981662602342,0.015321414305511372,0.18922840232051205,0.2044362169031995,0.02,0.475776877737037
broad,0.774,0.20382626241399143,0.01536080066120682,0.1884654617527846,0.2036483995032279,0.02,0.4734279789841101
broad,0.776,0.20310578268860105,0.015400185441479475,0.18770559724712158,0.19963312733578886,0.02,0.47109288326978194
broad,0.778,0.20238836504769403,0.01543956864639251,0.18694879640130152,0.20266963924673176,0.02,0.4687714877992729
broad,0.78,0.2016739971391158,0.015478950276008763,0.18619504686310703,0.20122514719417378,0.02,0.46646369076256494
broad,0.782,0.20096266666051427,0.015518330330391406,0.18544433633012286,0.1999304722160306,0.02,0.46416939132262897
broad,0.784,0.20025436135913857,0.015557708809603277,0.1846966525495353,0.20000137814916336,0.02,0.46188848960382084
broad,0.786,0.19954906903163985,0.015597085713707659,0.1839519833179322,0.19892172811653258,0.02,0.45962088668044376
broad,0.788,0.19884677752387092,0.01563646104276728,0.18321031648110364,0.19875272808632538,0.02,0.4573664845654728
broad,0.79,0.19814747473068897,0.0156758347968452,0.18247163993384377,0.19943933912223122,0.02,0.4551251861994415
broad,0.792,0.1974511485957575,0.01571520697600448,0.181735941619753,0.1980109253366702,0.02,0.452896895439485
broad,0.794,0.19675778711134959,0.01575457758030807,0.18100320953104151,0.19727666780996547,0.02,0.45068151704853965
broad,0.796,0.19606737831815185,0.015793946609819032,0.18027343170833282,0.19513911280251275,0.02,0.4484789566846935
broad,0.798,0.19537991030506943,0.015833314064600312,0.17954659624046912,0.19567571045090149,0.02,0.4462891208906894
broad,0.8,0.19469537120903135,0.015872679944714863,0.1788226912643165,0.19603828841848453,0.02,0.44411191708357395
broad,0.802,0.1940137492147971,0.015912044250225743,0.17810170496457137,0.19538319952789465,0.02,0.44194725354449216
broad,0.804,0.19333503255476367,0.015951406981195904,0.17738362557356777,0.19279924579175983,0.02,0.43979503940862574
broad,0.806,0.19265920950877338,0.015990768137688183,0.1766684413710852,0.19319544465830732,0.02,0.4376551846552712
broad,0.808,0.1919862684039231,0.016030127719765863,0.17595614068415724,0.19215739480492938,0.02,0.4355276000980564
broad,0.81,0.19131619761437288,0.016069485727491672,0.1752467118868812,0.19099675923378004,0.02,0.4334121973752937
broad,0.812,0.190648985561157,0.01610884216092867,0.17454014340022833,0.1912202607004386,0.02,0.4313088889404663
broad,0.8140000000000001,0.1899846207119945,0.01614819702013981,0.1738364236918547,0.19224723014035658,0.02,0.42921758805284654
broad,0.8160000000000001,0.18932309158110114,0.016187550305188037,0.1731355412759131,0.18838449102600655,0.02,0.42713820876824393
broad,0.8180000000000001,0.1886643867290018,0.016226902016136302,0.1724374847128655,0.187041561846979,0.02,0.42507066592988024
broad,0.8200000000000001,0.1880084947623441,0.016266252153047667,0.17174224260929644,0.18789992211198,0.02,0.4230148751593909
broad,0.8220000000000001,0.187355404333712,0.01630560071598508,0.17104980361772693,0.18928552092583723,0.02,0.4209707528479484
broad,0.8240000000000001,0.18670510414144081,0.01634494770501138,0.17036015643642943,0.1869280813895569,0.02,0.418938216147509
broad,0.8260000000000001,0.18605758292943275,0.01638429312018963,0.16967328980924312,0.1862063994517833,0.02,0.416917182962177
broad,0.8280000000000001,0.18541282948697319,0.016423636961582777,0.1689891925253904,0.1859931889087333,0.02,0.4149075719396883
broad,0.8300000000000001,0.18477083264854757,0.01646297922925366,0.1683078534192939,0.18491952038602671,0.02,0.412909302463009
broad,0.8320000000000001,0.1841315812936596,0.01650231992326545,0.16762926137039416,0.18342836160918,0.02,0.4109222946420477
broad,0.834,0.183495064346649,0.01654165904368088,0.16695340530296812,0.1852559824852669,0.02,0.40894646930548023
broad,0.836,0.18286127077651124,0.01658099659056289,0.16628027418594835,0.18275103837896006,0.02,0.40698174799268494
broad,0.838,0.18223018959671758,0.01662033256397455,0.16560985703274303,0.18162146999528953,0.02,0.40502805294578603
broad,0.84,0.18160180986503557,0.016659666963978803,0.16494214290105677,0.1824143621470007,0.02,0.403085307101805
broad,0.842,0.18097612068335012,0.01669899979063838,0.16427712089271174,0.18233415033932523,0.02,0.40115343408491544
broad,0.844,0.18035311119748634,0.016738331044016452,0.1636147801534699,0.17844142290417614,0.02,0.3992323581988033
broad,0.846,0.17973277059703188,0.016777660724175858,0.16295510987285602,0.18032116303974707,0.02,0.39732200441912807
broad,0.848,0.17911508811516053,0.016816988831179547,0.16229809928398098,0.17951213010662603,0.02,0.3954222983860848
broad,0.85,0.17850005302845648,0.016856315365090357,0.16164373766336612,0.1787163502989915,0.02,0.3935331663970647
broad,0.852,0.17788765465673972,0.01689564032597135,0.16099201433076837,0.17765976035681222,0.02,0.3916545353994134
broad,0.854,0.17727788236289094,0.016934963713885254,0.16034291864900568,0.17966166790935167,0.02,0.38978633298328474
broad,0.856,0.17667072555267865,0.016974285528895128,0.15969644002378353,0.1772086397214643,0.02,0.3879284873745888
broad,0.858,0.17606617367458596,0.017013605771063922,0.15905256790352204,0.17598725089480471,0.02,0.38608092742803346
broad,0.86,0.17546421621963823,0.017052924440454476,0.15841129177918375,0.1736262741510097,0.02,0.38424358262025665
broad,0.862,0.17486484272123168,0.017092241537129627,0.15777260118410205,0.17563364771836976,0.02,0.3824163830430492
broad,0.864,0.17426804275496277,0.017131557061152436,0.15713648569381033,0.17501872709423208,0.02,0.38059925939666606
broad,0.866,0.17367380593845758,0.017170871012585742,0.15650293492587183,0.17256067326961394,0.02,0.3787921429832247
broad,0.868,0.17308212193120273,0.017210183391492384,0.15587193853971035,0.17254864467159212,0.02,0.37699496570019075
broad,0.87,0.17249298043437664,0.017249494197935422,0.1552434862364412,0.17220992943606644,0.02,0.3752076600339461
broad,0.872,0.17190637119068097,0.017288803431977584,0.1546175677587034,0.17308309799920446,0.02,0.37343015905344296
broad,0.874,0.17132228398417373,0.01732811109368182,0.15399417289049191,0.17154326233289122,0.02,0.3716623964039378
broad,0.876,0.1707407086401023,0.017367417183110967,0.15337329145699133,0.17087022730799506,0.02,0.36990430630080806
broad,0.878,0.17016163502473744,0.017406721700328087,0.15275491332440935,0.1684998652970353,0.02,0.36815582352344717
broad,0.88,0.16958505304520777,0.017446024645395908,0.15213902839981186,0.1687680274910866,0.02,0.3664168834092392
broad,0.882,0.16901095264933502,0.01748532601837738,0.15152562663095764,0.16832463972563474,0.02,0.3646874218476097
broad,0.884,0.1684393238254703,0.01752462581933545,0.15091469800613486,0.16822155771101327,0.02,0.36296737527415396
broad,0.886,0.16787015660233018,0.017563924048332846,0.15030623255399733,0.16851279824463514,0.02,0.3612566806648392
broad,0.888,0.16730344104883427,0.01760322070543252,0.14970022034340175,0.16905526834737467,0.02,0.35955527553028127
broad,0.89,0.16673916727394314,0.01764251579069731,0.14909665148324583,0.16728638291696957,0.02,0.3578630979100944
broad,0.892,0.1661773254264969,0.017681809304190277,0.14849551612230663,0.1653103728455099,0.02,0.3561800863673118
broad,0.894,0.16561790569505394,0.017721101245974036,0.1478968044490799,0.16535236963586403,0.02,0.3545061799828779
broad,0.896,0.16506089830773146,0.017760391616111537,0.14730050669161993,0.16373168468189556,0.02,0.3528413183502097
broad,0.898,0.1645062935320456,0.01779968041466562,0.14670661311737998,0.1658459129747879,0.02,0.35118544156982695
broad,0.9,0.16395408167475276,0.017838967641699233,0.14611511403305352,0.1630090571067116,0.02,0.34953849024404976
broad,0.902,0.16340425308169115,0.017878253297275215,0.14552599978441594,0.16276405553949477,0.02,0.34790040547176276
broad,0.904,0.16285679813762344,0.017917537381456405,0.14493926075616703,0.16325202305041436,0.02,0.3462711288432455
broad,0.906,0.16231170726607985,0.017956819894305753,0.1443548873717741,0.1622720410846483,0.02,0.3446506024350668
broad,0.908,0.16176897092920137,0.017996100835885875,0.1437728700933155,0.16112466574983225,0.02,0.343038768805043
broad,0.91,0.16122857962758494,0.018035380206259832,0.1431931994213251,0.16190906126543558,0.02,0.3414355709872595
broad,0.912,0.16069052390012759,0.01807465800549035,0.14261586589463723,0.15954256483560247,0.02,0.33984095248715357
broad,0.914,0.1601547943238724,0.018113934233640272,0.14204086009023212,0.15955095861170265,0.02,0.33825485727665827
broad,0.916,0.1596213815138549,0.018153208890772543,0.14146817262308237,0.15764949602294095,0.02,0.33667722978940756
broad,0.918,0.15909027612294938,0.018192481976950003,0.14089779414599937,0.15976253226715845,0.02,0.33510801491599834
broad,0.92,0.1585614688417166,0.01823175349223538,0.14032971534948122,0.1597149343637469,0.02,0.3335471579993137
broad,0.922,0.15803495039825186,0.018271023436691514,0.13976392696156034,0.1589877066916087,0.02,0.3319946048299014
broad,0.924,0.1575107115580338,0.01831029181038135,0.13920041974765246,0.1581911870545115,0.02,0.33045030164141037
broad,0.926,0.15698874312377334,0.018349558613367623,0.13863918451040572,0.15725629574600336,0.02,0.328914195106083
broad,0.928,0.1564690359352639,0.018388823845713276,0.13808021208955062,0.15573452984144645,0.02,0.3273862323303019
broad,0.93,0.15595158086923144,0.018428087507480928,0.13752349336175052,0.1550737865208212,0.02,0.3258663608501919
broad,0.932,0.1554363688391861,0.01846734959873353,0.13696901924045257,0.15550434636843596,0.02,0.32435452862727454
broad,0.934,0.15492339079527379,0.018506610119534028,0.13641678067573976,0.15456682036083674,0.02,0.322850684044177
broad,0.936,0.15441263772412772,0.01854586906994493,0.1358667686541828,0.15507324330652084,0.02,0.32135477590039085
broad,0.9380000000000001,0.15390410064872256,0.0185851264500293,0.13531897419869326,0.15417775823587973,0.02,0.3198667534080845
broad,0.9400000000000001,0.15339777062822693,0.01862438225984986,0.13477338836837707,0.15356470099089625,0.02,0.3183865661879643
broad,0.9420000000000001,0.1528936387578578,0.01866363649946945,0.13423000225838835,0.15313765655743183,0.02,0.31691416426518654
broad,0.9440000000000001,0.15239169616873527,0.01870288916895091,0.13368880699978436,0.15371032444913513,0.02,0.3154494980653188
broad,0.9460000000000001,0.15189193402773737,0.018742140268356855,0.13314979375938052,0.15307159215316193,0.02,0.31399251841034886
broad,0.9480000000000001,0.15139434353735673,0.018781389797750347,0.13261295373960638,0.15277327634552904,0.02,0.31254317651474234
broad,0.9500000000000001,0.15089891593555593,0.018820637757194003,0.13207827817836193,0.15098092280582398,0.02,0.31110142398154705
broad,0.9520000000000001,0.15040564249562535,0.01885988414675066,0.1315457583488747,0.14914929817922318,0.02,0.309667212798544
broad,0.9540000000000001,0.14991451452604032,0.01889912896648316,0.13101538555955716,0.14944907469948476,0.02,0.30824049533444364
broad,0.9560000000000001,0.1494255233703194,0.018938372216454336,0.13048715115386506,0.14942379880858564,0.02,0.30682122433512893
broad,0.9580000000000001,0.14893866040688283,0.018977613896726808,0.12996104651015603,0.14868269386669775,0.02,0.305409352919941
broad,0.96,0.14845391704891234,0.019016854007363526,0.1294370630415488,0.14826668572162016,0.02,0.3040048345780098
broad,0.962,0.14797128474421023,0.019056092548427106,0.12891519219578312,0.1483559430029595,0.02,0.3026076231646281
broad,0.964,0.14749075497506076,0.019095329519980497,0.12839542545508026,0.1470377784600373,0.02,0.30121767289766854
broad,0.966,0.14701231925809027,0.019134564922086428,0.12787775433600385,0.14754978119389284,0.02,0.2998349383540419
broad,0.968,0.14653596914412914,0.019173798754807736,0.1273621703893214,0.14549526108405078,0.02,0.29845937446619764
broad,0.97,0.14606169621807358,0.01921303101820704,0.12684866519986654,0.14681822249797113,0.02,0.29709093651866536
broad,0.972,0.1455894920987488,0.019252261712347174,0.12633723038640163,0.14393252387979014,0.02,0.29572958014463724
broad,0.974,0.1451193484387718,0.01929149083729098,0.12582785760148082,0.14712825033635704,0.02,0.29437526132258895
broad,0.976,0.14465125692441508,0.019330718393101076,0.125320538531314,0.1435488654428861,0.02,0.2930279363729415
broad,0.978,0.1441852092754713,0.01936994437984041,0.1248152648956309,0.1433859191592435,0.02,0.29168756195476103
broad,0.98,0.14372119724511773,0.019409168797571597,0.12431202844754614,0.14408390597388868,0.02,0.29035409506249704
broad,0.982,0.14325921261978206,0.019448391646357477,0.12381082097342458,0.14340144752454853,0.02,0.2890274930227592
broad,0.984,0.14279924721900805,0.01948761292626089,0.12331163429274716,0.14289290610151406,0.02,0.28770771349112967
broad,0.986,0.14234129289532185,0.019526832637344338,0.12281446025797751,0.14089106047813596,0.02,0.2863947144490142
broad,0.988,0.1418853415340996,0.019566050779670774,0.12231929075442881,0.1415642535121239,0.02,0.28508845420052803
broad,0.99,0.14143138505343444,0.019605267353302924,0.12182611770013152,0.1405322665870812,0.02,0.2837888913694186
broad,0.992,0.14097941540400477,0.019644482358303406,0.12133493304570138,0.13984306406009572,0.02,0.28249598489602257
broad,0.994,0.14052942456894318,0.019683695794735168,0.12084572877420802,0.14248543491311316,0.02,0.28120969403425905
broad,0.996,0.14008140456370488,0.019722907662660716,0.12035849690104417,0.14112193914087529,0.02,0.27992997834865546
broad,0.998,0.1396353474359382,0.019762117962143,0.1198732294737952,0.14010539190788499,0.02,0.27865679771140894
broad,1.0,0.1391912452653543,0.019801326693244747,0.11938991857210955,0.13952478205973495,0.02,0.27739011229948024
broad,1.002,0.13874909016359774,0.019840533856028464,0.11890855630756927,0.14084873859995511,0.02,0.2761298825917209
broad,1.004,0.13830887427411848,0.0198797394505571,0.11842913482356138,0.13713788600463214,0.02,0.2748760693660333
broad,1.006,0.1378705897720428,0.01991894347689338,0.11795164629514944,0.13644564184229704,0.02,0.27362863369656215
broad,1.008,0.1374342288640461,0.019958145935099925,0.11747608292894618,0.13765301145423622,0.02,0.2723875369509188
broad,1.01,0.13699978378822544,0.01999734682523946,0.11700243696298598,0.1367251783249226,0.02,0.27115274078743534
broad,1.012,0.13656724681397311,0.020036546147374823,0.11653070066659829,0.13625986683702304,0.02,0.2699242071524514
broad,1.014,0.1361366102418501,0.02007574390156852,0.11606086634028157,0.13544165663496222,0.02,0.26870189827763014
broad,1.016,0.1357078664034609,0.020114940087883504,0.11559292631557738,0.1358169029476336,0.02,0.26748577667730433
broad,1.018,0.13528100766132783,0.020154134706382387,0.11512687295494546,0.135633844354248,0.02,0.26627580514585336
broad,1.02,0.13485602640876682,0.0201933277571279,0.11466269865163893,0.133471460768359,0.02,0.2650719467551079
broad,1.022,0.13443291506976296,0.020232519240182767,0.11420039582958018,0.13379104938600533,0.02,0.263874164851785
broad,1.024,0.1340116660988468,0.020271709155609607,0.11373995694323719,0.13460227138289188,0.02,0.26268242305495043
broad,1.026,0.13359227198097168,0.02031089750347126,0.11328137447750042,0.13334222936285053,0.02,0.26149668525351033
broad,1.028,0.13317472523139037,0.020350084283830228,0.11282464094756015,0.13168371815883095,0.02,0.26031691560373005
broad,1.03,0.13275901839553367,0.020389269496749463,0.11236974889878419,0.13239742106180866,0.02,0.2591430785267804
broad,1.032,0.1323451440488878,0.02042845314229136,0.11191669090659644,0.1313644158248337,0.02,0.25797513870631145
broad,1.034,0.13193309479687443,0.020467635220518976,0.11146545957635545,0.13411747884701808,0.02,0.25681306108605256
broad,1.036,0.13152286327472873,0.02050681573149471,0.11101604754323402,0.13109702744148183,0.02,0.25565681086743947
broad,1.038,0.13111444214737994,0.020545994675281287,0.11056844747209867,0.13081816004956665,0.02,0.2545063535072664
broad,1.04,0.13070782410933168,0.020585172051941547,0.11012265205739014,0.1302397310010372,0.02,0.2533616547153655
broad,1.042,0.13030300188454208,0.020624347861537995,0.1096786540230041,0.13149791214325945,0.02,0.2522226804523098
broad,1.044,0.12989996822630584,0.02066352210413347,0.10923644612217238,0.12861153540206707,0.02,0.25108939692714294
broad,1.046,0.1294987159171353,0.020702694779790587,0.1087960211373447,0.12944866741406835,0.02,0.24996177059513264
broad,1.048,0.1290992377686428,0.020741865888571964,0.10835737188007083,0.13011691743187262,0.02,0.2488397681555488
broad,1.05,0.12870152662142376,0.02078103543054044,0.10792049119088333,0.1285724732370451,0.02,0.24772335654946623
broad,1.052,0.12830557534493905,0.02082020340575841,0.10748537193918065,0.12805013624820305,0.02,0.2466125029575904
broad,1.054,0.12791137683739956,0.02085936981428882,0.10705200702311073,0.12861232209988505,0.02,0.24550717479810752
broad,1.056,0.1275189240256493,0.02089853465619418,0.10662038936945513,0.12848474488559342,0.02,0.2444073397245571
broad,1.058,0.1271282098650508,0.020937697931537214,0.1061905119335136,0.12984387843403983,0.02,0.24331296562372845
broad,1.06,0.1267392273393696,0.02097685964038054,0.10576236769898904,0.12615068486378092,0.02,0.2422240206135786
broad,1.062,0.12635196946065985,0.021016019782786888,0.10533594967787298,0.126331407669665,0.02,0.24114047304117336
broad,1.064,0.12596642926915047,0.02105517835881887,0.1049112509103316,0.12628089818247015,0.02,0.24006229148065078
broad,1.066,0.12558259983313116,0.021094335368539108,0.10448826446459206,0.12485235884496956,0.02,0.23898944473120529
broad,1.068,0.12520047424883962,0.021133490812010214,0.10406698343682941,0.12708707774432215,0.02,0.2379219018150945
broad,1.07,0.12482004564034888,0.021172644689295028,0.10364740095105385,0.12413520183174774,0.02,0.23685963197566665
broad,1.072,0.12444130715945453,0.021211797000455945,0.10322951015899859,0.12349645083104185,0.02,0.2358026046754092
broad,1.074,0.12406425198556378,0.021250947745555804,0.10281330424000798,0.12475279191098113,0.02,0.23475078959401832
broad,1.076,0.1236888733255835,0.02129009692465722,0.10239877640092628,0.123778918178941,0.02,0.2337041566264886
broad,1.078,0.12331516441380938,0.0213292445378227,0.10198591987598668,0.12353128964626027,0.02,0.23266267588122325
broad,1.08,0.12294311851181605,0.021368390585115082,0.10157472792670097,0.12337150951800362,0.02,0.231626317678164
broad,1.082,0.12257272890834628,0.02140753506659676,0.10116519384174952,0.12161453402509625,0.02,0.2305950525469411
broad,1.084,0.12220398891920224,0.021446677982330575,0.10075731093687167,0.12370887162551944,0.02,0.22956885122504242
broad,1.086,0.12183689188713594,0.02148581933237914,0.1003510725547568,0.1211498507984421,0.02,0.22854768465600214
broad,1.088,0.12147143118174034,0.021524959116804854,0.09994647206493548,0.12142829520318518,0.02,0.22753152398760823
broad,1.09,0.12110760019934205,0.021564097335670662,0.09954350286367139,0.1227267900902426,0.02,0.22652034057012874
broad,1.092,0.12074539236289242,0.02160323398903896,0.09914215837385346,0.12159086299911194,0.02,0.2255141059545568
broad,1.094,0.12038480112186094,0.021642369076972368,0.09874243204488857,0.1203735588074543,0.02,0.2245127918908737
broad,1.096,0.12002581995212816,0.02168150259953361,0.09834431735259455,0.12041365904972962,0.02,0.22351637032633043
broad,1.098,0.11966844235587916,0.0217206345567853,0.09794780779909386,0.11874582782019336,0.02,0.22252481340374675
broad,1.1,0.1193126618614973,0.02175976494878995,0.09755289691270735,0.11945332997880852,0.02,0.22153809345982794
broad,1.102,0.11895847202345897,0.021798893775610284,0.09715957824784868,0.11848531326299998,0.02,0.2205561830234992
broad,1.104,0.11860586642222808,0.021838021037308808,0.09676784538491927,0.1186530941442956,0.02,0.21957905481425746
broad,1.106,0.11825483866415144,0.02187714673394814,0.0963776919302033,0.11889651662047467,0.02,0.21860668174053965
broad,1.108,0.11790538238135438,0.021916270865590892,0.09598911151576349,0.11691744485981519,0.02,0.21763903689810812
broad,1.11,0.11755749123163688,0.021955393432299797,0.09560209779933708,0.11675688149537164,0.02,0.2166760935684529
broad,1.112,0.11721115889836971,0.021994514434137247,0.09521664446423246,0.11672670698543325,0.02,0.2157178252172101
broad,1.114,0.11686637909039177,0.02203363387116586,0.09483274521922591,0.11706710977330603,0.02,0.2147642054925964
broad,1.116,0.11652314554190732,0.02207275174344836,0.09445039379845896,0.11651410972845395,0.02,0.21381520822386
broad,1.118,0.11618145201238343,0.022111868051047257,0.09406958396133618,0.11678797995539901,0.02,0.212870807419747
broad,1.12,0.11584129228644846,0.022150982794025165,0.0936903094924233,0.1156887923907141,0.02,0.21193097726698393
broad,1.122,0.1155026601737903,0.02219009597244459,0.0933125642013457,0.11591419337592232,0.02,0.21099569212877498
broad,1.124,0.11516554950905572,0.02222920758636826,0.09293634192268746,0.11596941268010467,0.02,0.21006492654331524
broad,1.1260000000000001,0.11482995415174929,0.02226831763585857,0.09256163651589072,0.11518963373592125,0.02,0.2091386552223188
broad,1.1280000000000001,0.11449586798613359,0.022307426120978247,0.09218844186515535,0.11340968615938131,0.02,0.20821685304956147
broad,1.1300000000000001,0.11416328492112907,0.022346533041789796,0.09181675187933927,0.11435484715418212,0.02,0.2072994950794387
broad,1.1320000000000001,0.11383219889021469,0.022385638398355723,0.09144656049185897,0.11494146699994119,0.02,0.2063865565355378
broad,1.1340000000000001,0.1135026038513292,0.022424742190738756,0.09107786166059044,0.11333401331380202,0.02,0.20547801280922467
broad,1.1360000000000001,0.113174493786772,0.02246384441900129,0.09071064936777071,0.11431893119009887,0.02,0.20457383945824462
broad,1.1380000000000001,0.11284786270310547,0.02250294508320605,0.09034491761989942,0.11300990087159962,0.02,0.20367401220533737
broad,1.1400000000000001,0.11252270463105671,0.022542044183415544,0.08998066044764116,0.11263663065731269,0.02,0.20277850693686597
broad,1.1420000000000001,0.11219901362542029,0.022581141719692277,0.08961787190572801,0.11194346716578085,0.02,0.20188729970145938
broad,1.1440000000000001,0.1118767837649612,0.022620237692098755,0.08925654607286244,0.11263634312940893,0.02,0.20100036670866853
broad,1.1460000000000001,0.1115560091523184,0.022659332100697704,0.0888966770516207,0.11124144252389276,0.02,0.20011768432763594
broad,1.1480000000000001,0.11123668391390823,0.022698424945551632,0.0885382589683566,0.1120257588588077,0.02,0.19923922908577874
broad,1.1500000000000001,0.11091880219982851,0.02273751622672293,0.08818128597310558,0.11105506659192764,0.02,0.19836497766748423
broad,1.1520000000000001,0.11060235818376361,0.02277660594427433,0.08782575223948928,0.10987511684101729,0.02,0.19749490691281926
broad,1.154,0.1102873460628887,0.022815694098268224,0.08747165196462048,0.11174913921751274,0.02,0.19662899381625148
broad,1.156,0.1099737600577754,0.02285478068876723,0.08711897936900817,0.11050911184921684,0.02,0.1957672155253837
broad,1.158,0.1096615944122975,0.02289386571583396,0.08676772869646354,0.10991646308892596,0.02,0.1949095493397011
broad,1.16,0.10935084339353662,0.022932949179530815,0.08641789421400581,0.10940203992277542,0.02,0.19405597270932998
broad,1.162,0.10904150129168912,0.022972031079920407,0.08606947021176871,0.11022345799015254,0.02,0.19320646323380955
broad,1.164,0.10873356241997269,0.023011111417065355,0.08572245100290733,0.10786045095616713,0.02,0.19236099866087522
broad,1.166,0.10842702111453319,0.02305019019102794,0.08537683092350525,0.10860497594841416,0.02,0.191519556885254
broad,1.168,0.10812187173435298,0.023089267401870894,0.08503260433248208,0.10768073902596212,0.02,0.1906821159474717
broad,1.17,0.1078181086611581,0.023128343049656608,0.08468976561150149,0.10879332650426639,0.02,0.18984865403267223
broad,1.172,0.10751572629932706,0.0231674171344477,0.08434830916487936,0.10797668214069074,0.02,0.18901914946944742
broad,1.174,0.10721471907579927,0.023206489656306672,0.0840082294194926,0.10707065084261717,0.02,0.1881935807286793
broad,1.176,0.10691508143998411,0.023245560615296035,0.08366952082468808,0.10647186393991746,0.02,0.18737192642239303
broad,1.178,0.10661680786367038,0.02328463001147829,0.08333217785219209,0.10617694747884222,0.02,0.18655416530262114
broad,1.18,0.10631989284093599,0.023323697844915947,0.08299619499602004,0.1065479257788227,0.02,0.18574027626027875
broad,1.182,0.10602433088805825,0.023362764115671508,0.08266156677238674,0.10587867862601055,0.02,0.18493023832405003
broad,1.184,0.1057301165434243,0.02340182882380759,0.08232828771961671,0.10511087481532498,0.02,0.18412403065928462
broad,1.186,0.10543724436744167,0.02344089196938648,0.0819963523980552,0.10525149465664307,0.02,0.18332163256690556
broad,1.188,0.10514570894245015,0.0234799535524709,0.08166575538997925,0.10548491779714339,0.02,0.18252302348232727
broad,1.19,0.10485550487263257,0.023519013573123138,0.08133649129950943,0.10480357046974147,0.02,0.18172818297438403
broad,1.192,0.10456662678392743,0.023558072031405808,0.08100855475252162,0.10507843312069413,0.02,0.18093709074426884
broad,1.194,0.10427906932394086,0.023597128927381417,0.08068194039655945,0.10378225800209527,0.02,0.18014972662448228
broad,1.196,0.10399282716185919,0.02363618426111247,0.08035664290074672,0.10240895430695575,0.02,0.17936607057779155
broad,1.198,0.10370789498836203,0.02367523803266136,0.08003265695570067,0.1036354698822754,0.02,0.17858610269619965
broad,1.2,0.10342426751553578,0.023714290242090708,0.07970997727344507,0.10351574125746807,0.02,0.17780980319992382
broad,1.202,0.10314193947678685,0.023753340889462793,0.07938859858732406,0.10211525165268404,0.02,0.17703715243638435
broad,1.204,0.10286090562675648,0.023792389974840344,0.07906851565191614,0.1023042309098428,0.02,0.1762681308792027
broad,1.206,0.10258116074123422,0.023831437498285646,0.07874972324294857,0.10229609443668805,0.02,0.17550271912720905
broad,1.208,0.10230269961707342,0.023870483459861314,0.0784322161572121,0.10301929989665941,0.02,0.17474089790345954
broad,1.21,0.10202551707210578,0.023909527859629742,0.07811598921247603,0.10250509314866084,0.02,0.1739826480542624
broad,1.212,0.10174960794505694,0.023948570697653326,0.07780103724740361,0.1016611613192586,0.02,0.17322795054821372
broad,1.214,0.10147496709546258,0.023987611973994682,0.0774873551214679,0.10082968288336555,0.02,0.17247678647524214
broad,1.216,0.10120158940358402,0.024026651688716316,0.0771749377148677,0.10044352869366323,0.02,0.17172913704566234
broad,1.218,0.10092946977032469,0.02406568984188051,0.07686377992844418,0.10210659636047113,0.02,0.17098498358923778
broad,1.22,0.10065860311714725,0.024104726433549772,0.07655387668359748,0.09985613838944053,0.02,0.170244307554252
broad,1.222,0.10038898438599052,0.024143761463786606,0.07624522292220391,0.10037494593579195,0.02,0.1695070905065884
broad,1.224,0.10012060853918682,0.024182794932653406,0.07593781360653341,0.1006486683584032,0.02,0.16877331412881957
broad,1.226,0.09985347055938004,0.02422182684021279,0.07563164371916725,0.10003888922852917,0.02,0.16804296021930382
broad,1.228,0.09958756544944325,0.02426085718652704,0.07532670826291621,0.10030915451001889,0.02,0.16731601069129112
broad,1.23,0.09932288823239764,0.024299885971658663,0.07502300226073898,0.09949815686887913,0.02,0.16659244757203692
broad,1.232,0.09905943395133106,0.024338913195670164,0.0747205207556609,0.09936247085204244,0.02,0.1658722530019244
broad,1.234,0.09879719766931701,0.024377938858623827,0.07441925881069318,0.09854198867913588,0.02,0.16515540923359476
broad,1.236,0.09853617446933438,0.024416962960582267,0.07411921150875211,0.09910041633772781,0.02,0.16444189863108544
broad,1.238,0.0982763594541868,0.02445598550160777,0.07382037395257904,0.09865463706997538,0.02,0.16373170366897685
broad,1.24,0.0980177477464232,0.02449500648176295,0.07352274126466025,0.0973866308224958,0.02,0.16302480693154614
broad,1.242,0.09776033448825755,0.02453402590111009,0.07322630858714746,0.09815455692233663,0.02,0.16232119111192952
broad,1.244,0.09750411484149019,0.0245730437597117,0.07293107108177849,0.09708856200590663,0.02,0.16162083901129198
broad,1.246,0.09724908398742849,0.02461206005763017,0.07263702392979832,0.09708657032828383,0.02,0.1609237335380046
broad,1.248,0.09699523712680833,0.024651074794927896,0.07234416233188043,0.09781748487508475,0.02,0.16022985770682957
broad,1.25,0.09674256947971588,0.024690087971667385,0.0720524815080485,0.09637083862722984,0.02,0.1595391946381125
broad,1.252,0.09649107628550917,0.02472909958791092,0.07176197669759825,0.09625955989524777,0.02,0.1588517275569822
broad,1.254,0.09624075280274108,0.024768109643721115,0.07147264315901997,0.09573273548554288,0.02,0.15816743979255793
broad,1.256,0.09599159430908118,0.024807118139160256,0.07118447616992092,0.09658688904724345,0.02,0.1574863147771636
broad,1.258,0.09574359610123914,0.024846125074290737,0.0708974710269484,0.09498930483857344,0.02,0.15680833604554925
broad,1.26,0.09549675349488797,0.024885130449175064,0.0706116230457129,0.09546611168089057,0.02,0.1561334872341198
broad,1.262,0.09525106182458726,0.02492413426387563,0.07032692756071163,0.0957461908377066,0.02,0.1554617520801702
broad,1.264,0.09500651644370728,0.02496313651845483,0.07004337992525245,0.0945690760383649,0.02,0.15479311442112853
broad,1.266,0.09476311272435298,0.02500213721297495,0.06976097551137803,0.09434489177393458,0.02,0.15412755819380483
broad,1.268,0.09452084605728876,0.025041136347498605,0.06947970970979016,0.09419724422536303,0.02,0.15346506743364752
broad,1.27,0.09427971185186267,0.025080133922087966,0.0691995779297747,0.0947317626348205,0.02,0.1528056262740061
broad,1.272,0.09403970553593213,0.02511912993680554,0.0689205755991266,0.0947319109741456,0.02,0.15214921894540073
broad,1.274,0.093800822555789,0.025158124391713832,0.06864269816407517,0.09436413561062822,0.02,0.15149582977479822
broad,1.276,0.09356305837608499,0.025197117286875015,0.06836594108920997,0.09443238974802093,0.02,0.15084544318489465
broad,1.278,0.09332640847975822,0.025236108622351705,0.06809029985740651,0.09405636812462835,0.02,0.15019804369340425
broad,1.28,0.09309086836795888,0.025275098398206075,0.0678157699697528,0.09346542887152967,0.02,0.14955361591235494
broad,1.282,0.09285643355997635,0.02531408661450063,0.06754234694547571,0.09345818857484212,0.02,0.14891214454738969
broad,1.284,0.0926230995931656,0.025353073271297655,0.06727002632186795,0.093034448876939,0.02,0.14827361439707476
broad,1.286,0.09239086202287479,0.025392058368659653,0.06699880365421514,0.09151993875492923,0.02,0.14763801035221338
broad,1.288,0.09215971642237242,0.02543104190664902,0.0667286745157234,0.0929825363464458,0.02,0.14700531739516617
broad,1.29,0.09192965838277493,0.02547002388532793,0.066459634497447,0.09235648894060833,0.02,0.1463755205991772
broad,1.292,0.09170068351297538,0.025509004304758998,0.06619167920821638,0.0918244764848902,0.02,0.14574860512770618
broad,1.294,0.09147278743957095,0.025547983165004395,0.06592480427456655,0.09170495830600849,0.02,0.1451245562337665
broad,1.296,0.09124596580679219,0.025586960466126518,0.06565900534066567,0.09110817040201293,0.02,0.14450335925926924
broad,1.298,0.09102021427643184,0.02562593620818787,0.06539427806824397,0.0906515154829835,0.02,0.14388499963437287
broad,1.3,0.09079552852777353,0.025664910391250628,0.0651306181365229,0.09074165992431338,0.02,0.1432694628768386
broad,1.302,0.09057190425752198,0.025703883015377293,0.06486802124214469,0.09105637839854125,0.02,0.14265673459139164
broad,1.304,0.09034933717973229,0.025742854080630262,0.06460648309910202,0.09063716956392902,0.02,0.1420468004690878
broad,1.306,0.09012782302573984,0.025781823587071706,0.06434599943866813,0.09077707453699861,0.02,0.14143964628668593
broad,1.308,0.08990735754409117,0.02582079153476402,0.06408656600932715,0.08995026746031583,0.02,0.14083525790602563
broad,1.31,0.08968793650047432,0.02585975792376971,0.06382817857670461,0.09021770410608795,0.02,0.14023362127341044
broad,1.312,0.08946955567764946,0.02589872275415095,0.06357083292349851,0.08955288995522263,0.02,0.13963472241899658
broad,1.314,0.08925221087538043,0.02593768602597013,0.0633145248494103,0.088746230809985,0.02,0.1390385474561868
broad,1.316,0.08903589791036606,0.02597664773928965,0.06305925017107641,0.08961772937575892,0.02,0.1384450825810296
broad,1.318,0.08882061261617183,0.02601560789417179,0.06280500472200004,0.0886799335167516,0.02,0.13785431407162385
broad,1.32,0.08860635084316178,0.026054566490678832,0.06255178435248294,0.08895964319546966,0.02,0.13726622828752816
broad,1.322,0.08839310845843126,0.026093523528873286,0.06229958492955797,0.08863302442038407,0.02,0.1366808116691758
broad,1.324,0.08818088134573873,0.026132479008817322,0.0620484023369214,0.08774090362505725,0.02,0.13609805073729453
broad,1.326,0.08796966540543921,0.026171432930573335,0.06179823247486587,0.0883208717285863,0.02,0.13551793209233115
broad,1.328,0.08775945655441711,0.02621038529420372,0.061549071260213396,0.08711628611807003,0.02,0.13494044241388167
broad,1.33,0.08755025072601941,0.026249336099770648,0.06130091462624875,0.08712175551340348,0.02,0.13436556846012562
broad,1.332,0.08734204386998953,0.026288285347336404,0.061053758522653136,0.08816269956565993,0.02,0.13379329706726595
broad,1.334,0.08713483195240158,0.026327233036963604,0.06080759891543798,0.08687790836201355,0.02,0.13322361514897316
broad,1.336,0.08692861095559351,0.02636617916871431,0.0605624317868792,0.08751584708186885,0.02,0.13265650969583453
broad,1.338,0.08672337687810233,0.026405123742650805,0.06031825313545153,0.08746978735290939,0.02,0.13209196777480786
broad,1.34,0.08651912573459886,0.026444066758835594,0.06007505897576326,0.087409448006382,0.02,0.13152997652868026
broad,1.342,0.08631585355582219,0.02648300821733096,0.059832845338491224,0.08659229528916927,0.02,0.13097052317553098
broad,1.344,0.08611355638851488,0.026521948118198968,0.05959160827031591,0.0860797430690531,0.02,0.13041359500819935
broad,1.346,0.0859122302953593,0.02656088646150223,0.059351343833857075,0.08507815191680797,0.02,0.12985917939375696
broad,1.348,0.08571187135491212,0.026599823247302812,0.05911204810760931,0.08501188789334264,0.02,0.12930726377298435
broad,1.35,0.08551247566154144,0.026638758475663216,0.058873717185878215,0.08554176425530385,0.02,0.1287578356598523
broad,1.352,0.0853140393253621,0.026677692146645615,0.05863634717871649,0.08529969193901296,0.02,0.12821088264100727
broad,1.354,0.08511655847217289,0.026716624260312294,0.058399934211860606,0.08586187634753092,0.02,0.12766639237526153
broad,1.356,0.08492002924339292,0.026755554816725535,0.05816447442666739,0.08533661839306897,0.02,0.12712435259308713
broad,1.358,0.08472444779599883,0.026794483815947623,0.057929963980051215,0.08483650572299575,0.02,0.1265847510961147
broad,1.36,0.0845298103024621,0.02683341125804095,0.05769639904442114,0.08386646631065478,0.02,0.12604757575663594
broad,1.362,0.08433611295068635,0.026872337143067804,0.05746377580761856,0.08492087319384954,0.02,0.1255128145171107
broad,1.364,0.0841433519439452,0.026911261471090353,0.05723209047285486,0.08474211610344791,0.02,0.12498045538967792
broad,1.366,0.08395152350082043,0.026950184242170883,0.057001339258649544,0.08422252243842257,0.02,0.12445048645567089
broad,1.368,0.08376062385514016,0.026989105456371676,0.05677151839876849,0.08321993525112507,0.02,0.12392289586513638
broad,1.37,0.08357064925591756,0.027028025113755128,0.05654262414216243,0.08341044529304889,0.02,0.12339767183635794
broad,1.372,0.08338159596728911,0.0270669432143833,0.05631465275290581,0.08335694411416048,0.02,0.12287480265538314
broad,1.374,0.0831934602684544,0.027105859758318696,0.05608760051013569,0.08278356953361572,0.02,0.12235427667555461
broad,1.3760000000000001,0.08300623845361468,0.02714477474562349,0.05586146370799119,0.08263888095180522,0.02,0.12183608231704526
broad,1.3780000000000001,0.08281992683191271,0.027183688176359855,0.05563623865555285,0.0831757502961892,0.02,0.12132020806639715
broad,1.3800000000000001,0.08263452172737253,0.027222600050590073,0.05541192167678245,0.08253359569589183,0.02,0.12080664247606417
broad,1.3820000000000001,0.08245001947883956,0.02726151036837654,0.05518850911046302,0.08193130009812996,0.02,0.12029537416395873
broad,1.3840000000000001,0.08226641643992036,0.027300419129781317,0.054965997310139035,0.0815710333693143,0.02,0.11978639181300196
broad,1.3860000000000001,0.08208370897892388,0.02733932633486691,0.05474438264405697,0.08243315014224481,0.02,0.11927968417067782
broad,1.3880000000000001,0.08190189347880135,0.027378231983695378,0.05452366149510597,0.08243352176148086,0.02,0.11877524004859066
broad,1.3900000000000001,0.08172096633708772,0.027417136076328896,0.054303830260758836,0.08239111826419677,0.02,0.11827304832202677
broad,1.3920000000000001,0.08154092396584317,0.02745603861282997,0.054084885353013194,0.080736569707822,0.02,0.11777309792951912
broad,1.3940000000000001,0.08136176279159366,0.02749493959326066,0.053866823198333004,0.08067096885971323,0.02,0.11727537787241604
broad,1.3960000000000001,0.08118347925527339,0.027533839017683248,0.05364964023759015,0.08092731813078499,0.02,0.11677987721445324
broad,1.3980000000000001,0.0810060698121664,0.02757273688616002,0.05343333292600638,0.08134431756115067,0.02,0.11628658508132937
broad,1.4000000000000001,0.08082953093184865,0.02761163319875315,0.0532178977330955,0.08188530188981781,0.02,0.11579549066028512
broad,1.4020000000000001,0.08065385909813048,0.027650527955524806,0.05300333114260568,0.07999059567781525,0.02,0.11530658319968567
broad,1.4040000000000001,0.08047905080899947,0.027689421156537386,0.05278962965246209,0.07988527465630409,0.02,0.11481985200860663
broad,1.4060000000000001,0.08030510257656279,0.02772831280185306,0.052576789774709726,0.0811225939871426,0.02,0.11433528645642321
broad,1.408,0.08013201092699057,0.027767202891534004,0.052364808035456574,0.08027192455035588,0.02,0.11385287597240305
broad,1.41,0.07995977240045918,0.0278060914256425,0.05215368097481669,0.0803168867779951,0.02,0.11337261004530172
broad,1.412,0.07978838355109472,0.027844978404240717,0.051943405146854,0.07944050475747573,0.02,0.11289447822296243
broad,1.414,0.07961784094691671,0.02788386382739083,0.05173397711952588,0.07938134629021429,0.02,0.11241847011191818
broad,1.416,0.07944814116978241,0.027922747695155237,0.05152539347462718,0.07961929093752149,0.02,0.1119445753769974
broad,1.418,0.07927928081533045,0.027961630007595994,0.051317650807734455,0.07934736945839077,0.02,0.11147278374093295
broad,1.42,0.07911125649292577,0.028000510764775388,0.051110745728150386,0.07913384137862403,0.02,0.11100308498397397
broad,1.422,0.07894406482560402,0.02803938996675559,0.050904674858848434,0.07986911614674456,0.02,0.11053546894350116
broad,1.424,0.07877770245001649,0.028078267613598773,0.050699434836417714,0.07840022296241314,0.02,0.1100699255136448
broad,1.426,0.07861216601637536,0.02811714370536722,0.05049502231100813,0.07864292023245462,0.02,0.10960644464490629
broad,1.428,0.07844745218839877,0.028156018242123104,0.05029143394627566,0.07833386073044536,0.02,0.10914501634378218
broad,1.43,0.07828355764325653,0.028194891223928598,0.05008866641932794,0.07794101776494412,0.02,0.10868563067239173
broad,1.432,0.07812047907151587,0.028233762650845873,0.049886716420669996,0.07878174607719128,0.02,0.1082282777481072
broad,1.434,0.07795821317708745,0.028272632522937213,0.04968558065415024,0.07794930745249727,0.02,0.10777294774318695
broad,1.436,0.07779675667717148,0.02831150084026479,0.049485255836906696,0.0769179994960919,0.02,0.10731963088441185
broad,1.438,0.07763610630220415,0.02835036760289078,0.04928573869931337,0.07688743952485198,0.02,0.10686831745272411
broad,1.44,0.07747625879580416,0.02838923281087724,0.04908702598492692,0.07776079561074829,0.02,0.10641899778286953
broad,1.442,0.07731721091472005,0.028428096464286567,0.048889114450433487,0.07723324581571928,0.02,0.10597166226304208
broad,1.444,0.07715895942877661,0.028466958563180822,0.04869200086559579,0.07659866019572706,0.02,0.10552630133453157
broad,1.446,0.07700150112082266,0.028505819107622288,0.04849568201320037,0.07724479700208216,0.02,0.10508290549137407
broad,1.448,0.07684483278667809,0.028544678097673026,0.048300154689005066,0.07686470132719678,0.02,0.1046414652800051
broad,1.45,0.07668895123508199,0.02858353553339521,0.048105415701686784,0.07732067605207076,0.02,0.10420197129891552
broad,1.452,0.07653385328764035,0.02862239141485101,0.04791146187278934,0.0764640537902681,0.02,0.10376441419831009
broad,1.454,0.07637953577877432,0.028661245742102714,0.04771829003667161,0.07671966398040715,0.02,0.1033287846797689
broad,1.456,0.07622599555566825,0.02870009851521238,0.047525897040455865,0.0760586659672726,0.02,0.10289507349591122
broad,1.458,0.07607322947821851,0.02873894973424218,0.047334279743976325,0.07655547813812338,0.02,0.10246327145006223
broad,1.46,0.07592123441898223,0.0287777993992544,0.04714343501972783,0.07610372330625174,0.02,0.10203336939592206
broad,1.462,0.07577000726312592,0.02881664751031099,0.046953359752814935,0.0755381813853947,0.02,0.10160535823723789
broad,1.464,0.07561954490837515,0.02885549406747423,0.04676405084090092,0.07595724881346923,0.02,0.10117922892747803
broad,1.466,0.07546984426496356,0.028894339070806296,0.046575505194157256,0.07577304318033092,0.02,0.10075497246950904
broad,1.468,0.07532090225558248,0.02893318252036936,0.04638771973521312,0.07547982215725882,0.02,0.10033257991527508
broad,1.47,0.07517271581533058,0.028972024416225373,0.0462006913991052,0.07490884582906115,0.02,0.09991204236547989
broad,1.472,0.07502528189166438,0.029010864758436727,0.04601441713322765,0.07463070925332185,0.02,0.09949335096927117
broad,1.474,0.07487859744434777,0.029049703547065486,0.04582889389728229,0.07593743551321655,0.02,0.09907649692392752
broad,1.476,0.07473265944540265,0.02908854078217371,0.04564411866322894,0.0747354906617493,0.02,0.09866147147454755
broad,1.478,0.07458746487905962,0.029127376463823573,0.04546008841523606,0.07418027688637795,0.02,0.09824826591374185
broad,1.48,0.07444301074170867,0.029166210592077246,0.04527680014963143,0.07507204275416594,0.02,0.09783687158132674
broad,1.482,0.07429929404185016,0.029205043166996902,0.04509425087485326,0.07433502543421627,0.02,0.09742727986402105
broad,1.484,0.07415631180004584,0.029243874188644603,0.04491243761140124,0.07430573588634333,0.02,0.09701948219514463
broad,1.486,0.0740140610488705,0.02928270365708252,0.044731357391787976,0.07455798269982547,0.02,0.09661347005431958
broad,1.488,0.07387253883286324,0.029321531572372717,0.04455100726049053,0.07362332250818761,0.02,0.09620923496717365
broad,1.49,0.07373174220847967,0.029360357934577475,0.0443713842739022,0.0734487295118725,0.02,0.09580676850504594
broad,1.492,0.0735916682440432,0.029399182743758745,0.044192485500284456,0.07334871312637553,0.02,0.0954060622846947
broad,1.494,0.07345231401969782,0.0294380059999787,0.04401430801971912,0.07301505688242164,0.02,0.09500710796800767
broad,1.496,0.07331367662736005,0.029476827703299402,0.04383684892406065,0.07273409066750565,0.02,0.09460989726171438
broad,1.498,0.07317575317067188,0.029515647853783133,0.04366010531688874,0.0731430290303104,0.02,0.09421442191710079
broad,1.5,0.07303854076495284,0.029554466451491845,0.043484074313461,0.07319317487840582,0.02,0.09382067372972593
broad,1.502,0.07290203653715362,0.02959328349648771,0.04330875304066591,0.07210415498018274,0.02,0.093428644539141
broad,1.504,0.07276623762580867,0.02963209898883279,0.04313413863697588,0.07273482985378568,0.02,0.09303832622861032
broad,1.506,0.07263114118098983,0.029670912928589255,0.042960228252400576,0.07227896144064258,0.02,0.09264971072483448
broad,1.508,0.0724967443642596,0.02970972531581917,0.042787019048440435,0.07378107471171874,0.02,0.09226278999767573
broad,1.51,0.07236304434862495,0.029748536150584703,0.04261450819804024,0.07277727129615466,0.02,0.09187755605988522
broad,1.512,0.07223003831849098,0.02978734543294792,0.04244269288554307,0.07221162251582874,0.02,0.0914940009668325
broad,1.514,0.07209772346961509,0.02982615316297077,0.042271570306644315,0.07242219850573721,0.02,0.09111211681623695
broad,1.516,0.07196609700906141,0.029864959340715536,0.042101137668345875,0.07273600490112807,0.02,0.09073189574790126
broad,1.518,0.07183515615515482,0.029903763966244168,0.04193139218891064,0.07170113251631538,0.02,0.09035332994344702
broad,1.52,0.07170489813743597,0.02994256703961895,0.04176233109781701,0.07173460631918671,0.02,0.08997641162605209
broad,1.522,0.07157532019661546,0.029981368560901722,0.041593951635713736,0.07174549240745547,0.02,0.08960113306019013
broad,1.524,0.07144641958452962,0.030020168530154767,0.04142625105437485,0.07146656775669179,0.02,0.089227486551372
broad,1.526,0.07131819356409486,0.030058966947440036,0.041259226616654814,0.0708330538871153,0.02,0.08885546444588908
broad,1.528,0.07119063940926355,0.0300977638128197,0.041092875596443854,0.07150698193650197,0.02,0.08848505913055868
broad,1.53,0.0710637544049792,0.03013655912635571,0.04092719527862348,0.07098537050190322,0.02,0.08811626303247103
broad,1.532,0.07093753584713237,0.03017535288811024,0.040762182959022134,0.07048487964512437,0.02,0.0877490686187385
broad,1.534,0.07081198104251643,0.03021414509814535,0.04059783594437107,0.07016661728535853,0.02,0.08738346839624649
broad,1.536,0.07068708730878351,0.030252935756523103,0.04043415155226041,0.06974330467560869,0.02,0.08701945491140614
broad,1.538,0.07056285197440079,0.030291724863305447,0.04027112711109535,0.0707507300422077,0.02,0.08665702074990911
broad,1.54,0.07043927237860721,0.030330512418554667,0.040108759960052545,0.07049007178199233,0.02,0.08629615853648397
broad,1.542,0.07031634587136942,0.030369298422332713,0.0399470474490367,0.0705340885323756,0.02,0.08593686093465434
broad,1.544,0.07019406981333884,0.030408082874701536,0.03978598693863731,0.07117822141769976,0.02,0.08557912064649913
broad,1.546,0.070072441575809,0.03044686577572342,0.03962557580008557,0.06943568178059893,0.02,0.08522293041241427
broad,1.548,0.06995145854067168,0.030485647125460202,0.03946581141521148,0.06962893605491907,0.02,0.08486828301087626
broad,1.55,0.06983111810037515,0.030524426923974057,0.03930669117640109,0.06952109205533147,0.02,0.08451517125820751
broad,1.552,0.06971141765788096,0.030563205171326935,0.03914821248655402,0.07006954922832316,0.02,0.08416358800834349
broad,1.554,0.06959235462662194,0.030601981867581007,0.03899037275904093,0.06945863057225089,0.02,0.08381352615260135
broad,1.556,0.06947392643045966,0.030640757012798225,0.03883316941766144,0.07006419488954194,0.02,0.08346497861945049
broad,1.558,0.06935613050364264,0.03067953060704065,0.03867659989660199,0.06975484163418134,0.02,0.08311793837428459
broad,1.56,0.06923896429076437,0.030718302650370344,0.03852066164039402,0.06878775803267197,0.02,0.08277239841919566
broad,1.562,0.0691224252467216,0.030757073142849367,0.03836535210387223,0.06923716680462585,0.02,0.08242835179274922
broad,1.564,0.06900651083667259,0.03079584208453956,0.03821066875213302,0.0691398051643091,0.02,0.08208579156976165
broad,1.566,0.06889121853599639,0.030834609475503205,0.038056609060493185,0.0684176675265459,0.02,0.08174471086107879
broad,1.568,0.06877654583025088,0.030873375315802254,0.03790317051444862,0.06873805191894344,0.02,0.08140510281335633
broad,1.57,0.06866249021513203,0.030912139605498656,0.037750350609633374,0.06945453478700216,0.02,0.08106696060884183
broad,1.572,0.06854904919643315,0.030950902344654474,0.03759814685177867,0.06833040926414599,0.02,0.08073027746515817
broad,1.574,0.06843622029000404,0.030989663533331768,0.03744655675667228,0.0679897141644969,0.02,0.08039504663508862
broad,1.576,0.06832400102171043,0.03102842317159249,0.03729557785011795,0.06790531477997017,0.02,0.08006126140636373
broad,1.578,0.0682123889273937,0.0310671812594987,0.037145207667895,0.0677571548494901,0.02,0.07972891510144922
broad,1.58,0.06810138155283049,0.03110593779711235,0.036995443755718144,0.06854956513581442,0.02,0.079398001077336
broad,1.582,0.06799097645369298,0.03114469278449561,0.036846283669197365,0.06834516589804414,0.02,0.07906851272533125
broad,1.584,0.0678811711955084,0.03118344622171032,0.036697724973798085,0.06796222117341466,0.02,0.07874044347085128
broad,1.586,0.06777196335361996,0.031222198108818544,0.03654976524480142,0.06740383667786194,0.02,0.0784137867732158
broad,1.588,0.06766335051314679,0.03126094844588223,0.03640240206726456,0.06843352786831523,0.02,0.07808853612544354
broad,1.59,0.06755533026894495,0.03129969723296355,0.0362556330359814,0.06755600088507654,0.02,0.07776468505404961
broad,1.592,0.06744790022556763,0.03133844447012435,0.03610945575544327,0.06758191445526292,0.02,0.07744222711884408
broad,1.594,0.06734105799722637,0.03137719015742657,0.035963867839799796,0.06721388213406335,0.02,0.07712115591273201
broad,1.596,0.06723480120775244,0.03141593429493239,0.03581886691282004,0.06762311417357006,0.02,0.0768014650615152
broad,1.598,0.06712912749055731,0.03145467688270365,0.03567445060785367,0.06740096818816108,0.02,0.07648314822369494
broad,1.6,0.06702403448859467,0.0314934179208024,0.03553061656779227,0.06733659860956842,0.02,0.0761661990902764
broad,1.602,0.06691951985432164,0.031532157409290607,0.03538736244503103,0.06695321433424313,0.02,0.07585061138457454
broad,1.604,0.06681558124966057,0.03157089534823032,0.03524468590143025,0.06723618449966422,0.02,0.075536378862021
broad,1.606,0.06671221634596078,0.0316096317376835,0.03510258460827729,0.06724128354331334,0.02,0.07522349530997285
broad,1.608,0.06660942282396051,0.03164836657771197,0.03496105624624854,0.0665994036610071,0.02,0.0749119545475223
broad,1.61,0.06650719837374945,0.03168709986837792,0.03482009850537153,0.06657419313553743,0.02,0.07460175042530796
broad,1.612,0.06640554069473047,0.03172583160974318,0.034679709084987284,0.06637487318940079,0.02,0.07429287682532744
broad,1.614,0.06630444749558254,0.03176456180186982,0.03453988569371271,0.06629594243183223,0.02,0.07398532766075118
broad,1.616,0.06620391649422291,0.031803290444819665,0.034400626049403256,0.0652927681690999,0.02,0.07367909687573759
broad,1.618,0.0661039454177704,0.03184201753865479,0.034261927879115604,0.06624797095215011,0.02,0.07337417844524974
broad,1.62,0.06600453200250786,0.031880743083437246,0.03412378891907061,0.06666774407178713,0.02,0.07307056637487291
broad,1.622,0.06590567399384517,0.03191946707922877,0.033986206914616394,0.06530218635214188,0.02,0.07276825470063386
broad,1.624,0.06580736914628295,0.03195818952609153,0.03384917962019142,0.06568161167461914,0.02,0.07246723748882103
broad,1.6260000000000001,0.06570961522337533,0.031996910424087366,0.033712704799287965,0.06592311510739902,0.02,0.0721675088358063
broad,1.6280000000000001,0.06561240999769383,0.03203562977327823,0.03357678022441559,0.06594678340922298,0.02,0.07186906286786775
broad,1.6300000000000001,0.06551575125079087,0.03207434757372618,0.03344140367706469,0.06540644536817138,0.02,0.07157189374101368
broad,1.6320000000000001,0.06541963677316351,0.03211306382549306,0.03330657294767045,0.06557647288899451,0.02,0.07127599564080815
broad,1.6340000000000001,0.06532406436421744,0.03215177852864082,0.03317228583557662,0.0657251625682763,0.02,0.07098136278219737
broad,1.6360000000000001,0.0652290318322311,0.032190491683231404,0.03303854014899969,0.06521326007587312,0.02,0.07068798940933747
broad,1.6380000000000001,0.06513453699431987,0.03222920328932677,0.0329053337049931,0.06562679154564775,0.02,0.07039586979542355
broad,1.6400000000000001,0.06504057767640045,0.032267913346988863,0.032772664329411595,0.06498094481357028,0.02,0.07010499824251971
broad,1.6420000000000001,0.06494715171315538,0.03230662185627964,0.032640529856875745,0.06490997143408964,0.02,0.0698153690813905
broad,1.6440000000000001,0.06485425694799765,0.03234532881726104,0.032508928130736615,0.06431252939471917,0.02,0.06952697667133333
broad,1.6460000000000001,0.06476189123303547,0.03238403422999492,0.03237785700304055,0.06441109327682629,0.02,0.06923981540001213
broad,1.6480000000000001,0.06467005242903734,0.03242273809454321,0.03224731433449412,0.06464276322033694,0.02,0.06895387968329228
broad,1.6500000000000001,0.06457873840539718,0.03246144041096799,0.032117297994429195,0.0644198820517077,0.02,0.06866916396507639
broad,1.6520000000000001,0.06448794704009919,0.03250014117933098,0.03198780586076822,0.06452155011222818,0.02,0.06838566271714154
broad,1.6540000000000001,0.06439767621968373,0.032538840399694235,0.03185883581998949,0.06456792469361941,0.02,0.06810337043897743
broad,1.6560000000000001,0.06430792383921245,0.032577538072119716,0.031730385767092736,0.06403781236171775,0.02,0.06782228165762567
broad,1.6580000000000001,0.06421868780223386,0.03261623419666915,0.03160245360556472,0.06407210910725829,0.02,0.06754239092752029
broad,1.6600000000000001,0.06412996602074962,0.03265492877340459,0.03147503724734503,0.06372373024002108,0.02,0.06726369283032922
broad,1.6620000000000001,0.0640417564151799,0.032693621802387884,0.03134813461279201,0.06395452242748295,0.02,0.06698618197479687
broad,1.6640000000000001,0.06395405691432988,0.03273231328368109,0.031221743630648797,0.0634491422575278,0.02,0.06670985299658796
broad,1.666,0.06386686545535539,0.03277100321734583,0.031095862238009555,0.0635088901706177,0.02,0.06643470055813216
broad,1.668,0.06378017998372998,0.03280969160344427,0.030970488380285714,0.06322171962437088,0.02,0.06616071934846988
broad,1.67,0.0636939984532108,0.03284837844203825,0.030845620011172553,0.06322013963155128,0.02,0.06588790408309933
broad,1.672,0.06360831882580523,0.0328870637331895,0.030721255092615727,0.06303250653729862,0.02,0.06561624950382429
broad,1.674,0.0635231390717382,0.0329257474769602,0.030597391594778013,0.06338531660891143,0.02,0.06534575037860313
broad,1.676,0.06343845716941827,0.032964429673412066,0.030474027496006213,0.06306572229874874,0.02,0.06507640150139878
broad,1.678,0.06335427110540504,0.03300311032260694,0.030351160782798096,0.06325411053646493,0.02,0.06480819769202972
broad,1.68,0.06327057887437648,0.03304178942460689,0.03022878944976959,0.06285400197025072,0.02,0.06454113379602208
broad,1.682,0.06318737847909568,0.033080466979473644,0.03010691149962204,0.06355110125658386,0.02,0.06427520468446256
broad,1.684,0.06310466793037872,0.033119142987269146,0.029985524943109576,0.06307804996624489,0.02,0.06401040525385249
broad,1.686,0.06302244524706194,0.03315781744805524,0.029864627799006692,0.06263264167719364,0.02,0.06374673042596284
broad,1.688,0.06294070845596975,0.03319649036189387,0.029744218094075875,0.062497807947122695,0.02,0.06348417514769024
broad,1.69,0.06285945559188229,0.033235161728846885,0.029624293863035406,0.06253397187310854,0.02,0.06322273439091383
broad,1.692,0.06277868469750353,0.03327383154897623,0.029504853148527303,0.06275136161065317,0.02,0.0629624031523533
broad,1.694,0.06269839382342898,0.03331249982234363,0.029385894001085343,0.06343426016634846,0.02,0.06270317645342766
broad,1.696,0.06261858102811432,0.033351166549011046,0.02926741447910327,0.06296715154400521,0.02,0.06244504934011513
broad,1.698,0.06253924437784339,0.03338983172904031,0.029149412648803073,0.06206447053782319,0.02,0.0621880168828139
broad,1.7,0.06246038194669684,0.03342849536249337,0.02903188658420347,0.06202532232639202,0.02,0.06193207417620379
broad,1.702,0.062381991816520405,0.03346715744943196,0.028914834367088447,0.06253476547286124,0.02,0.06167721633910894
broad,1.704,0.062304072076893945,0.03350581798991803,0.028798254086975915,0.06199057397156379,0.02,0.06142343851436126
broad,1.706,0.06222662082510001,0.033544476984013416,0.0286821438410866,0.06281931264907298,0.02,0.061170735868664956
broad,1.708,0.0621496361660929,0.03358313443177996,0.028566501734312938,0.06277631494980793,0.02,0.06091910359246191
broad,1.71,0.06207311621246764,0.0336217903332795,0.028451325879188142,0.06167109221716392,0.02,0.060668536899797815
broad,1.712,0.061997059084429304,0.033660444688573876,0.028336614395855424,0.062010160504131245,0.02,0.060419031028189484
broad,1.714,0.06192146290976222,0.03369909749772493,0.028222365412037292,0.06201318508376251,0.02,0.06017058123849275
broad,1.716,0.06184632582379959,0.033737748760794606,0.028108577063004986,0.061969588596868026,0.02,0.059923182814771436
broad,1.718,0.06177164596939282,0.03377639847784475,0.027995247491548074,0.06103346780873412,0.02,0.05967683106416714
broad,1.72,0.06169742149688119,0.033815046648937086,0.027882374847944102,0.06188172496754311,0.02,0.059431521316769834
broad,1.722,0.06162365056406188,0.033853693274133456,0.02776995728992843,0.062297054065825024,0.02,0.059187248925489364
broad,1.724,0.061550331336159836,0.0338923383534957,0.027657992982664137,0.061243693420374085,0.02,0.058944009265927806
broad,1.726,0.06147746198579787,0.033930981887085765,0.027546480098712106,0.061852048559140275,0.02,0.058701797736252684
broad,1.728,0.06140504069296655,0.03396962387496538,0.02743541681800117,0.06166497762303237,0.02,0.058460609757070923
broad,1.73,0.06133306564499483,0.03400826431719639,0.027324801327798433,0.061248077753986566,0.02,0.058220440771303776
broad,1.732,0.06126153503652027,0.03404690321384063,0.027214631822679643,0.06113003164748693,0.02,0.05798128624406243
broad,1.734,0.061190447069459586,0.034085540564959826,0.027104906504499763,0.061395850439838195,0.02,0.05774314166252454
broad,1.736,0.06111979995297964,0.034124176370616044,0.0269956235823636,0.06120206694280796,0.02,0.05750600253581155
broad,1.738,0.061049591903467385,0.03416281063087079,0.0268867812725966,0.06127890771881437,0.02,0.05726986439486673
broad,1.74,0.0609798211445018,0.03420144334578612,0.026778377798715683,0.061311912478859934,0.02,0.05703472279233414
broad,1.742,0.06091048590682409,0.03424007451542377,0.026670411391400316,0.060435708464515556,0.02,0.05680057330243834
broad,1.744,0.06084158442830906,0.03427870413984546,0.026562880288463594,0.06096207912367925,0.02,0.05656741152086478
broad,1.746,0.06077311495393661,0.03431733221911315,0.026455782734823467,0.0609913972366713,0.02,0.05633523306464119
broad,1.748,0.06070507573576269,0.03435595875328856,0.02634911698247413,0.06032687703811155,0.02,0.05610403357201947
broad,1.75,0.06063746503289101,0.03439458374243354,0.026242881290457477,0.060261905631515456,0.02,0.05587380870235867
broad,1.752,0.060570281111444475,0.034433207186609804,0.02613707392483467,0.06014146296356429,0.02,0.055644554136008356
broad,1.754,0.06050352224453707,0.0344718290858792,0.026031693158657866,0.0597255405022548,0.02,0.0554162655741931
broad,1.756,0.060437186712245586,0.03451044944030357,0.025926737271942016,0.060281709861911816,0.02,0.055188938738897464
broad,1.758,0.06037127280158132,0.034549068249944526,0.02582220455163679,0.06055893080887712,0.02,0.05496256937275182
broad,1.76,0.06030577880646274,0.03458768551486413,0.02571809329159861,0.06092322740171097,0.02,0.054737153238918916
broad,1.762,0.06024070302768683,0.034626301235124,0.025614401792562826,0.06059062224262233,0.02,0.05451268612098119
broad,1.764,0.06017604377290184,0.03466491541078587,0.025511128362115974,0.060647359197639264,0.02,0.05428916382282873
broad,1.766,0.060111799356579815,0.03470352804191168,0.025408271314668135,0.05984232965276186,0.02,0.054066582168548066
broad,1.768,0.060047968099988594,0.034742139128563165,0.02530582897142543,0.059665372555659325,0.02,0.05384493700231156
broad,1.77,0.0599845483311647,0.03478074867080205,0.025203799660362645,0.06107402431342912,0.02,0.05362422418826764
broad,1.772,0.05992153838488599,0.03481935666869007,0.025102181716195916,0.0601096194998017,0.02,0.05340443961043164
broad,1.774,0.0598589366026446,0.03485796312228906,0.02500097348035554,0.05967502288273202,0.02,0.05318557917257732
broad,1.776,0.059796741332619786,0.03489656803166086,0.02490017330095893,0.05936061510308928,0.02,0.052967638798129234
broad,1.778,0.05973495092965084,0.03493517139686719,0.02479977953278364,0.05956419232069953,0.02,0.052750614430055576
broad,1.78,0.059673563755210206,0.034973773217969684,0.024699790537240522,0.05926871127855614,0.02,0.05253450203076194
broad,1.782,0.05961257817737724,0.03501237349503028,0.02460020468234696,0.06016862096518676,0.02,0.052319297581985495
broad,1.784,0.059551992570810966,0.03505097222811071,0.024501020342700255,0.05973640444071538,0.02,0.0521049970846901
broad,1.786,0.059491805316723684,0.03508956941727259,0.024402235899451088,0.05886589125572404,0.02,0.05189159655896191
broad,1.788,0.05943201480285497,0.035128165062577876,0.024303849740277092,0.059823164296007945,0.02,0.051679092043905694
broad,1.79,0.05937261942344474,0.03516675916408818,0.024205860259356556,0.059286350091165556,0.02,0.051467479597541874
broad,1.792,0.05931361757920753,0.03520535172186534,0.024108265857342187,0.059462689111611795,0.02,0.05125675529670411
broad,1.794,0.05925500767730612,0.03524394273597109,0.02401106494133503,0.05896732157982873,0.02,0.051046915236937586
broad,1.796,0.05919678813132549,0.03528253220646704,0.023914255924858453,0.0595152201285557,0.02,0.05083795553239802
broad,1.798,0.05913895736124741,0.03532112013341515,0.023817837227832265,0.059158381988958744,0.02,0.05062987231575113
broad,1.8,0.05908151379342384,0.03535970651687692,0.023721807276546925,0.05936653290399006,0.02,0.05042266173807295
broad,1.802,0.05902445586055213,0.0353982913569143,0.023626164503637834,0.05868793867261359,0.02,0.050216319968750554
broad,1.804,0.05896778200164883,0.03543687465358902,0.023530907348059803,0.0589914740525404,0.02,0.05001084319538363
broad,1.806,0.05891149066202411,0.03547545640696259,0.023436034255061522,0.05945986978592693,0.02,0.0498062276236865
broad,1.808,0.05885558029325727,0.03551403661709707,0.023341543676160204,0.0592548109165687,0.02,0.049602469477390825
broad,1.81,0.05880004935317017,0.035552615284053846,0.023247434069116325,0.058908686451937545,0.02,0.049399564998148945
broad,1.812,0.058744896305803304,0.03559119240789488,0.02315370389790843,0.05847181011927166,0.02,0.04919751044543777
broad,1.814,0.058690119621389855,0.03562976798868178,0.023060351632708077,0.05880469048366494,0.02,0.04899630209646334
broad,1.816,0.05863571777633125,0.035668342026476396,0.02296737574985486,0.058822901551879005,0.02,0.048795936246065895
broad,1.818,0.05858168925317178,0.03570691452134023,0.022874774731831554,0.05870450235091458,0.02,0.048596409206625626
broad,1.82,0.05852803254057454,0.035745485473335226,0.022782547067239315,0.058536768192400314,0.02,0.04839771730796897
broad,1.822,0.05847474613329595,0.0357840548825229,0.022690691250773058,0.0586088485261805,0.02,0.04819985689727549
broad,1.824,0.05842182853216203,0.035822622748965194,0.022599205783196834,0.05845026620276803,0.02,0.04800282433898537
broad,1.826,0.05836927824404304,0.03586118907272362,0.02250808917131942,0.05824250758279355,0.02,0.047806616014707426
broad,1.828,0.058317093781829796,0.035899753853859906,0.022417339927969893,0.058760862622126944,0.02,0.04761122832312774
broad,1.83,0.05826527366440928,0.03593831709243589,0.022326956571973387,0.05877136024100636,0.02,0.047416657679918865
broad,1.832,0.05821381641664,0.03597687878851308,0.02223693762812692,0.05829136626764743,0.02,0.04722290051764955
broad,1.834,0.058162720569328606,0.03601543894215331,0.022147281627175296,0.05798427414911272,0.02,0.04702995328569505
broad,1.836,0.058111984659205446,0.036053997553418315,0.02205798710578713,0.05791327291983027,0.02,0.046837812450148
broad,1.838,0.058061607228900594,0.0360925546223696,0.02196905260653099,0.05809618084340811,0.02,0.046646474493729856
broad,1.84,0.05801158682692069,0.03613111014906911,0.021880476677851576,0.05737747283465832,0.02,0.04645593591570281
broad,1.842,0.057961922007624296,0.03616966413357825,0.021792257874046046,0.05818083891329316,0.02,0.04626619323178234
broad,1.844,0.057912611331199376,0.03620821657595896,0.021704394755240414,0.058000329777573786,0.02,0.04607724297405024
broad,1.846,0.0578636533636388,0.036246767476272757,0.021616885887366044,0.05818085129520338,0.02,0.04588908169086819
broad,1.848,0.05781504667671762,0.03628531683458136,0.021529729842136257,0.05774463563329752,0.02,0.04570170594679192
broad,1.85,0.05776678984796953,0.0363238646509465,0.02144292519702302,0.05753727008456158,0.02,0.045515112322485805
broad,1.852,0.057718881460663604,0.03636241092542991,0.021356470535233693,0.057469294931874804,0.02,0.045329297414638044
broad,1.854,0.05767132010378105,0.03640095565809309,0.021270364445687962,0.057523250501569055,0.02,0.045144257835876375
broad,1.856,0.057624104371992536,0.036439498848997776,0.02118460552299476,0.057139593056228566,0.02,0.04495999021468425
broad,1.858,0.05757723286563504,0.03647804049820569,0.021099192367429354,0.057653589427124535,0.02,0.04477649119531756
broad,1.86,0.057530704190688925,0.03651658060577845,0.02101412358491048,0.05754263309977618,0.02,0.04459375743772188
broad,1.862,0.0574845169587554,0.036555119171777783,0.020929397786977617,0.0575629522531854,0.02,0.044411785617450156
broad,1.864,0.05743866978703361,0.03659365619626531,0.020845013590768298,0.057088045357977256,0.02,0.04423057242558102
broad,1.866,0.057393161298298204,0.03663219167930265,0.02076096961899555,0.05793038800547919,0.02,0.04405011456863742
broad,1.868,0.05734799012087695,0.03667072562095153,0.020677264499925425,0.05704330042583175,0.02,0.04387040876850596
broad,1.87,0.05730315488862814,0.03670925802127356,0.02059389686735458,0.05699359483725622,0.02,0.043691451762356504
broad,1.872,0.05725865424091839,0.03674778888033037,0.020510865360588024,0.05739439940701692,0.02,0.04351324030256247
broad,1.874,0.057214486822600545,0.036786318198183676,0.02042816862441687,0.05685761363382967,0.02,0.043335771156621496
broad,1.8760000000000001,0.05717065128399135,0.036824845974895104,0.02034580530909624,0.057501840653402414,0.02,0.0431590411070766
broad,1.8780000000000001,0.05712714628084936,0.03686337221052616,0.020263774070323204,0.05746937611334095,0.02,0.042983046951437814
broad,1.8800000000000001,0.057083970474353665,0.03690189690513879,0.02018207356921488,0.05668939143868942,0.02,0.04280778550210435
broad,1.8820000000000001,0.05704112253108094,0.03694042005879439,0.020100702472286555,0.0570694376027971,0.02,0.04263325358628717
broad,1.8840000000000001,0.05699860112298451,0.03697894167155458,0.020019659451429934,0.05691555679213301,0.02,0.04245944804593203
broad,1.8860000000000001,0.05695640492737263,0.037017461743481195,0.019938943183891437,0.0565246141258971,0.02,0.04228636573764305
broad,1.8880000000000001,0.05691453262688629,0.037055980274635636,0.019858552352250654,0.056546523379383595,0.02,0.04211400353260666
broad,1.8900000000000001,0.05687298290947853,0.03709449726507974,0.01977848564439879,0.056034052987291194,0.02,0.04194235831651602
broad,1.8920000000000001,0.05683175446839231,0.03713301271487501,0.019698741753517296,0.05663947824663256,0.02,0.041771426989496
broad,1.8940000000000001,0.05679084600213958,0.03717152662408307,0.019619319378056506,0.056733832301950435,0.02,0.041601206466028454
broad,1.8960000000000001,0.05675025621448007,0.03721003899276565,0.01954021722171442,0.056399554891968066,0.02,0.04143169367487801
broad,1.8980000000000001,0.05670998381439977,0.037248549820984245,0.019461433993415524,0.056698897539264236,0.02,0.041262885559018414
broad,1.9000000000000001,0.05667002751609021,0.03728705910880048,0.01938296840728973,0.056881377780401296,0.02,0.04109477907555904
broad,1.9020000000000001,0.05663038603892746,0.03732556685627608,0.019304819182651384,0.0563541360434783,0.02,0.04092737119567216
broad,1.9040000000000001,0.05659105810745092,0.03736407306347256,0.019226985043978368,0.05610994745908595,0.02,0.040760658904520436
broad,1.9060000000000001,0.05655204245134281,0.037402577730451525,0.01914946472089128,0.05614381483202216,0.02,0.04059463920118491
broad,1.9080000000000001,0.05651333780540729,0.0374410808572746,0.01907225694813269,0.05652302906769494,0.02,0.040429309098593415
broad,1.9100000000000001,0.056474942909549894,0.0374795824440034,0.018995360465546497,0.056731726351133556,0.02,0.04026466562344942
broad,1.9120000000000001,0.05643685650875702,0.037518082490699656,0.018918774018057367,0.05684972831595203,0.02,0.040100705816161306
broad,1.9140000000000001,0.056399077353075006,0.03755658099742476,0.018842496355650242,0.05686747684048059,0.02,0.039937426730772066
broad,1.9160000000000001,0.05636160419759026,0.03759507796424033,0.01876652623334993,0.05639394260864308,0.02,0.03977482543488933
broad,1.9180000000000001,0.056324435802408895,0.0376335733912081,0.018690862411200795,0.05657902297692738,0.02,0.039612899009616016
broad,1.92,0.056287570932636095,0.037672067278389565,0.01861550365424653,0.05668120988161744,0.02,0.03945164454948113
broad,1.922,0.05625100835835631,0.03771055962584635,0.018540448732509953,0.05571773593765305,0.02,0.03929105916237111
broad,1.924,0.05621474685461307,0.037749050433640075,0.018465696420973,0.056631115205301084,0.02,0.03913113996946172
broad,1.926,0.05617878520138893,0.03778753970183224,0.018391245499556685,0.05614651218331911,0.02,0.03897188410515001
broad,1.928,0.05614312218358566,0.037826027430484466,0.01831709475310119,0.057245442896299466,0.02,0.03881328871698697
broad,1.93,0.05610775659100431,0.03786451361965826,0.018243242971346052,0.056649500645555316,0.02,0.038655350965610416
broad,1.932,0.05607268721832573,0.037902998269415344,0.01816968894891038,0.05560932600142562,0.02,0.03849806802467838
broad,1.934,0.05603791286509045,0.03794148137981723,0.018096431485273224,0.0559968912560367,0.02,0.03834143708080282
broad,1.936,0.05600343233567946,0.03797996295092554,0.018023469384753923,0.05588451707452778,0.02,0.03818545533348371
broad,1.938,0.05596924443929431,0.03801844298280166,0.01795080145649265,0.05604836828970747,0.02,0.0380301199950436
broad,1.94,0.055935347989938364,0.03805692147550743,0.01787842651443093,0.05614908025159864,0.02,0.037875428290562424
broad,1.942,0.05590174180639644,0.038095398429104144,0.0178063433772923,0.05589198008687691,0.02,0.03772137745781288
broad,1.944,0.05586842471221666,0.03813387384365363,0.01773455086856303,0.055886825632221644,0.02,0.03756796474719599
broad,1.946,0.0558353955356901,0.03817234771921718,0.017663047816472915,0.056384770066056925,0.02,0.03741518742167715
broad,1.948,0.05580265310983279,0.03821082005585663,0.017591833053976155,0.055426635459312146,0.02,0.03726304275672256
broad,1.95,0.05577019627236557,0.038249290853633267,0.0175209054187323,0.05512659939792234,0.02,0.03711152804023595
broad,1.952,0.055738023865696096,0.038287760112608815,0.01745026375308728,0.055768464683581785,0.02,0.03696064057249575
broad,1.954,0.0557061347368993,0.038326227832844784,0.01737990690405452,0.05557159606299036,0.02,0.03681037766609254
broad,1.956,0.05567452773769879,0.03836469401440268,0.017309833723296118,0.055857794271245965,0.02,0.036660736645867026
broad,1.958,0.0556432017244482,0.038403158657344116,0.017240043067104083,0.055941782672278825,0.02,0.03651171484884815
broad,1.96,0.05561215555811229,0.038441621761730604,0.017170533796381688,0.05498493978067657,0.02,0.03636330962419173
broad,1.962,0.05558138810424865,0.03848008332762376,0.017101304776624887,0.05522530538631469,0.02,0.036215518333119416
broad,1.964,0.05555089823298875,0.03851854335508498,0.01703235487790377,0.05558395934092511,0.02,0.036068338348857955
broad,1.966,0.05552068481902002,0.038557001844175876,0.01696368297484414,0.05571636758557712,0.02,0.035921767056578846
broad,1.968,0.05549074674156709,0.03859545879495796,0.016895287946609137,0.05616043571085427,0.02,0.03577580185333836
broad,1.97,0.05546108288437368,0.03863391420749274,0.016827168676880947,0.05441615413431772,0.02,0.035630440148017826
broad,1.972,0.05543169213568442,0.038672368081841824,0.016759324053842596,0.055450503180445324,0.02,0.03548567936126441
broad,1.974,0.055402573388226496,0.03871082041806673,0.01669175297015977,0.05539471039576524,0.02,0.03534151692543203
broad,1.976,0.05537372553919161,0.03874927121622884,0.016624454322962768,0.05491858883787318,0.02,0.03519795028452282
broad,1.978,0.055345147490218405,0.0387877204763899,0.016557427013828507,0.055411962943420164,0.02,0.03505497689412877
broad,1.98,0.05531683814737384,0.03882616819861129,0.016490669948762558,0.055347052259352734,0.02,0.034912594221373786
broad,1.982,0.05528879642113585,0.03886461438295452,0.01642418203818133,0.05527319596137575,0.02,0.034770799744856085
broad,1.984,0.05526102122637536,0.0389030590294811,0.01635796219689426,0.05522262522163005,0.02,0.03462959095459087
broad,1.986,0.05523351148233878,0.03894150213825265,0.01629200934408613,0.055347464759226396,0.02,0.034488965351953366
broad,1.988,0.055206266112629944,0.038979943709330556,0.01622632240329939,0.05472563407147315,0.02,0.03434892044962217
broad,1.99,0.05517928404519304,0.03901838374277644,0.016160900302416598,0.05527937964380494,0.02,0.03420945377152296
broad,1.992,0.05515256421229465,0.0390568222386517,0.016095741973642948,0.05472245670905776,0.02,0.03407056285277245
broad,1.994,0.05512610555050665,0.03909525919701784,0.016030846353488813,0.05526231760353077,0.02,0.033932245239622745
broad,1.996,0.055099907000688765,0.039133694617936365,0.0159662123827524,0.05510079180971549,0.02,0.03379449848940599
broad,1.998,0.055073967507971354,0.039172128501468895,0.01590183900650246,0.05500508147761952,0.02,0.03365732017047928
broad,2.0,0.05504828602173788,0.03921056084767682,0.015837725174061054,0.055042690624241206,0.02,0.03352070786216995
